tld_label,tld,idn_unicode,source_tld_type,source_country_or_territory,source_region_bucket,mapped_tld_class,mapped_country_or_territory,mapped_continent,mapped_region_bucket,mapping_basis,mapping_note,observed_windows,window_unique_fqdn_sum,domain_occurrences,window_unique_fqdn_share_pct,occurrence_share_pct
.com,com,,global_gTLD,Global .com,Global .com,global_gTLD,Global,Global,Global/non-regional TLD,default_non_geographic_tld,Non-ccTLD and not in curated geographic gTLD overrides.,168,162059743,500568383,44.226,41.869
.dev,dev,,gTLD_or_unknown,,Other gTLD/unknown,global_gTLD,Global,Global,Global/non-regional TLD,default_non_geographic_tld,Non-ccTLD and not in curated geographic gTLD overrides.,168,33119036,152063984,9.038,12.719
.net,net,,gTLD_or_unknown,,Other gTLD/unknown,global_gTLD,Global,Global,Global/non-regional TLD,default_non_geographic_tld,Non-ccTLD and not in curated geographic gTLD overrides.,168,20497416,57936971,5.594,4.846
.io,io,,ccTLD,British Indian Ocean Territory,Asia ccTLD,globalized_ccTLD,British Indian Ocean Territory,Global,Global/non-regional TLD,google_search_generic_cctld_list,Formal ccTLD treated as generic for geographic analysis; list checked 2026-08-18.,168,11435795,35142837,3.121,2.94
.org,org,,gTLD_or_unknown,,Other gTLD/unknown,global_gTLD,Global,Global,Global/non-regional TLD,default_non_geographic_tld,Non-ccTLD and not in curated geographic gTLD overrides.,168,10341606,31191559,2.822,2.609
.de,de,,ccTLD,Germany,Europe ccTLD,ccTLD,Germany,Europe,Europe ccTLD/geographic TLD,existing_iso_cctld_mapping,,168,8232387,26414623,2.247,2.209
.uk,uk,,ccTLD,United Kingdom,Europe ccTLD,ccTLD,United Kingdom,Europe,Europe ccTLD/geographic TLD,existing_iso_cctld_mapping,,168,5053595,15637092,1.379,1.308
.br,br,,ccTLD,Brazil,Americas ccTLD,ccTLD,Brazil,Americas,Americas ccTLD/geographic TLD,existing_iso_cctld_mapping,,168,4328130,13960643,1.181,1.168
.cn,cn,,ccTLD,China,Asia ccTLD,ccTLD,China,Asia,Asia ccTLD/geographic TLD,existing_iso_cctld_mapping,,168,4099183,14798420,1.119,1.238
.me,me,,ccTLD,Montenegro,Europe ccTLD,globalized_ccTLD,Montenegro,Global,Global/non-regional TLD,google_search_generic_cctld_list,Formal ccTLD treated as generic for geographic analysis; list checked 2026-08-18.,168,4066906,12681340,1.11,1.061
.ru,ru,,ccTLD,Russia,Other ccTLD/territory,ccTLD,Russia,Europe,Europe ccTLD/geographic TLD,existing_iso_cctld_mapping,,168,3980500,11546403,1.086,0.966
.cloud,cloud,,gTLD_or_unknown,,Other gTLD/unknown,global_gTLD,Global,Global,Global/non-regional TLD,default_non_geographic_tld,Non-ccTLD and not in curated geographic gTLD overrides.,168,3289814,8375153,0.898,0.7
.nl,nl,,ccTLD,Netherlands,Europe ccTLD,ccTLD,Netherlands,Europe,Europe ccTLD/geographic TLD,existing_iso_cctld_mapping,,168,3253154,9882052,0.888,0.827
.xyz,xyz,,gTLD_or_unknown,,Other gTLD/unknown,global_gTLD,Global,Global,Global/non-regional TLD,default_non_geographic_tld,Non-ccTLD and not in curated geographic gTLD overrides.,168,3159351,9894351,0.862,0.828
.fr,fr,,ccTLD,France,Europe ccTLD,ccTLD,France,Europe,Europe ccTLD/geographic TLD,existing_iso_cctld_mapping,,168,2996254,8954957,0.818,0.749
.top,top,,gTLD_or_unknown,,Other gTLD/unknown,global_gTLD,Global,Global,Global/non-regional TLD,default_non_geographic_tld,Non-ccTLD and not in curated geographic gTLD overrides.,168,2875302,10054025,0.785,0.841
.au,au,,ccTLD,Australia,Oceania ccTLD,ccTLD,Australia,Oceania,Oceania ccTLD/geographic TLD,existing_iso_cctld_mapping,,168,2746115,8191987,0.749,0.685
.eu,eu,,ccTLD,European Union,Europe ccTLD,ccTLD,European Union,Europe,Europe ccTLD/geographic TLD,existing_iso_cctld_mapping,,168,2722539,11431700,0.743,0.956
.in,in,,ccTLD,India,Asia ccTLD,ccTLD,India,Asia,Asia ccTLD/geographic TLD,existing_iso_cctld_mapping,,168,2599444,7834956,0.709,0.655
.info,info,,gTLD_or_unknown,,Other gTLD/unknown,global_gTLD,Global,Global,Global/non-regional TLD,default_non_geographic_tld,Non-ccTLD and not in curated geographic gTLD overrides.,168,2489266,8572104,0.679,0.717
.co,co,,ccTLD,Colombia,Americas ccTLD,globalized_ccTLD,Colombia,Global,Global/non-regional TLD,google_search_generic_cctld_list,Formal ccTLD treated as generic for geographic analysis; list checked 2026-08-18.,168,2348515,7270090,0.641,0.608
.online,online,,gTLD_or_unknown,,Other gTLD/unknown,global_gTLD,Global,Global,Global/non-regional TLD,default_non_geographic_tld,Non-ccTLD and not in curated geographic gTLD overrides.,168,2296365,6776943,0.627,0.567
.it,it,,ccTLD,Italy,Europe ccTLD,ccTLD,Italy,Europe,Europe ccTLD/geographic TLD,existing_iso_cctld_mapping,,168,2274554,7710746,0.621,0.645
.site,site,,gTLD_or_unknown,,Other gTLD/unknown,global_gTLD,Global,Global,Global/non-regional TLD,default_non_geographic_tld,Non-ccTLD and not in curated geographic gTLD overrides.,168,2188916,6769694,0.597,0.566
.shop,shop,,gTLD_or_unknown,,Other gTLD/unknown,global_gTLD,Global,Global,Global/non-regional TLD,default_non_geographic_tld,Non-ccTLD and not in curated geographic gTLD overrides.,168,2179006,7217267,0.595,0.604
.ca,ca,,ccTLD,Canada,Americas ccTLD,ccTLD,Canada,Americas,Americas ccTLD/geographic TLD,existing_iso_cctld_mapping,,168,2163194,6390192,0.59,0.534
.za,za,,ccTLD,South Africa,Africa ccTLD,ccTLD,South Africa,Africa,Africa ccTLD/geographic TLD,existing_iso_cctld_mapping,,168,2162310,5997266,0.59,0.502
.app,app,,gTLD_or_unknown,,Other gTLD/unknown,global_gTLD,Global,Global,Global/non-regional TLD,default_non_geographic_tld,Non-ccTLD and not in curated geographic gTLD overrides.,168,2053941,6157424,0.56,0.515
.cc,cc,,ccTLD,Cocos (Keeling) Islands,Asia ccTLD,globalized_ccTLD,Cocos (Keeling) Islands,Global,Global/non-regional TLD,google_search_generic_cctld_list,Formal ccTLD treated as generic for geographic analysis; list checked 2026-08-18.,168,1950593,7533939,0.532,0.63
.direct,direct,,gTLD_or_unknown,,Other gTLD/unknown,global_gTLD,Global,Global,Global/non-regional TLD,default_non_geographic_tld,Non-ccTLD and not in curated geographic gTLD overrides.,168,1807118,4782572,0.493,0.4
.pl,pl,,ccTLD,Poland,Europe ccTLD,ccTLD,Poland,Europe,Europe ccTLD/geographic TLD,existing_iso_cctld_mapping,,168,1564054,5070116,0.427,0.424
.ai,ai,,ccTLD,Anguilla,Americas ccTLD,globalized_ccTLD,Anguilla,Global,Global/non-regional TLD,google_search_generic_cctld_list,Formal ccTLD treated as generic for geographic analysis; list checked 2026-08-18.,168,1419797,4035828,0.388,0.338
.ch,ch,,ccTLD,Switzerland,Europe ccTLD,ccTLD,Switzerland,Europe,Europe ccTLD/geographic TLD,existing_iso_cctld_mapping,,168,1406707,4392854,0.384,0.367
.be,be,,ccTLD,Belgium,Europe ccTLD,ccTLD,Belgium,Europe,Europe ccTLD/geographic TLD,existing_iso_cctld_mapping,,168,1383643,4072074,0.378,0.341
.us,us,,ccTLD,United States,Americas ccTLD,ccTLD,United States,Americas,Americas ccTLD/geographic TLD,existing_iso_cctld_mapping,,168,1370830,3886555,0.374,0.325
.id,id,,ccTLD,Indonesia,Asia ccTLD,ccTLD,Indonesia,Asia,Asia ccTLD/geographic TLD,existing_iso_cctld_mapping,,168,1279258,4346233,0.349,0.364
.to,to,,ccTLD,Tonga,Oceania ccTLD,ccTLD,Tonga,Oceania,Oceania ccTLD/geographic TLD,existing_iso_cctld_mapping,,168,1226584,11076146,0.335,0.926
.store,store,,gTLD_or_unknown,,Other gTLD/unknown,global_gTLD,Global,Global,Global/non-regional TLD,default_non_geographic_tld,Non-ccTLD and not in curated geographic gTLD overrides.,168,1217929,3538573,0.332,0.296
.jp,jp,,ccTLD,Japan,Asia ccTLD,ccTLD,Japan,Asia,Asia ccTLD/geographic TLD,existing_iso_cctld_mapping,,168,1047691,2992710,0.286,0.25
.se,se,,ccTLD,Sweden,Europe ccTLD,ccTLD,Sweden,Europe,Europe ccTLD/geographic TLD,existing_iso_cctld_mapping,,168,1033321,3393814,0.282,0.284
.at,at,,ccTLD,Austria,Europe ccTLD,ccTLD,Austria,Europe,Europe ccTLD/geographic TLD,existing_iso_cctld_mapping,,168,993288,2983112,0.271,0.249
.vip,vip,,gTLD_or_unknown,,Other gTLD/unknown,global_gTLD,Global,Global,Global/non-regional TLD,default_non_geographic_tld,Non-ccTLD and not in curated geographic gTLD overrides.,168,991436,3415296,0.271,0.286
.es,es,,ccTLD,Spain,Europe ccTLD,ccTLD,Spain,Europe,Europe ccTLD/geographic TLD,existing_iso_cctld_mapping,,168,988109,3345265,0.27,0.28
.pro,pro,,gTLD_or_unknown,,Other gTLD/unknown,global_gTLD,Global,Global,Global/non-regional TLD,default_non_geographic_tld,Non-ccTLD and not in curated geographic gTLD overrides.,168,901657,3501991,0.246,0.293
.cz,cz,,ccTLD,Czechia,Europe ccTLD,ccTLD,Czechia,Europe,Europe ccTLD/geographic TLD,existing_iso_cctld_mapping,,168,873887,3081890,0.238,0.258
.hu,hu,,ccTLD,Hungary,Europe ccTLD,ccTLD,Hungary,Europe,Europe ccTLD/geographic TLD,existing_iso_cctld_mapping,,168,838512,2619097,0.229,0.219
.mx,mx,,ccTLD,Mexico,Americas ccTLD,ccTLD,Mexico,Americas,Americas ccTLD/geographic TLD,existing_iso_cctld_mapping,,168,769927,2356014,0.21,0.197
.sbs,sbs,,gTLD_or_unknown,,Other gTLD/unknown,global_gTLD,Global,Global,Global/non-regional TLD,default_non_geographic_tld,Non-ccTLD and not in curated geographic gTLD overrides.,168,764736,2562463,0.209,0.214
.biz,biz,,gTLD_or_unknown,,Other gTLD/unknown,global_gTLD,Global,Global,Global/non-regional TLD,default_non_geographic_tld,Non-ccTLD and not in curated geographic gTLD overrides.,168,692164,2062939,0.189,0.173
.ro,ro,,ccTLD,Romania,Europe ccTLD,ccTLD,Romania,Europe,Europe ccTLD/geographic TLD,existing_iso_cctld_mapping,,168,680759,2541023,0.186,0.213
.nz,nz,,ccTLD,New Zealand,Oceania ccTLD,ccTLD,New Zealand,Oceania,Oceania ccTLD/geographic TLD,existing_iso_cctld_mapping,,168,668928,1970750,0.182,0.165
.dk,dk,,ccTLD,Denmark,Europe ccTLD,ccTLD,Denmark,Europe,Europe ccTLD/geographic TLD,existing_iso_cctld_mapping,,168,632705,2004097,0.173,0.168
.cl,cl,,ccTLD,Chile,Americas ccTLD,ccTLD,Chile,Americas,Americas ccTLD/geographic TLD,existing_iso_cctld_mapping,,168,626597,2063337,0.171,0.173
.one,one,,gTLD_or_unknown,,Other gTLD/unknown,global_gTLD,Global,Global,Global/non-regional TLD,default_non_geographic_tld,Non-ccTLD and not in curated geographic gTLD overrides.,168,619099,1675928,0.169,0.14
.ir,ir,,ccTLD,Iran,Asia ccTLD,ccTLD,Iran,Asia,Asia ccTLD/geographic TLD,existing_iso_cctld_mapping,,168,591003,2066929,0.161,0.173
.click,click,,gTLD_or_unknown,,Other gTLD/unknown,global_gTLD,Global,Global,Global/non-regional TLD,default_non_geographic_tld,Non-ccTLD and not in curated geographic gTLD overrides.,168,573557,2255731,0.156,0.189
.tech,tech,,gTLD_or_unknown,,Other gTLD/unknown,global_gTLD,Global,Global,Global/non-regional TLD,default_non_geographic_tld,Non-ccTLD and not in curated geographic gTLD overrides.,168,552611,1708034,0.151,0.143
.tr,tr,,ccTLD,Turkiye,Asia ccTLD,ccTLD,Turkiye,Asia,Asia ccTLD/geographic TLD,existing_iso_cctld_mapping,,168,537496,1870676,0.147,0.156
.page,page,,gTLD_or_unknown,,Other gTLD/unknown,global_gTLD,Global,Global,Global/non-regional TLD,default_non_geographic_tld,Non-ccTLD and not in curated geographic gTLD overrides.,168,512195,1380803,0.14,0.116
.space,space,,gTLD_or_unknown,,Other gTLD/unknown,global_gTLD,Global,Global,Global/non-regional TLD,default_non_geographic_tld,Non-ccTLD and not in curated geographic gTLD overrides.,168,460741,1604982,0.126,0.134
.no,no,,ccTLD,Norway,Europe ccTLD,ccTLD,Norway,Europe,Europe ccTLD/geographic TLD,existing_iso_cctld_mapping,,168,457041,1482750,0.125,0.124
.link,link,,gTLD_or_unknown,,Other gTLD/unknown,global_gTLD,Global,Global,Global/non-regional TLD,default_non_geographic_tld,Non-ccTLD and not in curated geographic gTLD overrides.,168,455143,1828455,0.124,0.153
.gr,gr,,ccTLD,Greece,Europe ccTLD,ccTLD,Greece,Europe,Europe ccTLD/geographic TLD,existing_iso_cctld_mapping,,168,453923,1618020,0.124,0.135
.ar,ar,,ccTLD,Argentina,Americas ccTLD,ccTLD,Argentina,Americas,Americas ccTLD/geographic TLD,existing_iso_cctld_mapping,,168,452102,1456309,0.123,0.122
.ua,ua,,ccTLD,Ukraine,Europe ccTLD,ccTLD,Ukraine,Europe,Europe ccTLD/geographic TLD,existing_iso_cctld_mapping,,168,447540,1469920,0.122,0.123
.live,live,,gTLD_or_unknown,,Other gTLD/unknown,global_gTLD,Global,Global,Global/non-regional TLD,default_non_geographic_tld,Non-ccTLD and not in curated geographic gTLD overrides.,168,442186,1564609,0.121,0.131
.vn,vn,,ccTLD,Vietnam,Asia ccTLD,ccTLD,Vietnam,Asia,Asia ccTLD/geographic TLD,existing_iso_cctld_mapping,,168,433576,1325348,0.118,0.111
.aws,aws,,gTLD_or_unknown,,Other gTLD/unknown,global_gTLD,Global,Global,Global/non-regional TLD,default_non_geographic_tld,Non-ccTLD and not in curated geographic gTLD overrides.,168,417044,1284122,0.114,0.107
.club,club,,gTLD_or_unknown,,Other gTLD/unknown,global_gTLD,Global,Global,Global/non-regional TLD,default_non_geographic_tld,Non-ccTLD and not in curated geographic gTLD overrides.,168,402127,1361307,0.11,0.114
.fi,fi,,ccTLD,Finland,Europe ccTLD,ccTLD,Finland,Europe,Europe ccTLD/geographic TLD,existing_iso_cctld_mapping,,168,394273,1337077,0.108,0.112
.kr,kr,,ccTLD,South Korea,Asia ccTLD,ccTLD,South Korea,Asia,Asia ccTLD/geographic TLD,existing_iso_cctld_mapping,,168,390214,1294919,0.106,0.108
.my,my,,ccTLD,Malaysia,Asia ccTLD,ccTLD,Malaysia,Asia,Asia ccTLD/geographic TLD,existing_iso_cctld_mapping,,168,359344,1279042,0.098,0.107
.pt,pt,,ccTLD,Portugal,Europe ccTLD,ccTLD,Portugal,Europe,Europe ccTLD/geographic TLD,existing_iso_cctld_mapping,,168,342756,1132340,0.094,0.095
.lt,lt,,ccTLD,Lithuania,Europe ccTLD,ccTLD,Lithuania,Europe,Europe ccTLD/geographic TLD,existing_iso_cctld_mapping,,168,331957,900318,0.091,0.075
.lol,lol,,gTLD_or_unknown,,Other gTLD/unknown,global_gTLD,Global,Global,Global/non-regional TLD,default_non_geographic_tld,Non-ccTLD and not in curated geographic gTLD overrides.,168,314154,1135242,0.086,0.095
.digital,digital,,gTLD_or_unknown,,Other gTLD/unknown,global_gTLD,Global,Global,Global/non-regional TLD,default_non_geographic_tld,Non-ccTLD and not in curated geographic gTLD overrides.,168,306347,1193120,0.084,0.1
.ee,ee,,ccTLD,Estonia,Europe ccTLD,ccTLD,Estonia,Europe,Europe ccTLD/geographic TLD,existing_iso_cctld_mapping,,168,294121,740023,0.08,0.062
.cfd,cfd,,gTLD_or_unknown,,Other gTLD/unknown,global_gTLD,Global,Global,Global/non-regional TLD,default_non_geographic_tld,Non-ccTLD and not in curated geographic gTLD overrides.,168,291624,1088357,0.08,0.091
.lat,lat,,gTLD_or_unknown,,Other gTLD/unknown,geographic_gTLD,Latin America,Americas,Americas ccTLD/geographic TLD,curated_geographic_gtld_override,Latin American regional/community TLD,168,287882,735043,0.079,0.062
.xn--p1ai,xn--p1ai,рф,gTLD_or_unknown,,Other gTLD/unknown,ccTLD,Russia,Europe,Europe ccTLD/geographic TLD,curated_idn_cctld_override,Russian Federation IDN ccTLD,168,267228,764890,0.073,0.064
.work,work,,gTLD_or_unknown,,Other gTLD/unknown,global_gTLD,Global,Global,Global/non-regional TLD,default_non_geographic_tld,Non-ccTLD and not in curated geographic gTLD overrides.,168,266526,991591,0.073,0.083
.life,life,,gTLD_or_unknown,,Other gTLD/unknown,global_gTLD,Global,Global,Global/non-regional TLD,default_non_geographic_tld,Non-ccTLD and not in curated geographic gTLD overrides.,168,264988,927652,0.072,0.078
.world,world,,gTLD_or_unknown,,Other gTLD/unknown,global_gTLD,Global,Global,Global/non-regional TLD,default_non_geographic_tld,Non-ccTLD and not in curated geographic gTLD overrides.,168,261276,965496,0.071,0.081
.cyou,cyou,,gTLD_or_unknown,,Other gTLD/unknown,global_gTLD,Global,Global,Global/non-regional TLD,default_non_geographic_tld,Non-ccTLD and not in curated geographic gTLD overrides.,168,255868,881224,0.07,0.074
.goog,goog,,gTLD_or_unknown,,Other gTLD/unknown,global_gTLD,Global,Global,Global/non-regional TLD,default_non_geographic_tld,Non-ccTLD and not in curated geographic gTLD overrides.,168,246782,399931,0.067,0.034
.fun,fun,,gTLD_or_unknown,,Other gTLD/unknown,global_gTLD,Global,Global,Global/non-regional TLD,default_non_geographic_tld,Non-ccTLD and not in curated geographic gTLD overrides.,168,244665,861947,0.067,0.072
.sk,sk,,ccTLD,Slovakia,Europe ccTLD,ccTLD,Slovakia,Europe,Europe ccTLD/geographic TLD,existing_iso_cctld_mapping,,168,240427,858240,0.066,0.072
.cam,cam,,gTLD_or_unknown,,Other gTLD/unknown,global_gTLD,Global,Global,Global/non-regional TLD,default_non_geographic_tld,Non-ccTLD and not in curated geographic gTLD overrides.,168,239087,568064,0.065,0.048
.tv,tv,,ccTLD,Tuvalu,Oceania ccTLD,globalized_ccTLD,Tuvalu,Global,Global/non-regional TLD,google_search_generic_cctld_list,Formal ccTLD treated as generic for geographic analysis; list checked 2026-08-18.,168,236464,764269,0.064,0.064
.edu,edu,,gTLD_or_unknown,,Other gTLD/unknown,global_gTLD,Global,Global,Global/non-regional TLD,default_non_geographic_tld,Non-ccTLD and not in curated geographic gTLD overrides.,168,226085,638647,0.062,0.053
.il,il,,ccTLD,Israel,Asia ccTLD,ccTLD,Israel,Asia,Asia ccTLD/geographic TLD,existing_iso_cctld_mapping,,168,214308,700316,0.058,0.059
.tw,tw,,ccTLD,Taiwan,Asia ccTLD,ccTLD,Taiwan,Asia,Asia ccTLD/geographic TLD,existing_iso_cctld_mapping,,168,212186,714668,0.058,0.06
.ie,ie,,ccTLD,Ireland,Europe ccTLD,ccTLD,Ireland,Europe,Europe ccTLD/geographic TLD,existing_iso_cctld_mapping,,168,194336,628792,0.053,0.053
.icu,icu,,gTLD_or_unknown,,Other gTLD/unknown,global_gTLD,Global,Global,Global/non-regional TLD,default_non_geographic_tld,Non-ccTLD and not in curated geographic gTLD overrides.,168,193542,738702,0.053,0.062
.website,website,,gTLD_or_unknown,,Other gTLD/unknown,global_gTLD,Global,Global,Global/non-regional TLD,default_non_geographic_tld,Non-ccTLD and not in curated geographic gTLD overrides.,168,192329,604550,0.052,0.051
.si,si,,ccTLD,Slovenia,Europe ccTLD,ccTLD,Slovenia,Europe,Europe ccTLD/geographic TLD,existing_iso_cctld_mapping,,168,186759,595546,0.051,0.05
.blog,blog,,gTLD_or_unknown,,Other gTLD/unknown,global_gTLD,Global,Global,Global/non-regional TLD,default_non_geographic_tld,Non-ccTLD and not in curated geographic gTLD overrides.,168,185737,577024,0.051,0.048
.art,art,,gTLD_or_unknown,,Other gTLD/unknown,global_gTLD,Global,Global,Global/non-regional TLD,default_non_geographic_tld,Non-ccTLD and not in curated geographic gTLD overrides.,168,185697,558223,0.051,0.047
.ae,ae,,ccTLD,United Arab Emirates,Asia ccTLD,ccTLD,United Arab Emirates,Asia,Asia ccTLD/geographic TLD,existing_iso_cctld_mapping,,168,173349,544499,0.047,0.046
.by,by,,ccTLD,Belarus,Europe ccTLD,ccTLD,Belarus,Europe,Europe ccTLD/geographic TLD,existing_iso_cctld_mapping,,168,172804,547670,0.047,0.046
.asia,asia,,gTLD_or_unknown,,Other gTLD/unknown,geographic_gTLD,Asia-Pacific,Asia,Asia ccTLD/geographic TLD,curated_geographic_gtld_override,regional geographic TLD,168,168090,554658,0.046,0.046
.casa,casa,,gTLD_or_unknown,,Other gTLD/unknown,global_gTLD,Global,Global,Global/non-regional TLD,default_non_geographic_tld,Non-ccTLD and not in curated geographic gTLD overrides.,168,167574,587226,0.046,0.049
.buzz,buzz,,gTLD_or_unknown,,Other gTLD/unknown,global_gTLD,Global,Global,Global/non-regional TLD,default_non_geographic_tld,Non-ccTLD and not in curated geographic gTLD overrides.,168,163636,782386,0.045,0.065
.bet,bet,,gTLD_or_unknown,,Other gTLD/unknown,global_gTLD,Global,Global,Global/non-regional TLD,default_non_geographic_tld,Non-ccTLD and not in curated geographic gTLD overrides.,168,160013,568193,0.044,0.048
.ng,ng,,ccTLD,Nigeria,Africa ccTLD,ccTLD,Nigeria,Africa,Africa ccTLD/geographic TLD,existing_iso_cctld_mapping,,168,158944,534636,0.043,0.045
.sg,sg,,ccTLD,Singapore,Asia ccTLD,ccTLD,Singapore,Asia,Asia ccTLD/geographic TLD,existing_iso_cctld_mapping,,168,157237,465723,0.043,0.039
.pk,pk,,ccTLD,Pakistan,Asia ccTLD,ccTLD,Pakistan,Asia,Asia ccTLD/geographic TLD,existing_iso_cctld_mapping,,168,149473,500929,0.041,0.042
.hr,hr,,ccTLD,Croatia,Europe ccTLD,ccTLD,Croatia,Europe,Europe ccTLD/geographic TLD,existing_iso_cctld_mapping,,168,149094,481867,0.041,0.04
.run,run,,gTLD_or_unknown,,Other gTLD/unknown,global_gTLD,Global,Global,Global/non-regional TLD,default_non_geographic_tld,Non-ccTLD and not in curated geographic gTLD overrides.,168,146259,406253,0.04,0.034
.studio,studio,,gTLD_or_unknown,,Other gTLD/unknown,global_gTLD,Global,Global,Global/non-regional TLD,default_non_geographic_tld,Non-ccTLD and not in curated geographic gTLD overrides.,168,145041,433914,0.04,0.036
.rs,rs,,ccTLD,Serbia,Europe ccTLD,ccTLD,Serbia,Europe,Europe ccTLD/geographic TLD,existing_iso_cctld_mapping,,168,142784,502061,0.039,0.042
.win,win,,gTLD_or_unknown,,Other gTLD/unknown,global_gTLD,Global,Global,Global/non-regional TLD,default_non_geographic_tld,Non-ccTLD and not in curated geographic gTLD overrides.,168,140787,508525,0.038,0.042
.ms,ms,,ccTLD,Montserrat,Americas ccTLD,globalized_ccTLD,Montserrat,Global,Global/non-regional TLD,google_search_generic_cctld_list,Formal ccTLD treated as generic for geographic analysis; list checked 2026-08-18.,168,139856,260106,0.038,0.022
.pe,pe,,ccTLD,Peru,Americas ccTLD,ccTLD,Peru,Americas,Americas ccTLD/geographic TLD,existing_iso_cctld_mapping,,168,131646,419427,0.036,0.035
.kz,kz,,ccTLD,Kazakhstan,Asia ccTLD,ccTLD,Kazakhstan,Asia,Asia ccTLD/geographic TLD,existing_iso_cctld_mapping,,168,126170,397118,0.034,0.033
.ke,ke,,ccTLD,Kenya,Africa ccTLD,ccTLD,Kenya,Africa,Africa ccTLD/geographic TLD,existing_iso_cctld_mapping,,168,124890,416828,0.034,0.035
.help,help,,gTLD_or_unknown,,Other gTLD/unknown,global_gTLD,Global,Global,Global/non-regional TLD,default_non_geographic_tld,Non-ccTLD and not in curated geographic gTLD overrides.,168,122187,442557,0.033,0.037
.nu,nu,,ccTLD,Niue,Oceania ccTLD,globalized_ccTLD,Niue,Global,Global/non-regional TLD,google_search_generic_cctld_list,Formal ccTLD treated as generic for geographic analysis; list checked 2026-08-18.,168,118752,399487,0.032,0.033
.bg,bg,,ccTLD,Bulgaria,Europe ccTLD,ccTLD,Bulgaria,Europe,Europe ccTLD/geographic TLD,existing_iso_cctld_mapping,,168,115815,371381,0.032,0.031
.host,host,,gTLD_or_unknown,,Other gTLD/unknown,global_gTLD,Global,Global,Global/non-regional TLD,default_non_geographic_tld,Non-ccTLD and not in curated geographic gTLD overrides.,168,114758,415776,0.031,0.035
.casino,casino,,gTLD_or_unknown,,Other gTLD/unknown,global_gTLD,Global,Global,Global/non-regional TLD,default_non_geographic_tld,Non-ccTLD and not in curated geographic gTLD overrides.,168,110449,398546,0.03,0.033
.engineering,engineering,,gTLD_or_unknown,,Other gTLD/unknown,global_gTLD,Global,Global,Global/non-regional TLD,default_non_geographic_tld,Non-ccTLD and not in curated geographic gTLD overrides.,168,106737,261427,0.029,0.022
.lv,lv,,ccTLD,Latvia,Europe ccTLD,ccTLD,Latvia,Europe,Europe ccTLD/geographic TLD,existing_iso_cctld_mapping,,168,103961,350689,0.028,0.029
.np,np,,ccTLD,Nepal,Asia ccTLD,ccTLD,Nepal,Asia,Asia ccTLD/geographic TLD,existing_iso_cctld_mapping,,168,103145,339334,0.028,0.028
.ph,ph,,ccTLD,Philippines,Asia ccTLD,ccTLD,Philippines,Asia,Asia ccTLD/geographic TLD,existing_iso_cctld_mapping,,168,100956,307713,0.028,0.026
.uz,uz,,ccTLD,Uzbekistan,Asia ccTLD,ccTLD,Uzbekistan,Asia,Asia ccTLD/geographic TLD,existing_iso_cctld_mapping,,168,98957,297830,0.027,0.025
.mobi,mobi,,gTLD_or_unknown,,Other gTLD/unknown,global_gTLD,Global,Global,Global/non-regional TLD,default_non_geographic_tld,Non-ccTLD and not in curated geographic gTLD overrides.,168,98846,317029,0.027,0.026
.hk,hk,,ccTLD,Hong Kong,Asia ccTLD,ccTLD,Hong Kong,Asia,Asia ccTLD/geographic TLD,existing_iso_cctld_mapping,,168,98766,309830,0.027,0.026
.sh,sh,,ccTLD,Saint Helena,Africa ccTLD,ccTLD,Saint Helena,Africa,Africa ccTLD/geographic TLD,existing_iso_cctld_mapping,,168,94680,279774,0.026,0.023
.agency,agency,,gTLD_or_unknown,,Other gTLD/unknown,global_gTLD,Global,Global,Global/non-regional TLD,default_non_geographic_tld,Non-ccTLD and not in curated geographic gTLD overrides.,168,94100,281530,0.026,0.024
.ovh,ovh,,gTLD_or_unknown,,Other gTLD/unknown,global_gTLD,Global,Global,Global/non-regional TLD,default_non_geographic_tld,Non-ccTLD and not in curated geographic gTLD overrides.,168,88107,297595,0.024,0.025
.network,network,,gTLD_or_unknown,,Other gTLD/unknown,global_gTLD,Global,Global,Global/non-regional TLD,default_non_geographic_tld,Non-ccTLD and not in curated geographic gTLD overrides.,168,85421,268103,0.023,0.022
.su,su,,ccTLD,Soviet Union (legacy),Other ccTLD/territory,globalized_ccTLD,Soviet Union (legacy),Global,Global/non-regional TLD,google_search_generic_cctld_list,Formal ccTLD treated as generic for geographic analysis; list checked 2026-08-18.,168,81992,244286,0.022,0.02
.today,today,,gTLD_or_unknown,,Other gTLD/unknown,global_gTLD,Global,Global,Global/non-regional TLD,default_non_geographic_tld,Non-ccTLD and not in curated geographic gTLD overrides.,168,81810,272970,0.022,0.023
.ci,ci,,ccTLD,Cote d'Ivoire,Africa ccTLD,ccTLD,Cote d'Ivoire,Africa,Africa ccTLD/geographic TLD,existing_iso_cctld_mapping,,168,79989,365481,0.022,0.031
.ma,ma,,ccTLD,Morocco,Africa ccTLD,ccTLD,Morocco,Africa,Africa ccTLD/geographic TLD,existing_iso_cctld_mapping,,168,77647,253344,0.021,0.021
.solutions,solutions,,gTLD_or_unknown,,Other gTLD/unknown,global_gTLD,Global,Global,Global/non-regional TLD,default_non_geographic_tld,Non-ccTLD and not in curated geographic gTLD overrides.,168,77305,212206,0.021,0.018
.sa,sa,,ccTLD,Saudi Arabia,Asia ccTLD,ccTLD,Saudi Arabia,Asia,Asia ccTLD/geographic TLD,existing_iso_cctld_mapping,,168,76871,250418,0.021,0.021
.design,design,,gTLD_or_unknown,,Other gTLD/unknown,global_gTLD,Global,Global,Global/non-regional TLD,default_non_geographic_tld,Non-ccTLD and not in curated geographic gTLD overrides.,168,76408,226678,0.021,0.019
.ink,ink,,gTLD_or_unknown,,Other gTLD/unknown,global_gTLD,Global,Global,Global/non-regional TLD,default_non_geographic_tld,Non-ccTLD and not in curated geographic gTLD overrides.,168,74983,285110,0.02,0.024
.group,group,,gTLD_or_unknown,,Other gTLD/unknown,global_gTLD,Global,Global,Global/non-regional TLD,default_non_geographic_tld,Non-ccTLD and not in curated geographic gTLD overrides.,168,73675,214081,0.02,0.018
.cd,cd,,ccTLD,Democratic Republic of the Congo,Africa ccTLD,globalized_ccTLD,Democratic Republic of the Congo,Global,Global/non-regional TLD,google_search_generic_cctld_list,Formal ccTLD treated as generic for geographic analysis; list checked 2026-08-18.,168,72807,282936,0.02,0.024
.th,th,,ccTLD,Thailand,Asia ccTLD,ccTLD,Thailand,Asia,Asia ccTLD/geographic TLD,existing_iso_cctld_mapping,,168,72673,232241,0.02,0.019
.onl,onl,,gTLD_or_unknown,,Other gTLD/unknown,global_gTLD,Global,Global,Global/non-regional TLD,default_non_geographic_tld,Non-ccTLD and not in curated geographic gTLD overrides.,168,71953,208185,0.02,0.017
.media,media,,gTLD_or_unknown,,Other gTLD/unknown,global_gTLD,Global,Global,Global/non-regional TLD,default_non_geographic_tld,Non-ccTLD and not in curated geographic gTLD overrides.,168,70132,221922,0.019,0.019
.services,services,,gTLD_or_unknown,,Other gTLD/unknown,global_gTLD,Global,Global,Global/non-regional TLD,default_non_geographic_tld,Non-ccTLD and not in curated geographic gTLD overrides.,168,67224,191072,0.018,0.016
.mom,mom,,gTLD_or_unknown,,Other gTLD/unknown,global_gTLD,Global,Global,Global/non-regional TLD,default_non_geographic_tld,Non-ccTLD and not in curated geographic gTLD overrides.,168,67038,240972,0.018,0.02
.pics,pics,,gTLD_or_unknown,,Other gTLD/unknown,global_gTLD,Global,Global,Global/non-regional TLD,default_non_geographic_tld,Non-ccTLD and not in curated geographic gTLD overrides.,168,65908,274462,0.018,0.023
.is,is,,ccTLD,Iceland,Europe ccTLD,ccTLD,Iceland,Europe,Europe ccTLD/geographic TLD,existing_iso_cctld_mapping,,168,65336,213347,0.018,0.018
.lk,lk,,ccTLD,Sri Lanka,Asia ccTLD,ccTLD,Sri Lanka,Asia,Asia ccTLD/geographic TLD,existing_iso_cctld_mapping,,168,65020,213353,0.018,0.018
.lu,lu,,ccTLD,Luxembourg,Europe ccTLD,ccTLD,Luxembourg,Europe,Europe ccTLD/geographic TLD,existing_iso_cctld_mapping,,168,63665,191832,0.017,0.016
.team,team,,gTLD_or_unknown,,Other gTLD/unknown,global_gTLD,Global,Global,Global/non-regional TLD,default_non_geographic_tld,Non-ccTLD and not in curated geographic gTLD overrides.,168,62177,190915,0.017,0.016
.pw,pw,,ccTLD,Palau,Oceania ccTLD,ccTLD,Palau,Oceania,Oceania ccTLD/geographic TLD,existing_iso_cctld_mapping,,168,59388,202413,0.016,0.017
.rocks,rocks,,gTLD_or_unknown,,Other gTLD/unknown,global_gTLD,Global,Global,Global/non-regional TLD,default_non_geographic_tld,Non-ccTLD and not in curated geographic gTLD overrides.,168,58573,192128,0.016,0.016
.email,email,,gTLD_or_unknown,,Other gTLD/unknown,global_gTLD,Global,Global,Global/non-regional TLD,default_non_geographic_tld,Non-ccTLD and not in curated geographic gTLD overrides.,168,58375,184263,0.016,0.015
.bond,bond,,gTLD_or_unknown,,Other gTLD/unknown,global_gTLD,Global,Global,Global/non-regional TLD,default_non_geographic_tld,Non-ccTLD and not in curated geographic gTLD overrides.,168,58344,212814,0.016,0.018
.company,company,,gTLD_or_unknown,,Other gTLD/unknown,global_gTLD,Global,Global,Global/non-regional TLD,default_non_geographic_tld,Non-ccTLD and not in curated geographic gTLD overrides.,168,57873,168509,0.016,0.014
.uy,uy,,ccTLD,Uruguay,Americas ccTLD,ccTLD,Uruguay,Americas,Americas ccTLD/geographic TLD,existing_iso_cctld_mapping,,168,57824,194280,0.016,0.016
.social,social,,gTLD_or_unknown,,Other gTLD/unknown,global_gTLD,Global,Global,Global/non-regional TLD,default_non_geographic_tld,Non-ccTLD and not in curated geographic gTLD overrides.,168,57823,163219,0.016,0.014
.inc,inc,,gTLD_or_unknown,,Other gTLD/unknown,global_gTLD,Global,Global,Global/non-regional TLD,default_non_geographic_tld,Non-ccTLD and not in curated geographic gTLD overrides.,168,57634,174579,0.016,0.015
.gov,gov,,gTLD_or_unknown,,Other gTLD/unknown,global_gTLD,Global,Global,Global/non-regional TLD,default_non_geographic_tld,Non-ccTLD and not in curated geographic gTLD overrides.,168,57189,169499,0.016,0.014
.gg,gg,,ccTLD,Guernsey,Europe ccTLD,ccTLD,Guernsey,Europe,Europe ccTLD/geographic TLD,existing_iso_cctld_mapping,,168,56948,195244,0.016,0.016
.qpon,qpon,,gTLD_or_unknown,,Other gTLD/unknown,global_gTLD,Global,Global,Global/non-regional TLD,default_non_geographic_tld,Non-ccTLD and not in curated geographic gTLD overrides.,168,56901,198336,0.016,0.017
.cat,cat,,gTLD_or_unknown,,Other gTLD/unknown,geographic_gTLD,Catalan linguistic/cultural community,Europe,Europe ccTLD/geographic TLD,curated_geographic_gtld_override,Catalan community,168,55910,198385,0.015,0.017
.garden,garden,,gTLD_or_unknown,,Other gTLD/unknown,global_gTLD,Global,Global,Global/non-regional TLD,default_non_geographic_tld,Non-ccTLD and not in curated geographic gTLD overrides.,168,55321,201100,0.015,0.017
.chat,chat,,gTLD_or_unknown,,Other gTLD/unknown,global_gTLD,Global,Global,Global/non-regional TLD,default_non_geographic_tld,Non-ccTLD and not in curated geographic gTLD overrides.,168,54715,175108,0.015,0.015
.homes,homes,,gTLD_or_unknown,,Other gTLD/unknown,global_gTLD,Global,Global,Global/non-regional TLD,default_non_geographic_tld,Non-ccTLD and not in curated geographic gTLD overrides.,168,54518,184316,0.015,0.015
.wiki,wiki,,gTLD_or_unknown,,Other gTLD/unknown,global_gTLD,Global,Global,Global/non-regional TLD,default_non_geographic_tld,Non-ccTLD and not in curated geographic gTLD overrides.,168,54017,224209,0.015,0.019
.cv,cv,,ccTLD,Cabo Verde,Africa ccTLD,ccTLD,Cabo Verde,Africa,Africa ccTLD/geographic TLD,existing_iso_cctld_mapping,,168,52216,206032,0.014,0.017
.africa,africa,,gTLD_or_unknown,,Other gTLD/unknown,geographic_gTLD,Africa,Africa,Africa ccTLD/geographic TLD,curated_geographic_gtld_override,continental geographic TLD,168,51536,154279,0.014,0.013
.news,news,,gTLD_or_unknown,,Other gTLD/unknown,global_gTLD,Global,Global,Global/non-regional TLD,default_non_geographic_tld,Non-ccTLD and not in curated geographic gTLD overrides.,168,51311,166252,0.014,0.014
.autos,autos,,gTLD_or_unknown,,Other gTLD/unknown,global_gTLD,Global,Global,Global/non-regional TLD,default_non_geographic_tld,Non-ccTLD and not in curated geographic gTLD overrides.,168,51175,195035,0.014,0.016
.wtf,wtf,,gTLD_or_unknown,,Other gTLD/unknown,global_gTLD,Global,Global,Global/non-regional TLD,default_non_geographic_tld,Non-ccTLD and not in curated geographic gTLD overrides.,168,50980,172740,0.014,0.014
.bio,bio,,gTLD_or_unknown,,Other gTLD/unknown,global_gTLD,Global,Global,Global/non-regional TLD,default_non_geographic_tld,Non-ccTLD and not in curated geographic gTLD overrides.,168,50706,178560,0.014,0.015
.systems,systems,,gTLD_or_unknown,,Other gTLD/unknown,global_gTLD,Global,Global,Global/non-regional TLD,default_non_geographic_tld,Non-ccTLD and not in curated geographic gTLD overrides.,168,50385,163497,0.014,0.014
.ec,ec,,ccTLD,Ecuador,Americas ccTLD,ccTLD,Ecuador,Americas,Americas ccTLD/geographic TLD,existing_iso_cctld_mapping,,168,50262,164929,0.014,0.014
.games,games,,gTLD_or_unknown,,Other gTLD/unknown,global_gTLD,Global,Global,Global/non-regional TLD,default_non_geographic_tld,Non-ccTLD and not in curated geographic gTLD overrides.,168,50061,164224,0.014,0.014
.rest,rest,,gTLD_or_unknown,,Other gTLD/unknown,global_gTLD,Global,Global,Global/non-regional TLD,default_non_geographic_tld,Non-ccTLD and not in curated geographic gTLD overrides.,168,49903,201818,0.014,0.017
.ltd,ltd,,gTLD_or_unknown,,Other gTLD/unknown,global_gTLD,Global,Global,Global/non-regional TLD,default_non_geographic_tld,Non-ccTLD and not in curated geographic gTLD overrides.,168,49475,155711,0.014,0.013
.beer,beer,,gTLD_or_unknown,,Other gTLD/unknown,global_gTLD,Global,Global,Global/non-regional TLD,default_non_geographic_tld,Non-ccTLD and not in curated geographic gTLD overrides.,168,49037,206305,0.013,0.017
.zw,zw,,ccTLD,Zimbabwe,Africa ccTLD,ccTLD,Zimbabwe,Africa,Africa ccTLD/geographic TLD,existing_iso_cctld_mapping,,168,48601,166100,0.013,0.014
.name,name,,gTLD_or_unknown,,Other gTLD/unknown,global_gTLD,Global,Global,Global/non-regional TLD,default_non_geographic_tld,Non-ccTLD and not in curated geographic gTLD overrides.,168,47897,180402,0.013,0.015
.kg,kg,,ccTLD,Kyrgyzstan,Asia ccTLD,ccTLD,Kyrgyzstan,Asia,Asia ccTLD/geographic TLD,existing_iso_cctld_mapping,,168,47609,160100,0.013,0.013
.global,global,,gTLD_or_unknown,,Other gTLD/unknown,global_gTLD,Global,Global,Global/non-regional TLD,default_non_geographic_tld,Non-ccTLD and not in curated geographic gTLD overrides.,168,47411,136898,0.013,0.012
.care,care,,gTLD_or_unknown,,Other gTLD/unknown,global_gTLD,Global,Global,Global/non-regional TLD,default_non_geographic_tld,Non-ccTLD and not in curated geographic gTLD overrides.,168,47261,160124,0.013,0.013
.bd,bd,,ccTLD,Bangladesh,Asia ccTLD,ccTLD,Bangladesh,Asia,Asia ccTLD/geographic TLD,existing_iso_cctld_mapping,,168,45477,153415,0.012,0.013
.ge,ge,,ccTLD,Georgia,Asia ccTLD,ccTLD,Georgia,Asia,Asia ccTLD/geographic TLD,existing_iso_cctld_mapping,,168,45014,152052,0.012,0.013
.guru,guru,,gTLD_or_unknown,,Other gTLD/unknown,global_gTLD,Global,Global,Global/non-regional TLD,default_non_geographic_tld,Non-ccTLD and not in curated geographic gTLD overrides.,168,44893,143027,0.012,0.012
.fit,fit,,gTLD_or_unknown,,Other gTLD/unknown,global_gTLD,Global,Global,Global/non-regional TLD,default_non_geographic_tld,Non-ccTLD and not in curated geographic gTLD overrides.,168,44457,149701,0.012,0.012
.tel,tel,,gTLD_or_unknown,,Other gTLD/unknown,global_gTLD,Global,Global,Global/non-regional TLD,default_non_geographic_tld,Non-ccTLD and not in curated geographic gTLD overrides.,168,43561,132168,0.012,0.011
.tools,tools,,gTLD_or_unknown,,Other gTLD/unknown,global_gTLD,Global,Global,Global/non-regional TLD,default_non_geographic_tld,Non-ccTLD and not in curated geographic gTLD overrides.,168,41758,142501,0.011,0.012
.im,im,,ccTLD,Isle of Man,Europe ccTLD,ccTLD,Isle of Man,Europe,Europe ccTLD/geographic TLD,existing_iso_cctld_mapping,,168,41526,137560,0.011,0.012
.tz,tz,,ccTLD,Tanzania,Africa ccTLD,ccTLD,Tanzania,Africa,Africa ccTLD/geographic TLD,existing_iso_cctld_mapping,,168,41057,133456,0.011,0.011
.beauty,beauty,,gTLD_or_unknown,,Other gTLD/unknown,global_gTLD,Global,Global,Global/non-regional TLD,default_non_geographic_tld,Non-ccTLD and not in curated geographic gTLD overrides.,168,41012,156811,0.011,0.013
.zone,zone,,gTLD_or_unknown,,Other gTLD/unknown,global_gTLD,Global,Global,Global/non-regional TLD,default_non_geographic_tld,Non-ccTLD and not in curated geographic gTLD overrides.,168,40266,125159,0.011,0.01
.ws,ws,,ccTLD,Samoa,Oceania ccTLD,globalized_ccTLD,Samoa,Global,Global/non-regional TLD,google_search_generic_cctld_list,Formal ccTLD treated as generic for geographic analysis; list checked 2026-08-18.,168,39903,133681,0.011,0.011
.best,best,,gTLD_or_unknown,,Other gTLD/unknown,global_gTLD,Global,Global,Global/non-regional TLD,default_non_geographic_tld,Non-ccTLD and not in curated geographic gTLD overrides.,168,39779,148578,0.011,0.012
.new,new,,gTLD_or_unknown,,Other gTLD/unknown,global_gTLD,Global,Global,Global/non-regional TLD,default_non_geographic_tld,Non-ccTLD and not in curated geographic gTLD overrides.,168,39595,71805,0.011,0.006
.md,md,,ccTLD,Moldova,Europe ccTLD,ccTLD,Moldova,Europe,Europe ccTLD/geographic TLD,existing_iso_cctld_mapping,,168,39209,132232,0.011,0.011
.am,am,,ccTLD,Armenia,Asia ccTLD,ccTLD,Armenia,Asia,Asia ccTLD/geographic TLD,existing_iso_cctld_mapping,,168,39073,134908,0.011,0.011
.irish,irish,,gTLD_or_unknown,,Other gTLD/unknown,geographic_gTLD,Ireland,Europe,Europe ccTLD/geographic TLD,curated_geographic_gtld_override,Irish community,168,38715,167194,0.011,0.014
.az,az,,ccTLD,Azerbaijan,Asia ccTLD,ccTLD,Azerbaijan,Asia,Asia ccTLD/geographic TLD,existing_iso_cctld_mapping,,168,38441,138492,0.01,0.012
.fyi,fyi,,gTLD_or_unknown,,Other gTLD/unknown,global_gTLD,Global,Global,Global/non-regional TLD,default_non_geographic_tld,Non-ccTLD and not in curated geographic gTLD overrides.,168,36977,138377,0.01,0.012
.tokyo,tokyo,,gTLD_or_unknown,,Other gTLD/unknown,geographic_gTLD,Japan,Asia,Asia ccTLD/geographic TLD,curated_geographic_gtld_override,Tokyo city/metropolis,168,36878,101789,0.01,0.008
.cisco,cisco,,gTLD_or_unknown,,Other gTLD/unknown,global_gTLD,Global,Global,Global/non-regional TLD,default_non_geographic_tld,Non-ccTLD and not in curated geographic gTLD overrides.,168,36366,61531,0.01,0.005
.love,love,,gTLD_or_unknown,,Other gTLD/unknown,global_gTLD,Global,Global,Global/non-regional TLD,default_non_geographic_tld,Non-ccTLD and not in curated geographic gTLD overrides.,168,36315,113566,0.01,0.01
.mk,mk,,ccTLD,North Macedonia,Europe ccTLD,ccTLD,North Macedonia,Europe,Europe ccTLD/geographic TLD,existing_iso_cctld_mapping,,168,36301,122886,0.01,0.01
.quest,quest,,gTLD_or_unknown,,Other gTLD/unknown,global_gTLD,Global,Global,Global/non-regional TLD,default_non_geographic_tld,Non-ccTLD and not in curated geographic gTLD overrides.,168,36251,130002,0.01,0.011
.works,works,,gTLD_or_unknown,,Other gTLD/unknown,global_gTLD,Global,Global,Global/non-regional TLD,default_non_geographic_tld,Non-ccTLD and not in curated geographic gTLD overrides.,168,35925,104723,0.01,0.009
.academy,academy,,gTLD_or_unknown,,Other gTLD/unknown,global_gTLD,Global,Global,Global/non-regional TLD,default_non_geographic_tld,Non-ccTLD and not in curated geographic gTLD overrides.,168,35848,108984,0.01,0.009
.li,li,,ccTLD,Liechtenstein,Europe ccTLD,ccTLD,Liechtenstein,Europe,Europe ccTLD/geographic TLD,existing_iso_cctld_mapping,,168,35802,119186,0.01,0.01
.gay,gay,,gTLD_or_unknown,,Other gTLD/unknown,global_gTLD,Global,Global,Global/non-regional TLD,default_non_geographic_tld,Non-ccTLD and not in curated geographic gTLD overrides.,168,35783,112153,0.01,0.009
.nyc,nyc,,gTLD_or_unknown,,Other gTLD/unknown,geographic_gTLD,United States,Americas,Americas ccTLD/geographic TLD,curated_geographic_gtld_override,New York City,168,35596,90396,0.01,0.008
.health,health,,gTLD_or_unknown,,Other gTLD/unknown,global_gTLD,Global,Global,Global/non-regional TLD,default_non_geographic_tld,Non-ccTLD and not in curated geographic gTLD overrides.,168,35343,100777,0.01,0.008
.center,center,,gTLD_or_unknown,,Other gTLD/unknown,global_gTLD,Global,Global,Global/non-regional TLD,default_non_geographic_tld,Non-ccTLD and not in curated geographic gTLD overrides.,168,35324,114550,0.01,0.01
.loan,loan,,gTLD_or_unknown,,Other gTLD/unknown,global_gTLD,Global,Global,Global/non-regional TLD,default_non_geographic_tld,Non-ccTLD and not in curated geographic gTLD overrides.,168,35261,141614,0.01,0.012
.vu,vu,,ccTLD,Vanuatu,Oceania ccTLD,ccTLD,Vanuatu,Oceania,Oceania ccTLD/geographic TLD,existing_iso_cctld_mapping,,168,34732,96708,0.01,0.008
.bid,bid,,gTLD_or_unknown,,Other gTLD/unknown,global_gTLD,Global,Global,Global/non-regional TLD,default_non_geographic_tld,Non-ccTLD and not in curated geographic gTLD overrides.,168,34388,123484,0.009,0.01
.tn,tn,,ccTLD,Tunisia,Africa ccTLD,ccTLD,Tunisia,Africa,Africa ccTLD/geographic TLD,existing_iso_cctld_mapping,,168,33252,108330,0.009,0.009
.al,al,,ccTLD,Albania,Europe ccTLD,ccTLD,Albania,Europe,Europe ccTLD/geographic TLD,existing_iso_cctld_mapping,,168,32969,105853,0.009,0.009
.re,re,,ccTLD,Reunion,Africa ccTLD,ccTLD,Reunion,Africa,Africa ccTLD/geographic TLD,existing_iso_cctld_mapping,,168,32324,103432,0.009,0.009
.church,church,,gTLD_or_unknown,,Other gTLD/unknown,global_gTLD,Global,Global,Global/non-regional TLD,default_non_geographic_tld,Non-ccTLD and not in curated geographic gTLD overrides.,168,32025,104388,0.009,0.009
.ninja,ninja,,gTLD_or_unknown,,Other gTLD/unknown,global_gTLD,Global,Global,Global/non-regional TLD,default_non_geographic_tld,Non-ccTLD and not in curated geographic gTLD overrides.,168,31617,112366,0.009,0.009
.la,la,,ccTLD,Laos,Asia ccTLD,globalized_ccTLD,Laos,Global,Global/non-regional TLD,google_search_generic_cctld_list,Formal ccTLD treated as generic for geographic analysis; list checked 2026-08-18.,168,31575,89943,0.009,0.008
.py,py,,ccTLD,Paraguay,Americas ccTLD,ccTLD,Paraguay,Americas,Americas ccTLD/geographic TLD,existing_iso_cctld_mapping,,168,31154,103959,0.008,0.009
.ba,ba,,ccTLD,Bosnia and Herzegovina,Europe ccTLD,ccTLD,Bosnia and Herzegovina,Europe,Europe ccTLD/geographic TLD,existing_iso_cctld_mapping,,168,31105,107733,0.008,0.009
.bz,bz,,ccTLD,Belize,Americas ccTLD,globalized_ccTLD,Belize,Global,Global/non-regional TLD,google_search_generic_cctld_list,Formal ccTLD treated as generic for geographic analysis; list checked 2026-08-18.,168,30561,105293,0.008,0.009
.xn--o3cw4h,xn--o3cw4h,ไทย,gTLD_or_unknown,,Other gTLD/unknown,ccTLD,Thailand,Asia,Asia ccTLD/geographic TLD,curated_idn_cctld_override,Thailand IDN ccTLD,168,30129,69319,0.008,0.006
.tk,tk,,ccTLD,Tokelau,Oceania ccTLD,globalized_ccTLD,Tokelau,Global,Global/non-regional TLD,google_search_generic_cctld_list,Formal ccTLD treated as generic for geographic analysis; list checked 2026-08-18.,168,29961,111400,0.008,0.009
.mn,mn,,ccTLD,Mongolia,Asia ccTLD,ccTLD,Mongolia,Asia,Asia ccTLD/geographic TLD,existing_iso_cctld_mapping,,168,29286,89722,0.008,0.008
.do,do,,ccTLD,Dominican Republic,Americas ccTLD,ccTLD,Dominican Republic,Americas,Americas ccTLD/geographic TLD,existing_iso_cctld_mapping,,168,29253,94551,0.008,0.008
.finance,finance,,gTLD_or_unknown,,Other gTLD/unknown,global_gTLD,Global,Global,Global/non-regional TLD,default_non_geographic_tld,Non-ccTLD and not in curated geographic gTLD overrides.,168,28999,96429,0.008,0.008
.ly,ly,,ccTLD,Libya,Africa ccTLD,ccTLD,Libya,Africa,Africa ccTLD/geographic TLD,existing_iso_cctld_mapping,,168,28947,105372,0.008,0.009
.events,events,,gTLD_or_unknown,,Other gTLD/unknown,global_gTLD,Global,Global,Global/non-regional TLD,default_non_geographic_tld,Non-ccTLD and not in curated geographic gTLD overrides.,168,28825,79258,0.008,0.007
.monster,monster,,gTLD_or_unknown,,Other gTLD/unknown,global_gTLD,Global,Global,Global/non-regional TLD,default_non_geographic_tld,Non-ccTLD and not in curated geographic gTLD overrides.,168,28470,101978,0.008,0.008
.plus,plus,,gTLD_or_unknown,,Other gTLD/unknown,global_gTLD,Global,Global,Global/non-regional TLD,default_non_geographic_tld,Non-ccTLD and not in curated geographic gTLD overrides.,168,28078,92559,0.008,0.008
.date,date,,gTLD_or_unknown,,Other gTLD/unknown,global_gTLD,Global,Global,Global/non-regional TLD,default_non_geographic_tld,Non-ccTLD and not in curated geographic gTLD overrides.,168,27529,119483,0.008,0.01
.support,support,,gTLD_or_unknown,,Other gTLD/unknown,global_gTLD,Global,Global,Global/non-regional TLD,default_non_geographic_tld,Non-ccTLD and not in curated geographic gTLD overrides.,168,26961,87175,0.007,0.007
.llc,llc,,gTLD_or_unknown,,Other gTLD/unknown,global_gTLD,Global,Global,Global/non-regional TLD,default_non_geographic_tld,Non-ccTLD and not in curated geographic gTLD overrides.,168,26870,73809,0.007,0.006
.vc,vc,,ccTLD,Saint Vincent and the Grenadines,Americas ccTLD,ccTLD,Saint Vincent and the Grenadines,Americas,Americas ccTLD/geographic TLD,existing_iso_cctld_mapping,,168,26795,79159,0.007,0.007
.forum,forum,,gTLD_or_unknown,,Other gTLD/unknown,global_gTLD,Global,Global,Global/non-regional TLD,default_non_geographic_tld,Non-ccTLD and not in curated geographic gTLD overrides.,168,26307,118996,0.007,0.01
.so,so,,ccTLD,Somalia,Africa ccTLD,ccTLD,Somalia,Africa,Africa ccTLD/geographic TLD,existing_iso_cctld_mapping,,168,25862,83638,0.007,0.007
.software,software,,gTLD_or_unknown,,Other gTLD/unknown,global_gTLD,Global,Global,Global/non-regional TLD,default_non_geographic_tld,Non-ccTLD and not in curated geographic gTLD overrides.,168,25731,79884,0.007,0.007
.bar,bar,,gTLD_or_unknown,,Other gTLD/unknown,global_gTLD,Global,Global,Global/non-regional TLD,default_non_geographic_tld,Non-ccTLD and not in curated geographic gTLD overrides.,168,24567,87107,0.007,0.007
.baby,baby,,gTLD_or_unknown,,Other gTLD/unknown,global_gTLD,Global,Global,Global/non-regional TLD,default_non_geographic_tld,Non-ccTLD and not in curated geographic gTLD overrides.,168,24221,90925,0.007,0.008
.gt,gt,,ccTLD,Guatemala,Americas ccTLD,ccTLD,Guatemala,Americas,Americas ccTLD/geographic TLD,existing_iso_cctld_mapping,,168,23648,73907,0.006,0.006
.city,city,,gTLD_or_unknown,,Other gTLD/unknown,global_gTLD,Global,Global,Global/non-regional TLD,default_non_geographic_tld,Non-ccTLD and not in curated geographic gTLD overrides.,168,23302,75178,0.006,0.006
.xxx,xxx,,gTLD_or_unknown,,Other gTLD/unknown,global_gTLD,Global,Global,Global/non-regional TLD,default_non_geographic_tld,Non-ccTLD and not in curated geographic gTLD overrides.,168,23021,54265,0.006,0.005
.earth,earth,,gTLD_or_unknown,,Other gTLD/unknown,global_gTLD,Global,Global,Global/non-regional TLD,default_non_geographic_tld,Non-ccTLD and not in curated geographic gTLD overrides.,168,22907,65175,0.006,0.006
.cf,cf,,ccTLD,Central African Republic,Africa ccTLD,ccTLD,Central African Republic,Africa,Africa ccTLD/geographic TLD,existing_iso_cctld_mapping,,168,22548,83749,0.006,0.007
.bot,bot,,gTLD_or_unknown,,Other gTLD/unknown,global_gTLD,Global,Global,Global/non-regional TLD,default_non_geographic_tld,Non-ccTLD and not in curated geographic gTLD overrides.,168,22052,90847,0.006,0.008
.capital,capital,,gTLD_or_unknown,,Other gTLD/unknown,global_gTLD,Global,Global,Global/non-regional TLD,default_non_geographic_tld,Non-ccTLD and not in curated geographic gTLD overrides.,168,22035,64580,0.006,0.005
.gd,gd,,ccTLD,Grenada,Americas ccTLD,ccTLD,Grenada,Americas,Americas ccTLD/geographic TLD,existing_iso_cctld_mapping,,168,21924,62713,0.006,0.005
.moe,moe,,gTLD_or_unknown,,Other gTLD/unknown,global_gTLD,Global,Global,Global/non-regional TLD,default_non_geographic_tld,Non-ccTLD and not in curated geographic gTLD overrides.,168,21866,77110,0.006,0.006
.cx,cx,,ccTLD,Christmas Island,Asia ccTLD,ccTLD,Christmas Island,Asia,Asia ccTLD/geographic TLD,existing_iso_cctld_mapping,,168,21647,72946,0.006,0.006
.courses,courses,,gTLD_or_unknown,,Other gTLD/unknown,global_gTLD,Global,Global,Global/non-regional TLD,default_non_geographic_tld,Non-ccTLD and not in curated geographic gTLD overrides.,168,21221,63505,0.006,0.005
.st,st,,ccTLD,Sao Tome and Principe,Africa ccTLD,ccTLD,Sao Tome and Principe,Africa,Africa ccTLD/geographic TLD,existing_iso_cctld_mapping,,168,20828,67324,0.006,0.006
.family,family,,gTLD_or_unknown,,Other gTLD/unknown,global_gTLD,Global,Global,Global/non-regional TLD,default_non_geographic_tld,Non-ccTLD and not in curated geographic gTLD overrides.,168,20698,71580,0.006,0.006
.energy,energy,,gTLD_or_unknown,,Other gTLD/unknown,global_gTLD,Global,Global,Global/non-regional TLD,default_non_geographic_tld,Non-ccTLD and not in curated geographic gTLD overrides.,168,20612,59969,0.006,0.005
.sap,sap,,gTLD_or_unknown,,Other gTLD/unknown,global_gTLD,Global,Global,Global/non-regional TLD,default_non_geographic_tld,Non-ccTLD and not in curated geographic gTLD overrides.,168,20518,59278,0.006,0.005
.consulting,consulting,,gTLD_or_unknown,,Other gTLD/unknown,global_gTLD,Global,Global,Global/non-regional TLD,default_non_geographic_tld,Non-ccTLD and not in curated geographic gTLD overrides.,168,20490,60248,0.006,0.005
.fm,fm,,ccTLD,Micronesia,Oceania ccTLD,globalized_ccTLD,Micronesia,Global,Global/non-regional TLD,google_search_generic_cctld_list,Formal ccTLD treated as generic for geographic analysis; list checked 2026-08-18.,168,20470,64450,0.006,0.005
.travel,travel,,gTLD_or_unknown,,Other gTLD/unknown,global_gTLD,Global,Global,Global/non-regional TLD,default_non_geographic_tld,Non-ccTLD and not in curated geographic gTLD overrides.,168,20228,60406,0.006,0.005
.cy,cy,,ccTLD,Cyprus,Europe ccTLD,ccTLD,Cyprus,Europe,Europe ccTLD/geographic TLD,existing_iso_cctld_mapping,,168,19842,66615,0.005,0.006
.cm,cm,,ccTLD,Cameroon,Africa ccTLD,ccTLD,Cameroon,Africa,Africa ccTLD/geographic TLD,existing_iso_cctld_mapping,,168,19824,90808,0.005,0.008
.coffee,coffee,,gTLD_or_unknown,,Other gTLD/unknown,global_gTLD,Global,Global,Global/non-regional TLD,default_non_geographic_tld,Non-ccTLD and not in curated geographic gTLD overrides.,168,19701,55629,0.005,0.005
.now,now,,gTLD_or_unknown,,Other gTLD/unknown,global_gTLD,Global,Global,Global/non-regional TLD,default_non_geographic_tld,Non-ccTLD and not in curated geographic gTLD overrides.,168,19587,59051,0.005,0.005
.photography,photography,,gTLD_or_unknown,,Other gTLD/unknown,global_gTLD,Global,Global,Global/non-regional TLD,default_non_geographic_tld,Non-ccTLD and not in curated geographic gTLD overrides.,168,18994,52815,0.005,0.004
.business,business,,gTLD_or_unknown,,Other gTLD/unknown,global_gTLD,Global,Global,Global/non-regional TLD,default_non_geographic_tld,Non-ccTLD and not in curated geographic gTLD overrides.,168,18952,62386,0.005,0.005
.expert,expert,,gTLD_or_unknown,,Other gTLD/unknown,global_gTLD,Global,Global,Global/non-regional TLD,default_non_geographic_tld,Non-ccTLD and not in curated geographic gTLD overrides.,168,18943,54047,0.005,0.005
.trade,trade,,gTLD_or_unknown,,Other gTLD/unknown,global_gTLD,Global,Global,Global/non-regional TLD,default_non_geographic_tld,Non-ccTLD and not in curated geographic gTLD overrides.,168,18913,60801,0.005,0.005
.xin,xin,,gTLD_or_unknown,,Other gTLD/unknown,global_gTLD,Global,Global,Global/non-regional TLD,default_non_geographic_tld,Non-ccTLD and not in curated geographic gTLD overrides.,168,18877,62681,0.005,0.005
.education,education,,gTLD_or_unknown,,Other gTLD/unknown,global_gTLD,Global,Global,Global/non-regional TLD,default_non_geographic_tld,Non-ccTLD and not in curated geographic gTLD overrides.,168,18523,54163,0.005,0.005
.technology,technology,,gTLD_or_unknown,,Other gTLD/unknown,global_gTLD,Global,Global,Global/non-regional TLD,default_non_geographic_tld,Non-ccTLD and not in curated geographic gTLD overrides.,168,18274,53946,0.005,0.005
.red,red,,gTLD_or_unknown,,Other gTLD/unknown,global_gTLD,Global,Global,Global/non-regional TLD,default_non_geographic_tld,Non-ccTLD and not in curated geographic gTLD overrides.,168,18051,58591,0.005,0.005
.marketing,marketing,,gTLD_or_unknown,,Other gTLD/unknown,global_gTLD,Global,Global,Global/non-regional TLD,default_non_geographic_tld,Non-ccTLD and not in curated geographic gTLD overrides.,168,18037,53129,0.005,0.004
.stream,stream,,gTLD_or_unknown,,Other gTLD/unknown,global_gTLD,Global,Global,Global/non-regional TLD,default_non_geographic_tld,Non-ccTLD and not in curated geographic gTLD overrides.,168,17957,61925,0.005,0.005
.video,video,,gTLD_or_unknown,,Other gTLD/unknown,global_gTLD,Global,Global,Global/non-regional TLD,default_non_geographic_tld,Non-ccTLD and not in curated geographic gTLD overrides.,168,17710,55436,0.005,0.005
.house,house,,gTLD_or_unknown,,Other gTLD/unknown,global_gTLD,Global,Global,Global/non-regional TLD,default_non_geographic_tld,Non-ccTLD and not in curated geographic gTLD overrides.,168,17643,53944,0.005,0.005
.surf,surf,,gTLD_or_unknown,,Other gTLD/unknown,global_gTLD,Global,Global,Global/non-regional TLD,default_non_geographic_tld,Non-ccTLD and not in curated geographic gTLD overrides.,168,17481,59095,0.005,0.005
.wang,wang,,gTLD_or_unknown,,Other gTLD/unknown,global_gTLD,Global,Global,Global/non-regional TLD,default_non_geographic_tld,Non-ccTLD and not in curated geographic gTLD overrides.,168,17427,53458,0.005,0.005
.party,party,,gTLD_or_unknown,,Other gTLD/unknown,global_gTLD,Global,Global,Global/non-regional TLD,default_non_geographic_tld,Non-ccTLD and not in curated geographic gTLD overrides.,168,16996,65083,0.005,0.005
.foundation,foundation,,gTLD_or_unknown,,Other gTLD/unknown,global_gTLD,Global,Global,Global/non-regional TLD,default_non_geographic_tld,Non-ccTLD and not in curated geographic gTLD overrides.,168,16951,49584,0.005,0.004
.dvag,dvag,,gTLD_or_unknown,,Other gTLD/unknown,global_gTLD,Global,Global,Global/non-regional TLD,default_non_geographic_tld,Non-ccTLD and not in curated geographic gTLD overrides.,167,16829,34296,0.005,0.003
.ac,ac,,ccTLD,Ascension Island,Africa ccTLD,ccTLD,Ascension Island,Africa,Africa ccTLD/geographic TLD,existing_iso_cctld_mapping,,168,16708,56787,0.005,0.005
.food,food,,gTLD_or_unknown,,Other gTLD/unknown,global_gTLD,Global,Global,Global/non-regional TLD,default_non_geographic_tld,Non-ccTLD and not in curated geographic gTLD overrides.,168,16652,58840,0.005,0.005
.uno,uno,,gTLD_or_unknown,,Other gTLD/unknown,global_gTLD,Global,Global,Global/non-regional TLD,default_non_geographic_tld,Non-ccTLD and not in curated geographic gTLD overrides.,168,16527,55428,0.005,0.005
._ipv4,_ipv4,,special,,Other gTLD/unknown,global_gTLD,Global,Global,Global/non-regional TLD,default_non_geographic_tld,Non-ccTLD and not in curated geographic gTLD overrides.,168,16410,35219,0.005,0.003
.locker,locker,,gTLD_or_unknown,,Other gTLD/unknown,global_gTLD,Global,Global,Global/non-regional TLD,default_non_geographic_tld,Non-ccTLD and not in curated geographic gTLD overrides.,168,16136,61078,0.004,0.005
.cafe,cafe,,gTLD_or_unknown,,Other gTLD/unknown,global_gTLD,Global,Global,Global/non-regional TLD,default_non_geographic_tld,Non-ccTLD and not in curated geographic gTLD overrides.,168,16029,48335,0.004,0.004
.hair,hair,,gTLD_or_unknown,,Other gTLD/unknown,global_gTLD,Global,Global,Global/non-regional TLD,default_non_geographic_tld,Non-ccTLD and not in curated geographic gTLD overrides.,168,15983,58071,0.004,0.005
.ve,ve,,ccTLD,Venezuela,Americas ccTLD,ccTLD,Venezuela,Americas,Americas ccTLD/geographic TLD,existing_iso_cctld_mapping,,168,15830,54493,0.004,0.005
.codes,codes,,gTLD_or_unknown,,Other gTLD/unknown,global_gTLD,Global,Global,Global/non-regional TLD,default_non_geographic_tld,Non-ccTLD and not in curated geographic gTLD overrides.,168,15830,54466,0.004,0.005
.pub,pub,,gTLD_or_unknown,,Other gTLD/unknown,global_gTLD,Global,Global,Global/non-regional TLD,default_non_geographic_tld,Non-ccTLD and not in curated geographic gTLD overrides.,168,15808,44023,0.004,0.004
.watch,watch,,gTLD_or_unknown,,Other gTLD/unknown,global_gTLD,Global,Global,Global/non-regional TLD,default_non_geographic_tld,Non-ccTLD and not in curated geographic gTLD overrides.,168,15584,54714,0.004,0.005
.school,school,,gTLD_or_unknown,,Other gTLD/unknown,global_gTLD,Global,Global,Global/non-regional TLD,default_non_geographic_tld,Non-ccTLD and not in curated geographic gTLD overrides.,168,15569,48313,0.004,0.004
.land,land,,gTLD_or_unknown,,Other gTLD/unknown,global_gTLD,Global,Global,Global/non-regional TLD,default_non_geographic_tld,Non-ccTLD and not in curated geographic gTLD overrides.,168,15402,47953,0.004,0.004
.cool,cool,,gTLD_or_unknown,,Other gTLD/unknown,global_gTLD,Global,Global,Global/non-regional TLD,default_non_geographic_tld,Non-ccTLD and not in curated geographic gTLD overrides.,168,15344,48504,0.004,0.004
.farm,farm,,gTLD_or_unknown,,Other gTLD/unknown,global_gTLD,Global,Global,Global/non-regional TLD,default_non_geographic_tld,Non-ccTLD and not in curated geographic gTLD overrides.,168,15284,46693,0.004,0.004
.reviews,reviews,,gTLD_or_unknown,,Other gTLD/unknown,global_gTLD,Global,Global,Global/non-regional TLD,default_non_geographic_tld,Non-ccTLD and not in curated geographic gTLD overrides.,168,15279,36925,0.004,0.003
.ao,ao,,ccTLD,Angola,Africa ccTLD,ccTLD,Angola,Africa,Africa ccTLD/geographic TLD,existing_iso_cctld_mapping,,168,15121,51244,0.004,0.004
.money,money,,gTLD_or_unknown,,Other gTLD/unknown,global_gTLD,Global,Global,Global/non-regional TLD,default_non_geographic_tld,Non-ccTLD and not in curated geographic gTLD overrides.,168,15110,46331,0.004,0.004
.ag,ag,,ccTLD,Antigua and Barbuda,Americas ccTLD,ccTLD,Antigua and Barbuda,Americas,Americas ccTLD/geographic TLD,existing_iso_cctld_mapping,,168,14807,45088,0.004,0.004
.cr,cr,,ccTLD,Costa Rica,Americas ccTLD,ccTLD,Costa Rica,Americas,Americas ccTLD/geographic TLD,existing_iso_cctld_mapping,,168,14768,47188,0.004,0.004
.build,build,,gTLD_or_unknown,,Other gTLD/unknown,global_gTLD,Global,Global,Global/non-regional TLD,default_non_geographic_tld,Non-ccTLD and not in curated geographic gTLD overrides.,168,14543,46472,0.004,0.004
.london,london,,gTLD_or_unknown,,Other gTLD/unknown,geographic_gTLD,United Kingdom,Europe,Europe ccTLD/geographic TLD,curated_geographic_gtld_override,London city,168,14457,43210,0.004,0.004
.observer,observer,,gTLD_or_unknown,,Other gTLD/unknown,global_gTLD,Global,Global,Global/non-regional TLD,default_non_geographic_tld,Non-ccTLD and not in curated geographic gTLD overrides.,168,14438,43412,0.004,0.004
.skin,skin,,gTLD_or_unknown,,Other gTLD/unknown,global_gTLD,Global,Global,Global/non-regional TLD,default_non_geographic_tld,Non-ccTLD and not in curated geographic gTLD overrides.,168,14415,54618,0.004,0.005
.bo,bo,,ccTLD,Bolivia,Americas ccTLD,ccTLD,Bolivia,Americas,Americas ccTLD/geographic TLD,existing_iso_cctld_mapping,,168,14355,44997,0.004,0.004
.market,market,,gTLD_or_unknown,,Other gTLD/unknown,global_gTLD,Global,Global,Global/non-regional TLD,default_non_geographic_tld,Non-ccTLD and not in curated geographic gTLD overrides.,168,14313,40579,0.004,0.003
.clinic,clinic,,gTLD_or_unknown,,Other gTLD/unknown,global_gTLD,Global,Global,Global/non-regional TLD,default_non_geographic_tld,Non-ccTLD and not in curated geographic gTLD overrides.,168,14160,51599,0.004,0.004
.qa,qa,,ccTLD,Qatar,Asia ccTLD,ccTLD,Qatar,Asia,Asia ccTLD/geographic TLD,existing_iso_cctld_mapping,,168,14000,46083,0.004,0.004
.coach,coach,,gTLD_or_unknown,,Other gTLD/unknown,global_gTLD,Global,Global,Global/non-regional TLD,default_non_geographic_tld,Non-ccTLD and not in curated geographic gTLD overrides.,168,13892,40741,0.004,0.003
.delivery,delivery,,gTLD_or_unknown,,Other gTLD/unknown,global_gTLD,Global,Global,Global/non-regional TLD,default_non_geographic_tld,Non-ccTLD and not in curated geographic gTLD overrides.,168,13796,44920,0.004,0.004
.mt,mt,,ccTLD,Malta,Europe ccTLD,ccTLD,Malta,Europe,Europe ccTLD/geographic TLD,existing_iso_cctld_mapping,,168,13570,47350,0.004,0.004
.community,community,,gTLD_or_unknown,,Other gTLD/unknown,global_gTLD,Global,Global,Global/non-regional TLD,default_non_geographic_tld,Non-ccTLD and not in curated geographic gTLD overrides.,168,13512,41472,0.004,0.003
.legal,legal,,gTLD_or_unknown,,Other gTLD/unknown,global_gTLD,Global,Global,Global/non-regional TLD,default_non_geographic_tld,Non-ccTLD and not in curated geographic gTLD overrides.,168,13468,39417,0.004,0.003
.aero,aero,,gTLD_or_unknown,,Other gTLD/unknown,global_gTLD,Global,Global,Global/non-regional TLD,default_non_geographic_tld,Non-ccTLD and not in curated geographic gTLD overrides.,168,13132,41578,0.004,0.003
.wine,wine,,gTLD_or_unknown,,Other gTLD/unknown,global_gTLD,Global,Global,Global/non-regional TLD,default_non_geographic_tld,Non-ccTLD and not in curated geographic gTLD overrides.,168,12985,40414,0.003,0.003
.law,law,,gTLD_or_unknown,,Other gTLD/unknown,global_gTLD,Global,Global,Global/non-regional TLD,default_non_geographic_tld,Non-ccTLD and not in curated geographic gTLD overrides.,168,12812,37214,0.003,0.003
.vision,vision,,gTLD_or_unknown,,Other gTLD/unknown,global_gTLD,Global,Global,Global/non-regional TLD,default_non_geographic_tld,Non-ccTLD and not in curated geographic gTLD overrides.,168,12786,42350,0.003,0.003
.show,show,,gTLD_or_unknown,,Other gTLD/unknown,global_gTLD,Global,Global,Global/non-regional TLD,default_non_geographic_tld,Non-ccTLD and not in curated geographic gTLD overrides.,168,12488,43995,0.003,0.004
.spot,spot,,gTLD_or_unknown,,Other gTLD/unknown,global_gTLD,Global,Global,Global/non-regional TLD,default_non_geographic_tld,Non-ccTLD and not in curated geographic gTLD overrides.,168,12458,38045,0.003,0.003
.pet,pet,,gTLD_or_unknown,,Other gTLD/unknown,global_gTLD,Global,Global,Global/non-regional TLD,default_non_geographic_tld,Non-ccTLD and not in curated geographic gTLD overrides.,168,12443,36823,0.003,0.003
.boats,boats,,gTLD_or_unknown,,Other gTLD/unknown,global_gTLD,Global,Global,Global/non-regional TLD,default_non_geographic_tld,Non-ccTLD and not in curated geographic gTLD overrides.,168,12438,45627,0.003,0.004
.cash,cash,,gTLD_or_unknown,,Other gTLD/unknown,global_gTLD,Global,Global,Global/non-regional TLD,default_non_geographic_tld,Non-ccTLD and not in curated geographic gTLD overrides.,168,12251,38399,0.003,0.003
.blue,blue,,gTLD_or_unknown,,Other gTLD/unknown,global_gTLD,Global,Global,Global/non-regional TLD,default_non_geographic_tld,Non-ccTLD and not in curated geographic gTLD overrides.,168,12194,38898,0.003,0.003
.ventures,ventures,,gTLD_or_unknown,,Other gTLD/unknown,global_gTLD,Global,Global,Global/non-regional TLD,default_non_geographic_tld,Non-ccTLD and not in curated geographic gTLD overrides.,168,12119,35034,0.003,0.003
.band,band,,gTLD_or_unknown,,Other gTLD/unknown,global_gTLD,Global,Global,Global/non-regional TLD,default_non_geographic_tld,Non-ccTLD and not in curated geographic gTLD overrides.,168,11688,34531,0.003,0.003
.gq,gq,,ccTLD,Equatorial Guinea,Africa ccTLD,ccTLD,Equatorial Guinea,Africa,Africa ccTLD/geographic TLD,existing_iso_cctld_mapping,,168,11593,42816,0.003,0.004
.ug,ug,,ccTLD,Uganda,Africa ccTLD,ccTLD,Uganda,Africa,Africa ccTLD/geographic TLD,existing_iso_cctld_mapping,,168,11560,38753,0.003,0.003
.training,training,,gTLD_or_unknown,,Other gTLD/unknown,global_gTLD,Global,Global,Global/non-regional TLD,default_non_geographic_tld,Non-ccTLD and not in curated geographic gTLD overrides.,168,11560,33113,0.003,0.003
.town,town,,gTLD_or_unknown,,Other gTLD/unknown,global_gTLD,Global,Global,Global/non-regional TLD,default_non_geographic_tld,Non-ccTLD and not in curated geographic gTLD overrides.,168,11539,41845,0.003,0.003
.mz,mz,,ccTLD,Mozambique,Africa ccTLD,ccTLD,Mozambique,Africa,Africa ccTLD/geographic TLD,existing_iso_cctld_mapping,,168,11398,37113,0.003,0.003
.ing,ing,,gTLD_or_unknown,,Other gTLD/unknown,global_gTLD,Global,Global,Global/non-regional TLD,default_non_geographic_tld,Non-ccTLD and not in curated geographic gTLD overrides.,168,11320,39776,0.003,0.003
.dog,dog,,gTLD_or_unknown,,Other gTLD/unknown,global_gTLD,Global,Global,Global/non-regional TLD,default_non_geographic_tld,Non-ccTLD and not in curated geographic gTLD overrides.,168,11304,36835,0.003,0.003
.domains,domains,,gTLD_or_unknown,,Other gTLD/unknown,global_gTLD,Global,Global,Global/non-regional TLD,default_non_geographic_tld,Non-ccTLD and not in curated geographic gTLD overrides.,168,11301,37970,0.003,0.003
.berlin,berlin,,gTLD_or_unknown,,Other gTLD/unknown,geographic_gTLD,Germany,Europe,Europe ccTLD/geographic TLD,curated_geographic_gtld_override,Berlin city,168,11195,33563,0.003,0.003
.gdn,gdn,,gTLD_or_unknown,,Other gTLD/unknown,global_gTLD,Global,Global,Global/non-regional TLD,default_non_geographic_tld,Non-ccTLD and not in curated geographic gTLD overrides.,168,11147,40920,0.003,0.003
.exchange,exchange,,gTLD_or_unknown,,Other gTLD/unknown,global_gTLD,Global,Global,Global/non-regional TLD,default_non_geographic_tld,Non-ccTLD and not in curated geographic gTLD overrides.,168,11088,34795,0.003,0.003
.guide,guide,,gTLD_or_unknown,,Other gTLD/unknown,global_gTLD,Global,Global,Global/non-regional TLD,default_non_geographic_tld,Non-ccTLD and not in curated geographic gTLD overrides.,168,11063,35256,0.003,0.003
.dz,dz,,ccTLD,Algeria,Africa ccTLD,ccTLD,Algeria,Africa,Africa ccTLD/geographic TLD,existing_iso_cctld_mapping,,168,11000,34749,0.003,0.003
.swiss,swiss,,gTLD_or_unknown,,Other gTLD/unknown,geographic_gTLD,Switzerland,Europe,Europe ccTLD/geographic TLD,curated_geographic_gtld_override,Swiss community,168,10894,33154,0.003,0.003
.study,study,,gTLD_or_unknown,,Other gTLD/unknown,global_gTLD,Global,Global,Global/non-regional TLD,default_non_geographic_tld,Non-ccTLD and not in curated geographic gTLD overrides.,168,10818,35442,0.003,0.003
.photos,photos,,gTLD_or_unknown,,Other gTLD/unknown,global_gTLD,Global,Global,Global/non-regional TLD,default_non_geographic_tld,Non-ccTLD and not in curated geographic gTLD overrides.,168,10798,32302,0.003,0.003
.partners,partners,,gTLD_or_unknown,,Other gTLD/unknown,global_gTLD,Global,Global,Global/non-regional TLD,default_non_geographic_tld,Non-ccTLD and not in curated geographic gTLD overrides.,168,10798,31414,0.003,0.003
.yachts,yachts,,gTLD_or_unknown,,Other gTLD/unknown,global_gTLD,Global,Global,Global/non-regional TLD,default_non_geographic_tld,Non-ccTLD and not in curated geographic gTLD overrides.,168,10708,46428,0.003,0.004
.coop,coop,,gTLD_or_unknown,,Other gTLD/unknown,global_gTLD,Global,Global,Global/non-regional TLD,default_non_geographic_tld,Non-ccTLD and not in curated geographic gTLD overrides.,168,10703,32841,0.003,0.003
.iq,iq,,ccTLD,Iraq,Asia ccTLD,ccTLD,Iraq,Asia,Asia ccTLD/geographic TLD,existing_iso_cctld_mapping,,168,10640,35643,0.003,0.003
.international,international,,gTLD_or_unknown,,Other gTLD/unknown,global_gTLD,Global,Global,Global/non-regional TLD,default_non_geographic_tld,Non-ccTLD and not in curated geographic gTLD overrides.,168,10590,30086,0.003,0.002
.ad,ad,,ccTLD,Andorra,Europe ccTLD,globalized_ccTLD,Andorra,Global,Global/non-regional TLD,google_search_generic_cctld_list,Formal ccTLD treated as generic for geographic analysis; list checked 2026-08-18.,168,10575,34279,0.003,0.003
.gallery,gallery,,gTLD_or_unknown,,Other gTLD/unknown,global_gTLD,Global,Global,Global/non-regional TLD,default_non_geographic_tld,Non-ccTLD and not in curated geographic gTLD overrides.,168,10527,31074,0.003,0.003
.fund,fund,,gTLD_or_unknown,,Other gTLD/unknown,global_gTLD,Global,Global,Global/non-regional TLD,default_non_geographic_tld,Non-ccTLD and not in curated geographic gTLD overrides.,168,10115,28171,0.003,0.002
.institute,institute,,gTLD_or_unknown,,Other gTLD/unknown,global_gTLD,Global,Global,Global/non-regional TLD,default_non_geographic_tld,Non-ccTLD and not in curated geographic gTLD overrides.,168,10024,31682,0.003,0.003
.express,express,,gTLD_or_unknown,,Other gTLD/unknown,global_gTLD,Global,Global,Global/non-regional TLD,default_non_geographic_tld,Non-ccTLD and not in curated geographic gTLD overrides.,168,10017,26087,0.003,0.002
.makeup,makeup,,gTLD_or_unknown,,Other gTLD/unknown,global_gTLD,Global,Global,Global/non-regional TLD,default_non_geographic_tld,Non-ccTLD and not in curated geographic gTLD overrides.,168,9863,36854,0.003,0.003
.et,et,,ccTLD,Ethiopia,Africa ccTLD,ccTLD,Ethiopia,Africa,Africa ccTLD/geographic TLD,existing_iso_cctld_mapping,,168,9832,29869,0.003,0.002
.tours,tours,,gTLD_or_unknown,,Other gTLD/unknown,global_gTLD,Global,Global,Global/non-regional TLD,default_non_geographic_tld,Non-ccTLD and not in curated geographic gTLD overrides.,168,9818,29290,0.003,0.002
.mu,mu,,ccTLD,Mauritius,Africa ccTLD,ccTLD,Mauritius,Africa,Africa ccTLD/geographic TLD,existing_iso_cctld_mapping,,168,9734,32779,0.003,0.003
.golf,golf,,gTLD_or_unknown,,Other gTLD/unknown,global_gTLD,Global,Global,Global/non-regional TLD,default_non_geographic_tld,Non-ccTLD and not in curated geographic gTLD overrides.,168,9728,26502,0.003,0.002
.bike,bike,,gTLD_or_unknown,,Other gTLD/unknown,global_gTLD,Global,Global,Global/non-regional TLD,default_non_geographic_tld,Non-ccTLD and not in curated geographic gTLD overrides.,168,9637,29519,0.003,0.002
.place,place,,gTLD_or_unknown,,Other gTLD/unknown,global_gTLD,Global,Global,Global/non-regional TLD,default_non_geographic_tld,Non-ccTLD and not in curated geographic gTLD overrides.,168,9411,31128,0.003,0.003
.boutique,boutique,,gTLD_or_unknown,,Other gTLD/unknown,global_gTLD,Global,Global,Global/non-regional TLD,default_non_geographic_tld,Non-ccTLD and not in curated geographic gTLD overrides.,168,9408,31445,0.003,0.003
.army,army,,gTLD_or_unknown,,Other gTLD/unknown,global_gTLD,Global,Global,Global/non-regional TLD,default_non_geographic_tld,Non-ccTLD and not in curated geographic gTLD overrides.,168,9395,26735,0.003,0.002
.gmbh,gmbh,,gTLD_or_unknown,,Other gTLD/unknown,global_gTLD,Global,Global,Global/non-regional TLD,default_non_geographic_tld,Non-ccTLD and not in curated geographic gTLD overrides.,168,9262,29393,0.002,0.002
.haus,haus,,gTLD_or_unknown,,Other gTLD/unknown,global_gTLD,Global,Global,Global/non-regional TLD,default_non_geographic_tld,Non-ccTLD and not in curated geographic gTLD overrides.,168,9161,29066,0.002,0.002
.eus,eus,,gTLD_or_unknown,,Other gTLD/unknown,geographic_gTLD,Basque linguistic/cultural community,Europe,Europe ccTLD/geographic TLD,curated_geographic_gtld_override,Basque community,168,9087,29020,0.002,0.002
.bw,bw,,ccTLD,Botswana,Africa ccTLD,ccTLD,Botswana,Africa,Africa ccTLD/geographic TLD,existing_iso_cctld_mapping,,168,9039,29557,0.002,0.002
.gs,gs,,ccTLD,South Georgia and the South Sandwich Islands,Other ccTLD/territory,ccTLD,South Georgia and the South Sandwich Islands,Antarctica,Antarctica ccTLD/geographic TLD,existing_iso_cctld_mapping,,168,8930,26040,0.002,0.002
.ooo,ooo,,gTLD_or_unknown,,Other gTLD/unknown,global_gTLD,Global,Global,Global/non-regional TLD,default_non_geographic_tld,Non-ccTLD and not in curated geographic gTLD overrides.,168,8900,28062,0.002,0.002
.bzh,bzh,,gTLD_or_unknown,,Other gTLD/unknown,geographic_gTLD,France,Europe,Europe ccTLD/geographic TLD,curated_geographic_gtld_override,Brittany cultural/geographic TLD,168,8867,26957,0.002,0.002
.rent,rent,,gTLD_or_unknown,,Other gTLD/unknown,global_gTLD,Global,Global,Global/non-regional TLD,default_non_geographic_tld,Non-ccTLD and not in curated geographic gTLD overrides.,168,8855,26635,0.002,0.002
.photo,photo,,gTLD_or_unknown,,Other gTLD/unknown,global_gTLD,Global,Global,Global/non-regional TLD,default_non_geographic_tld,Non-ccTLD and not in curated geographic gTLD overrides.,168,8854,26537,0.002,0.002
.sv,sv,,ccTLD,El Salvador,Americas ccTLD,ccTLD,El Salvador,Americas,Americas ccTLD/geographic TLD,existing_iso_cctld_mapping,,168,8820,28092,0.002,0.002
.press,press,,gTLD_or_unknown,,Other gTLD/unknown,global_gTLD,Global,Global,Global/non-regional TLD,default_non_geographic_tld,Non-ccTLD and not in curated geographic gTLD overrides.,168,8755,25578,0.002,0.002
.men,men,,gTLD_or_unknown,,Other gTLD/unknown,global_gTLD,Global,Global,Global/non-regional TLD,default_non_geographic_tld,Non-ccTLD and not in curated geographic gTLD overrides.,168,8734,32223,0.002,0.003
.day,day,,gTLD_or_unknown,,Other gTLD/unknown,global_gTLD,Global,Global,Global/non-regional TLD,default_non_geographic_tld,Non-ccTLD and not in curated geographic gTLD overrides.,168,8710,30416,0.002,0.002
.sn,sn,,ccTLD,Senegal,Africa ccTLD,ccTLD,Senegal,Africa,Africa ccTLD/geographic TLD,existing_iso_cctld_mapping,,168,8646,27197,0.002,0.002
.pa,pa,,ccTLD,Panama,Americas ccTLD,ccTLD,Panama,Americas,Americas ccTLD/geographic TLD,existing_iso_cctld_mapping,,168,8612,28025,0.002,0.002
.ps,ps,,ccTLD,Palestine,Asia ccTLD,ccTLD,Palestine,Asia,Asia ccTLD/geographic TLD,existing_iso_cctld_mapping,,168,8489,27934,0.002,0.002
.rentals,rentals,,gTLD_or_unknown,,Other gTLD/unknown,global_gTLD,Global,Global,Global/non-regional TLD,default_non_geographic_tld,Non-ccTLD and not in curated geographic gTLD overrides.,168,8405,23016,0.002,0.002
.cards,cards,,gTLD_or_unknown,,Other gTLD/unknown,global_gTLD,Global,Global,Global/non-regional TLD,default_non_geographic_tld,Non-ccTLD and not in curated geographic gTLD overrides.,168,8365,27389,0.002,0.002
.rw,rw,,ccTLD,Rwanda,Africa ccTLD,ccTLD,Rwanda,Africa,Africa ccTLD/geographic TLD,existing_iso_cctld_mapping,,168,8293,27088,0.002,0.002
.sale,sale,,gTLD_or_unknown,,Other gTLD/unknown,global_gTLD,Global,Global,Global/non-regional TLD,default_non_geographic_tld,Non-ccTLD and not in curated geographic gTLD overrides.,168,8207,26982,0.002,0.002
.gold,gold,,gTLD_or_unknown,,Other gTLD/unknown,global_gTLD,Global,Global,Global/non-regional TLD,default_non_geographic_tld,Non-ccTLD and not in curated geographic gTLD overrides.,168,8093,25216,0.002,0.002
.flights,flights,,gTLD_or_unknown,,Other gTLD/unknown,global_gTLD,Global,Global,Global/non-regional TLD,default_non_geographic_tld,Non-ccTLD and not in curated geographic gTLD overrides.,168,7894,29891,0.002,0.002
.apartments,apartments,,gTLD_or_unknown,,Other gTLD/unknown,global_gTLD,Global,Global,Global/non-regional TLD,default_non_geographic_tld,Non-ccTLD and not in curated geographic gTLD overrides.,167,7818,25438,0.002,0.002
.rip,rip,,gTLD_or_unknown,,Other gTLD/unknown,global_gTLD,Global,Global,Global/non-regional TLD,default_non_geographic_tld,Non-ccTLD and not in curated geographic gTLD overrides.,168,7762,28649,0.002,0.002
.menu,menu,,gTLD_or_unknown,,Other gTLD/unknown,global_gTLD,Global,Global,Global/non-regional TLD,default_non_geographic_tld,Non-ccTLD and not in curated geographic gTLD overrides.,168,7724,21737,0.002,0.002
.tax,tax,,gTLD_or_unknown,,Other gTLD/unknown,global_gTLD,Global,Global,Global/non-regional TLD,default_non_geographic_tld,Non-ccTLD and not in curated geographic gTLD overrides.,168,7696,22907,0.002,0.002
.moscow,moscow,,gTLD_or_unknown,,Other gTLD/unknown,geographic_gTLD,Russia,Europe,Europe ccTLD/geographic TLD,curated_geographic_gtld_override,Moscow city; Russia is transcontinental,168,7661,21486,0.002,0.002
.immo,immo,,gTLD_or_unknown,,Other gTLD/unknown,global_gTLD,Global,Global,Global/non-regional TLD,default_non_geographic_tld,Non-ccTLD and not in curated geographic gTLD overrides.,168,7579,25234,0.002,0.002
.tips,tips,,gTLD_or_unknown,,Other gTLD/unknown,global_gTLD,Global,Global,Global/non-regional TLD,default_non_geographic_tld,Non-ccTLD and not in curated geographic gTLD overrides.,168,7544,24379,0.002,0.002
.zip,zip,,gTLD_or_unknown,,Other gTLD/unknown,global_gTLD,Global,Global,Global/non-regional TLD,default_non_geographic_tld,Non-ccTLD and not in curated geographic gTLD overrides.,168,7532,26448,0.002,0.002
.xn--p1acf,xn--p1acf,рус,gTLD_or_unknown,,Other gTLD/unknown,global_gTLD,Global,Global,Global/non-regional TLD,default_non_geographic_tld,Non-ccTLD and not in curated geographic gTLD overrides.,168,7518,21624,0.002,0.002
.audio,audio,,gTLD_or_unknown,,Other gTLD/unknown,global_gTLD,Global,Global,Global/non-regional TLD,default_non_geographic_tld,Non-ccTLD and not in curated geographic gTLD overrides.,168,7490,19128,0.002,0.002
.bayern,bayern,,gTLD_or_unknown,,Other gTLD/unknown,geographic_gTLD,Germany,Europe,Europe ccTLD/geographic TLD,curated_geographic_gtld_override,Bavaria region,168,7478,24803,0.002,0.002
.eco,eco,,gTLD_or_unknown,,Other gTLD/unknown,global_gTLD,Global,Global,Global/non-regional TLD,default_non_geographic_tld,Non-ccTLD and not in curated geographic gTLD overrides.,168,7467,22006,0.002,0.002
.style,style,,gTLD_or_unknown,,Other gTLD/unknown,global_gTLD,Global,Global,Global/non-regional TLD,default_non_geographic_tld,Non-ccTLD and not in curated geographic gTLD overrides.,168,7360,22267,0.002,0.002
.science,science,,gTLD_or_unknown,,Other gTLD/unknown,global_gTLD,Global,Global,Global/non-regional TLD,default_non_geographic_tld,Non-ccTLD and not in curated geographic gTLD overrides.,168,7329,23201,0.002,0.002
.mg,mg,,ccTLD,Madagascar,Africa ccTLD,ccTLD,Madagascar,Africa,Africa ccTLD/geographic TLD,existing_iso_cctld_mapping,,168,7182,22079,0.002,0.002
.eg,eg,,ccTLD,Egypt,Africa ccTLD,ccTLD,Egypt,Africa,Africa ccTLD/geographic TLD,existing_iso_cctld_mapping,,168,7172,23069,0.002,0.002
.vet,vet,,gTLD_or_unknown,,Other gTLD/unknown,global_gTLD,Global,Global,Global/non-regional TLD,default_non_geographic_tld,Non-ccTLD and not in curated geographic gTLD overrides.,168,7168,21874,0.002,0.002
.vin,vin,,gTLD_or_unknown,,Other gTLD/unknown,global_gTLD,Global,Global,Global/non-regional TLD,default_non_geographic_tld,Non-ccTLD and not in curated geographic gTLD overrides.,168,7153,23682,0.002,0.002
.sucks,sucks,,gTLD_or_unknown,,Other gTLD/unknown,global_gTLD,Global,Global,Global/non-regional TLD,default_non_geographic_tld,Non-ccTLD and not in curated geographic gTLD overrides.,168,7087,16765,0.002,0.001
.wedding,wedding,,gTLD_or_unknown,,Other gTLD/unknown,global_gTLD,Global,Global,Global/non-regional TLD,default_non_geographic_tld,Non-ccTLD and not in curated geographic gTLD overrides.,168,7073,22549,0.002,0.002
.directory,directory,,gTLD_or_unknown,,Other gTLD/unknown,global_gTLD,Global,Global,Global/non-regional TLD,default_non_geographic_tld,Non-ccTLD and not in curated geographic gTLD overrides.,168,7066,21843,0.002,0.002
.kim,kim,,gTLD_or_unknown,,Other gTLD/unknown,global_gTLD,Global,Global,Global/non-regional TLD,default_non_geographic_tld,Non-ccTLD and not in curated geographic gTLD overrides.,168,7039,23899,0.002,0.002
.yt,yt,,ccTLD,Mayotte,Africa ccTLD,ccTLD,Mayotte,Africa,Africa ccTLD/geographic TLD,existing_iso_cctld_mapping,,168,6892,18394,0.002,0.002
.estate,estate,,gTLD_or_unknown,,Other gTLD/unknown,global_gTLD,Global,Global,Global/non-regional TLD,default_non_geographic_tld,Non-ccTLD and not in curated geographic gTLD overrides.,168,6830,19364,0.002,0.002
.pm,pm,,ccTLD,Saint Pierre and Miquelon,Americas ccTLD,ccTLD,Saint Pierre and Miquelon,Americas,Americas ccTLD/geographic TLD,existing_iso_cctld_mapping,,168,6822,24457,0.002,0.002
.fitness,fitness,,gTLD_or_unknown,,Other gTLD/unknown,global_gTLD,Global,Global,Global/non-regional TLD,default_non_geographic_tld,Non-ccTLD and not in curated geographic gTLD overrides.,168,6799,20073,0.002,0.002
.xn--90ais,xn--90ais,бел,gTLD_or_unknown,,Other gTLD/unknown,ccTLD,Belarus,Europe,Europe ccTLD/geographic TLD,curated_idn_cctld_override,Belarus IDN ccTLD,168,6770,22402,0.002,0.002
.pizza,pizza,,gTLD_or_unknown,,Other gTLD/unknown,global_gTLD,Global,Global,Global/non-regional TLD,default_non_geographic_tld,Non-ccTLD and not in curated geographic gTLD overrides.,168,6721,21931,0.002,0.002
.fo,fo,,ccTLD,Faroe Islands,Europe ccTLD,ccTLD,Faroe Islands,Europe,Europe ccTLD/geographic TLD,existing_iso_cctld_mapping,,168,6720,21187,0.002,0.002
.download,download,,gTLD_or_unknown,,Other gTLD/unknown,global_gTLD,Global,Global,Global/non-regional TLD,default_non_geographic_tld,Non-ccTLD and not in curated geographic gTLD overrides.,168,6713,24311,0.002,0.002
.fashion,fashion,,gTLD_or_unknown,,Other gTLD/unknown,global_gTLD,Global,Global,Global/non-regional TLD,default_non_geographic_tld,Non-ccTLD and not in curated geographic gTLD overrides.,168,6696,19321,0.002,0.002
.living,living,,gTLD_or_unknown,,Other gTLD/unknown,global_gTLD,Global,Global,Global/non-regional TLD,default_non_geographic_tld,Non-ccTLD and not in curated geographic gTLD overrides.,168,6694,25479,0.002,0.002
.scot,scot,,gTLD_or_unknown,,Other gTLD/unknown,geographic_gTLD,United Kingdom,Europe,Europe ccTLD/geographic TLD,curated_geographic_gtld_override,Scotland community,168,6641,21677,0.002,0.002
.miami,miami,,gTLD_or_unknown,,Other gTLD/unknown,geographic_gTLD,United States,Americas,Americas ccTLD/geographic TLD,curated_geographic_gtld_override,Miami city,168,6637,17736,0.002,0.002
.je,je,,ccTLD,Jersey,Europe ccTLD,ccTLD,Jersey,Europe,Europe ccTLD/geographic TLD,existing_iso_cctld_mapping,,168,6629,20352,0.002,0.002
.yoga,yoga,,gTLD_or_unknown,,Other gTLD/unknown,global_gTLD,Global,Global,Global/non-regional TLD,default_non_geographic_tld,Non-ccTLD and not in curated geographic gTLD overrides.,168,6598,22155,0.002,0.002
.report,report,,gTLD_or_unknown,,Other gTLD/unknown,global_gTLD,Global,Global,Global/non-regional TLD,default_non_geographic_tld,Non-ccTLD and not in curated geographic gTLD overrides.,168,6528,21344,0.002,0.002
.enterprises,enterprises,,gTLD_or_unknown,,Other gTLD/unknown,global_gTLD,Global,Global,Global/non-regional TLD,default_non_geographic_tld,Non-ccTLD and not in curated geographic gTLD overrides.,168,6429,20889,0.002,0.002
.game,game,,gTLD_or_unknown,,Other gTLD/unknown,global_gTLD,Global,Global,Global/non-regional TLD,default_non_geographic_tld,Non-ccTLD and not in curated geographic gTLD overrides.,168,6427,23199,0.002,0.002
.paris,paris,,gTLD_or_unknown,,Other gTLD/unknown,geographic_gTLD,France,Europe,Europe ccTLD/geographic TLD,curated_geographic_gtld_override,Paris city,168,6393,18810,0.002,0.002
.as,as,,ccTLD,American Samoa,Oceania ccTLD,globalized_ccTLD,American Samoa,Global,Global/non-regional TLD,google_search_generic_cctld_list,Formal ccTLD treated as generic for geographic analysis; list checked 2026-08-18.,168,6372,18458,0.002,0.002
.na,na,,ccTLD,Namibia,Africa ccTLD,ccTLD,Namibia,Africa,Africa ccTLD/geographic TLD,existing_iso_cctld_mapping,,168,6315,19541,0.002,0.002
.you,you,,gTLD_or_unknown,,Other gTLD/unknown,global_gTLD,Global,Global,Global/non-regional TLD,default_non_geographic_tld,Non-ccTLD and not in curated geographic gTLD overrides.,168,6276,19317,0.002,0.002
.mv,mv,,ccTLD,Maldives,Asia ccTLD,ccTLD,Maldives,Asia,Asia ccTLD/geographic TLD,existing_iso_cctld_mapping,,168,6267,20523,0.002,0.002
.review,review,,gTLD_or_unknown,,Other gTLD/unknown,global_gTLD,Global,Global,Global/non-regional TLD,default_non_geographic_tld,Non-ccTLD and not in curated geographic gTLD overrides.,168,6232,21552,0.002,0.002
.fish,fish,,gTLD_or_unknown,,Other gTLD/unknown,global_gTLD,Global,Global,Global/non-regional TLD,default_non_geographic_tld,Non-ccTLD and not in curated geographic gTLD overrides.,168,6112,20519,0.002,0.002
.nc,nc,,ccTLD,New Caledonia,Oceania ccTLD,ccTLD,New Caledonia,Oceania,Oceania ccTLD/geographic TLD,existing_iso_cctld_mapping,,168,6052,19905,0.002,0.002
.tf,tf,,ccTLD,French Southern Territories,Other ccTLD/territory,ccTLD,French Southern Territories,Antarctica,Antarctica ccTLD/geographic TLD,existing_iso_cctld_mapping,,168,5974,21199,0.002,0.002
.vegas,vegas,,gTLD_or_unknown,,Other gTLD/unknown,geographic_gTLD,United States,Americas,Americas ccTLD/geographic TLD,curated_geographic_gtld_override,Las Vegas city,168,5973,14362,0.002,0.001
.computer,computer,,gTLD_or_unknown,,Other gTLD/unknown,global_gTLD,Global,Global,Global/non-regional TLD,default_non_geographic_tld,Non-ccTLD and not in curated geographic gTLD overrides.,168,5958,19565,0.002,0.002
.management,management,,gTLD_or_unknown,,Other gTLD/unknown,global_gTLD,Global,Global,Global/non-regional TLD,default_non_geographic_tld,Non-ccTLD and not in curated geographic gTLD overrides.,168,5953,17431,0.002,0.002
.college,college,,gTLD_or_unknown,,Other gTLD/unknown,global_gTLD,Global,Global,Global/non-regional TLD,default_non_geographic_tld,Non-ccTLD and not in curated geographic gTLD overrides.,168,5946,17876,0.002,0.002
.wales,wales,,gTLD_or_unknown,,Other gTLD/unknown,geographic_gTLD,United Kingdom,Europe,Europe ccTLD/geographic TLD,curated_geographic_gtld_override,Wales community,168,5939,18709,0.002,0.002
.properties,properties,,gTLD_or_unknown,,Other gTLD/unknown,global_gTLD,Global,Global,Global/non-regional TLD,default_non_geographic_tld,Non-ccTLD and not in curated geographic gTLD overrides.,168,5903,17369,0.002,0.002
.dance,dance,,gTLD_or_unknown,,Other gTLD/unknown,global_gTLD,Global,Global,Global/non-regional TLD,default_non_geographic_tld,Non-ccTLD and not in curated geographic gTLD overrides.,168,5901,19258,0.002,0.002
.solar,solar,,gTLD_or_unknown,,Other gTLD/unknown,global_gTLD,Global,Global,Global/non-regional TLD,default_non_geographic_tld,Non-ccTLD and not in curated geographic gTLD overrides.,168,5881,18167,0.002,0.002
.nexus,nexus,,gTLD_or_unknown,,Other gTLD/unknown,global_gTLD,Global,Global,Global/non-regional TLD,default_non_geographic_tld,Non-ccTLD and not in curated geographic gTLD overrides.,168,5848,24780,0.002,0.002
.hn,hn,,ccTLD,Honduras,Americas ccTLD,ccTLD,Honduras,Americas,Americas ccTLD/geographic TLD,existing_iso_cctld_mapping,,168,5805,18159,0.002,0.002
.fans,fans,,gTLD_or_unknown,,Other gTLD/unknown,global_gTLD,Global,Global,Global/non-regional TLD,default_non_geographic_tld,Non-ccTLD and not in curated geographic gTLD overrides.,168,5672,19898,0.002,0.002
.ml,ml,,ccTLD,Mali,Africa ccTLD,ccTLD,Mali,Africa,Africa ccTLD/geographic TLD,existing_iso_cctld_mapping,,168,5614,15986,0.002,0.001
.om,om,,ccTLD,Oman,Asia ccTLD,ccTLD,Oman,Asia,Asia ccTLD/geographic TLD,existing_iso_cctld_mapping,,168,5570,18513,0.002,0.002
.tj,tj,,ccTLD,Tajikistan,Asia ccTLD,ccTLD,Tajikistan,Asia,Asia ccTLD/geographic TLD,existing_iso_cctld_mapping,,168,5513,16133,0.002,0.001
.clothing,clothing,,gTLD_or_unknown,,Other gTLD/unknown,global_gTLD,Global,Global,Global/non-regional TLD,default_non_geographic_tld,Non-ccTLD and not in curated geographic gTLD overrides.,168,5489,15022,0.002,0.001
.productions,productions,,gTLD_or_unknown,,Other gTLD/unknown,global_gTLD,Global,Global,Global/non-regional TLD,default_non_geographic_tld,Non-ccTLD and not in curated geographic gTLD overrides.,168,5485,16406,0.002,0.001
.construction,construction,,gTLD_or_unknown,,Other gTLD/unknown,global_gTLD,Global,Global,Global/non-regional TLD,default_non_geographic_tld,Non-ccTLD and not in curated geographic gTLD overrides.,168,5447,15028,0.002,0.001
.nf,nf,,ccTLD,Norfolk Island,Oceania ccTLD,ccTLD,Norfolk Island,Oceania,Oceania ccTLD/geographic TLD,existing_iso_cctld_mapping,,168,5445,16340,0.002,0.001
.pink,pink,,gTLD_or_unknown,,Other gTLD/unknown,global_gTLD,Global,Global,Global/non-regional TLD,default_non_geographic_tld,Non-ccTLD and not in curated geographic gTLD overrides.,168,5413,16426,0.002,0.001
.amsterdam,amsterdam,,gTLD_or_unknown,,Other gTLD/unknown,geographic_gTLD,Netherlands,Europe,Europe ccTLD/geographic TLD,curated_geographic_gtld_override,Amsterdam city,168,5297,14355,0.001,0.001
.hosting,hosting,,gTLD_or_unknown,,Other gTLD/unknown,global_gTLD,Global,Global,Global/non-regional TLD,default_non_geographic_tld,Non-ccTLD and not in curated geographic gTLD overrides.,168,5292,15329,0.001,0.001
.camp,camp,,gTLD_or_unknown,,Other gTLD/unknown,global_gTLD,Global,Global,Global/non-regional TLD,default_non_geographic_tld,Non-ccTLD and not in curated geographic gTLD overrides.,168,5240,16428,0.001,0.001
.trading,trading,,gTLD_or_unknown,,Other gTLD/unknown,global_gTLD,Global,Global,Global/non-regional TLD,default_non_geographic_tld,Non-ccTLD and not in curated geographic gTLD overrides.,168,5237,15120,0.001,0.001
.ceo,ceo,,gTLD_or_unknown,,Other gTLD/unknown,global_gTLD,Global,Global,Global/non-regional TLD,default_non_geographic_tld,Non-ccTLD and not in curated geographic gTLD overrides.,168,5199,17534,0.001,0.002
.kh,kh,,ccTLD,Cambodia,Asia ccTLD,ccTLD,Cambodia,Asia,Asia ccTLD/geographic TLD,existing_iso_cctld_mapping,,168,5193,16104,0.001,0.001
.green,green,,gTLD_or_unknown,,Other gTLD/unknown,global_gTLD,Global,Global,Global/non-regional TLD,default_non_geographic_tld,Non-ccTLD and not in curated geographic gTLD overrides.,168,5178,16567,0.001,0.001
.meme,meme,,gTLD_or_unknown,,Other gTLD/unknown,global_gTLD,Global,Global,Global/non-regional TLD,default_non_geographic_tld,Non-ccTLD and not in curated geographic gTLD overrides.,168,5056,16958,0.001,0.001
.gh,gh,,ccTLD,Ghana,Africa ccTLD,ccTLD,Ghana,Africa,Africa ccTLD/geographic TLD,existing_iso_cctld_mapping,,168,5025,15672,0.001,0.001
.horse,horse,,gTLD_or_unknown,,Other gTLD/unknown,global_gTLD,Global,Global,Global/non-regional TLD,default_non_geographic_tld,Non-ccTLD and not in curated geographic gTLD overrides.,168,4952,17774,0.001,0.002
.microsoft,microsoft,,gTLD_or_unknown,,Other gTLD/unknown,global_gTLD,Global,Global,Global/non-regional TLD,default_non_geographic_tld,Non-ccTLD and not in curated geographic gTLD overrides.,168,4950,12551,0.001,0.001
.insure,insure,,gTLD_or_unknown,,Other gTLD/unknown,global_gTLD,Global,Global,Global/non-regional TLD,default_non_geographic_tld,Non-ccTLD and not in curated geographic gTLD overrides.,168,4929,15192,0.001,0.001
.university,university,,gTLD_or_unknown,,Other gTLD/unknown,global_gTLD,Global,Global,Global/non-regional TLD,default_non_geographic_tld,Non-ccTLD and not in curated geographic gTLD overrides.,168,4924,15299,0.001,0.001
.repair,repair,,gTLD_or_unknown,,Other gTLD/unknown,global_gTLD,Global,Global,Global/non-regional TLD,default_non_geographic_tld,Non-ccTLD and not in curated geographic gTLD overrides.,168,4910,15718,0.001,0.001
.motorcycles,motorcycles,,gTLD_or_unknown,,Other gTLD/unknown,global_gTLD,Global,Global,Global/non-regional TLD,default_non_geographic_tld,Non-ccTLD and not in curated geographic gTLD overrides.,168,4897,20187,0.001,0.002
.dental,dental,,gTLD_or_unknown,,Other gTLD/unknown,global_gTLD,Global,Global,Global/non-regional TLD,default_non_geographic_tld,Non-ccTLD and not in curated geographic gTLD overrides.,168,4886,14157,0.001,0.001
.contact,contact,,gTLD_or_unknown,,Other gTLD/unknown,global_gTLD,Global,Global,Global/non-regional TLD,default_non_geographic_tld,Non-ccTLD and not in curated geographic gTLD overrides.,168,4867,16023,0.001,0.001
.deals,deals,,gTLD_or_unknown,,Other gTLD/unknown,global_gTLD,Global,Global,Global/non-regional TLD,default_non_geographic_tld,Non-ccTLD and not in curated geographic gTLD overrides.,168,4862,15381,0.001,0.001
.supply,supply,,gTLD_or_unknown,,Other gTLD/unknown,global_gTLD,Global,Global,Global/non-regional TLD,default_non_geographic_tld,Non-ccTLD and not in curated geographic gTLD overrides.,168,4853,13723,0.001,0.001
.promo,promo,,gTLD_or_unknown,,Other gTLD/unknown,global_gTLD,Global,Global,Global/non-regional TLD,default_non_geographic_tld,Non-ccTLD and not in curated geographic gTLD overrides.,168,4810,14500,0.001,0.001
.taxi,taxi,,gTLD_or_unknown,,Other gTLD/unknown,global_gTLD,Global,Global,Global/non-regional TLD,default_non_geographic_tld,Non-ccTLD and not in curated geographic gTLD overrides.,168,4788,15172,0.001,0.001
.sc,sc,,ccTLD,Seychelles,Africa ccTLD,globalized_ccTLD,Seychelles,Global,Global/non-regional TLD,google_search_generic_cctld_list,Formal ccTLD treated as generic for geographic analysis; list checked 2026-08-18.,168,4730,13969,0.001,0.001
.foo,foo,,gTLD_or_unknown,,Other gTLD/unknown,global_gTLD,Global,Global,Global/non-regional TLD,default_non_geographic_tld,Non-ccTLD and not in curated geographic gTLD overrides.,168,4701,18568,0.001,0.002
.parts,parts,,gTLD_or_unknown,,Other gTLD/unknown,global_gTLD,Global,Global,Global/non-regional TLD,default_non_geographic_tld,Non-ccTLD and not in curated geographic gTLD overrides.,168,4694,13854,0.001,0.001
.auction,auction,,gTLD_or_unknown,,Other gTLD/unknown,global_gTLD,Global,Global,Global/non-regional TLD,default_non_geographic_tld,Non-ccTLD and not in curated geographic gTLD overrides.,168,4644,14804,0.001,0.001
.cymru,cymru,,gTLD_or_unknown,,Other gTLD/unknown,global_gTLD,Global,Global,Global/non-regional TLD,default_non_geographic_tld,Non-ccTLD and not in curated geographic gTLD overrides.,168,4615,15273,0.001,0.001
.gl,gl,,ccTLD,Greenland,Americas ccTLD,ccTLD,Greenland,Americas,Americas ccTLD/geographic TLD,existing_iso_cctld_mapping,,168,4550,14208,0.001,0.001
.navy,navy,,gTLD_or_unknown,,Other gTLD/unknown,global_gTLD,Global,Global,Global/non-regional TLD,default_non_geographic_tld,Non-ccTLD and not in curated geographic gTLD overrides.,168,4543,12603,0.001,0.001
.sex,sex,,gTLD_or_unknown,,Other gTLD/unknown,global_gTLD,Global,Global,Global/non-regional TLD,default_non_geographic_tld,Non-ccTLD and not in curated geographic gTLD overrides.,168,4537,12588,0.001,0.001
.limited,limited,,gTLD_or_unknown,,Other gTLD/unknown,global_gTLD,Global,Global,Global/non-regional TLD,default_non_geographic_tld,Non-ccTLD and not in curated geographic gTLD overrides.,168,4529,11761,0.001,0.001
.zm,zm,,ccTLD,Zambia,Africa ccTLD,ccTLD,Zambia,Africa,Africa ccTLD/geographic TLD,existing_iso_cctld_mapping,,168,4514,13226,0.001,0.001
.xn--h2brj9c,xn--h2brj9c,भारत,gTLD_or_unknown,,Other gTLD/unknown,ccTLD,India,Asia,Asia ccTLD/geographic TLD,curated_idn_cctld_override,India IDN ccTLD,168,4507,12644,0.001,0.001
.fan,fan,,gTLD_or_unknown,,Other gTLD/unknown,global_gTLD,Global,Global,Global/non-regional TLD,default_non_geographic_tld,Non-ccTLD and not in curated geographic gTLD overrides.,168,4499,15077,0.001,0.001
.film,film,,gTLD_or_unknown,,Other gTLD/unknown,global_gTLD,Global,Global,Global/non-regional TLD,default_non_geographic_tld,Non-ccTLD and not in curated geographic gTLD overrides.,168,4497,13578,0.001,0.001
.builders,builders,,gTLD_or_unknown,,Other gTLD/unknown,global_gTLD,Global,Global,Global/non-regional TLD,default_non_geographic_tld,Non-ccTLD and not in curated geographic gTLD overrides.,168,4487,13452,0.001,0.001
.nrw,nrw,,gTLD_or_unknown,,Other gTLD/unknown,geographic_gTLD,Germany,Europe,Europe ccTLD/geographic TLD,curated_geographic_gtld_override,North Rhine-Westphalia region,168,4463,14368,0.001,0.001
.music,music,,gTLD_or_unknown,,Other gTLD/unknown,global_gTLD,Global,Global,Global/non-regional TLD,default_non_geographic_tld,Non-ccTLD and not in curated geographic gTLD overrides.,168,4429,13101,0.001,0.001
.ski,ski,,gTLD_or_unknown,,Other gTLD/unknown,global_gTLD,Global,Global,Global/non-regional TLD,default_non_geographic_tld,Non-ccTLD and not in curated geographic gTLD overrides.,168,4381,13021,0.001,0.001
.pictures,pictures,,gTLD_or_unknown,,Other gTLD/unknown,global_gTLD,Global,Global,Global/non-regional TLD,default_non_geographic_tld,Non-ccTLD and not in curated geographic gTLD overrides.,168,4348,13601,0.001,0.001
.engineer,engineer,,gTLD_or_unknown,,Other gTLD/unknown,global_gTLD,Global,Global,Global/non-regional TLD,default_non_geographic_tld,Non-ccTLD and not in curated geographic gTLD overrides.,168,4283,14087,0.001,0.001
.gal,gal,,gTLD_or_unknown,,Other gTLD/unknown,geographic_gTLD,Spain,Europe,Europe ccTLD/geographic TLD,curated_geographic_gtld_override,Galicia region,168,4273,12684,0.001,0.001
.financial,financial,,gTLD_or_unknown,,Other gTLD/unknown,global_gTLD,Global,Global,Global/non-regional TLD,default_non_geographic_tld,Non-ccTLD and not in curated geographic gTLD overrides.,168,4253,11859,0.001,0.001
.restaurant,restaurant,,gTLD_or_unknown,,Other gTLD/unknown,global_gTLD,Global,Global,Global/non-regional TLD,default_non_geographic_tld,Non-ccTLD and not in curated geographic gTLD overrides.,168,4245,13123,0.001,0.001
.jobs,jobs,,gTLD_or_unknown,,Other gTLD/unknown,global_gTLD,Global,Global,Global/non-regional TLD,default_non_geographic_tld,Non-ccTLD and not in curated geographic gTLD overrides.,168,4240,12784,0.001,0.001
.koeln,koeln,,gTLD_or_unknown,,Other gTLD/unknown,geographic_gTLD,Germany,Europe,Europe ccTLD/geographic TLD,curated_geographic_gtld_override,Cologne city,168,4186,13476,0.001,0.001
.lawyer,lawyer,,gTLD_or_unknown,,Other gTLD/unknown,global_gTLD,Global,Global,Global/non-regional TLD,default_non_geographic_tld,Non-ccTLD and not in curated geographic gTLD overrides.,168,4155,10798,0.001,0.001
.wien,wien,,gTLD_or_unknown,,Other gTLD/unknown,geographic_gTLD,Austria,Europe,Europe ccTLD/geographic TLD,curated_geographic_gtld_override,Vienna city,168,4154,12931,0.001,0.001
.kiwi,kiwi,,gTLD_or_unknown,,Other gTLD/unknown,geographic_gTLD,New Zealand,Oceania,Oceania ccTLD/geographic TLD,curated_geographic_gtld_override,New Zealand cultural TLD,168,4147,13612,0.001,0.001
.gifts,gifts,,gTLD_or_unknown,,Other gTLD/unknown,global_gTLD,Global,Global,Global/non-regional TLD,default_non_geographic_tld,Non-ccTLD and not in curated geographic gTLD overrides.,168,4143,14977,0.001,0.001
.ky,ky,,ccTLD,Cayman Islands,Americas ccTLD,ccTLD,Cayman Islands,Americas,Americas ccTLD/geographic TLD,existing_iso_cctld_mapping,,168,4126,12143,0.001,0.001
.luxe,luxe,,gTLD_or_unknown,,Other gTLD/unknown,global_gTLD,Global,Global,Global/non-regional TLD,default_non_geographic_tld,Non-ccTLD and not in curated geographic gTLD overrides.,168,4124,13012,0.001,0.001
.porn,porn,,gTLD_or_unknown,,Other gTLD/unknown,global_gTLD,Global,Global,Global/non-regional TLD,default_non_geographic_tld,Non-ccTLD and not in curated geographic gTLD overrides.,168,4116,11354,0.001,0.001
.schule,schule,,gTLD_or_unknown,,Other gTLD/unknown,global_gTLD,Global,Global,Global/non-regional TLD,default_non_geographic_tld,Non-ccTLD and not in curated geographic gTLD overrides.,168,4105,14256,0.001,0.001
.tc,tc,,ccTLD,Turks and Caicos Islands,Americas ccTLD,ccTLD,Turks and Caicos Islands,Americas,Americas ccTLD/geographic TLD,existing_iso_cctld_mapping,,168,4085,12452,0.001,0.001
.ren,ren,,gTLD_or_unknown,,Other gTLD/unknown,global_gTLD,Global,Global,Global/non-regional TLD,default_non_geographic_tld,Non-ccTLD and not in curated geographic gTLD overrides.,168,4067,11749,0.001,0.001
.careers,careers,,gTLD_or_unknown,,Other gTLD/unknown,global_gTLD,Global,Global,Global/non-regional TLD,default_non_geographic_tld,Non-ccTLD and not in curated geographic gTLD overrides.,168,4036,11790,0.001,0.001
.tube,tube,,gTLD_or_unknown,,Other gTLD/unknown,global_gTLD,Global,Global,Global/non-regional TLD,default_non_geographic_tld,Non-ccTLD and not in curated geographic gTLD overrides.,168,4030,12366,0.001,0.001
.cpa,cpa,,gTLD_or_unknown,,Other gTLD/unknown,global_gTLD,Global,Global,Global/non-regional TLD,default_non_geographic_tld,Non-ccTLD and not in curated geographic gTLD overrides.,168,4018,19242,0.001,0.002
.af,af,,ccTLD,Afghanistan,Asia ccTLD,ccTLD,Afghanistan,Asia,Asia ccTLD/geographic TLD,existing_iso_cctld_mapping,,168,3982,13231,0.001,0.001
.mortgage,mortgage,,gTLD_or_unknown,,Other gTLD/unknown,global_gTLD,Global,Global,Global/non-regional TLD,default_non_geographic_tld,Non-ccTLD and not in curated geographic gTLD overrides.,168,3936,10304,0.001,0.001
.industries,industries,,gTLD_or_unknown,,Other gTLD/unknown,global_gTLD,Global,Global,Global/non-regional TLD,default_non_geographic_tld,Non-ccTLD and not in curated geographic gTLD overrides.,168,3935,12246,0.001,0.001
.realestate,realestate,,gTLD_or_unknown,,Other gTLD/unknown,global_gTLD,Global,Global,Global/non-regional TLD,default_non_geographic_tld,Non-ccTLD and not in curated geographic gTLD overrides.,168,3923,10939,0.001,0.001
.toys,toys,,gTLD_or_unknown,,Other gTLD/unknown,global_gTLD,Global,Global,Global/non-regional TLD,default_non_geographic_tld,Non-ccTLD and not in curated geographic gTLD overrides.,168,3887,10860,0.001,0.001
.vg,vg,,ccTLD,British Virgin Islands,Americas ccTLD,ccTLD,British Virgin Islands,Americas,Americas ccTLD/geographic TLD,existing_iso_cctld_mapping,,168,3871,12003,0.001,0.001
.srl,srl,,gTLD_or_unknown,,Other gTLD/unknown,global_gTLD,Global,Global,Global/non-regional TLD,default_non_geographic_tld,Non-ccTLD and not in curated geographic gTLD overrides.,168,3862,12033,0.001,0.001
.holdings,holdings,,gTLD_or_unknown,,Other gTLD/unknown,global_gTLD,Global,Global,Global/non-regional TLD,default_non_geographic_tld,Non-ccTLD and not in curated geographic gTLD overrides.,168,3862,11137,0.001,0.001
.adult,adult,,gTLD_or_unknown,,Other gTLD/unknown,global_gTLD,Global,Global,Global/non-regional TLD,default_non_geographic_tld,Non-ccTLD and not in curated geographic gTLD overrides.,168,3841,9507,0.001,0.001
.ngo,ngo,,gTLD_or_unknown,,Other gTLD/unknown,global_gTLD,Global,Global,Global/non-regional TLD,default_non_geographic_tld,Non-ccTLD and not in curated geographic gTLD overrides.,168,3820,11456,0.001,0.001
.ax,ax,,ccTLD,Aland Islands,Europe ccTLD,ccTLD,Aland Islands,Europe,Europe ccTLD/geographic TLD,existing_iso_cctld_mapping,,168,3814,12441,0.001,0.001
.organic,organic,,gTLD_or_unknown,,Other gTLD/unknown,global_gTLD,Global,Global,Global/non-regional TLD,default_non_geographic_tld,Non-ccTLD and not in curated geographic gTLD overrides.,168,3783,9816,0.001,0.001
.free,free,,gTLD_or_unknown,,Other gTLD/unknown,global_gTLD,Global,Global,Global/non-regional TLD,default_non_geographic_tld,Non-ccTLD and not in curated geographic gTLD overrides.,167,3761,11590,0.001,0.001
.healthcare,healthcare,,gTLD_or_unknown,,Other gTLD/unknown,global_gTLD,Global,Global,Global/non-regional TLD,default_non_geographic_tld,Non-ccTLD and not in curated geographic gTLD overrides.,168,3760,10551,0.001,0.001
.kitchen,kitchen,,gTLD_or_unknown,,Other gTLD/unknown,global_gTLD,Global,Global,Global/non-regional TLD,default_non_geographic_tld,Non-ccTLD and not in curated geographic gTLD overrides.,168,3728,11224,0.001,0.001
.lifestyle,lifestyle,,gTLD_or_unknown,,Other gTLD/unknown,global_gTLD,Global,Global,Global/non-regional TLD,default_non_geographic_tld,Non-ccTLD and not in curated geographic gTLD overrides.,168,3675,12808,0.001,0.001
.black,black,,gTLD_or_unknown,,Other gTLD/unknown,global_gTLD,Global,Global,Global/non-regional TLD,default_non_geographic_tld,Non-ccTLD and not in curated geographic gTLD overrides.,168,3658,12366,0.001,0.001
.christmas,christmas,,gTLD_or_unknown,,Other gTLD/unknown,global_gTLD,Global,Global,Global/non-regional TLD,default_non_geographic_tld,Non-ccTLD and not in curated geographic gTLD overrides.,168,3652,13665,0.001,0.001
.jetzt,jetzt,,gTLD_or_unknown,,Other gTLD/unknown,global_gTLD,Global,Global,Global/non-regional TLD,default_non_geographic_tld,Non-ccTLD and not in curated geographic gTLD overrides.,168,3620,11726,0.001,0.001
.lgbt,lgbt,,gTLD_or_unknown,,Other gTLD/unknown,global_gTLD,Global,Global,Global/non-regional TLD,default_non_geographic_tld,Non-ccTLD and not in curated geographic gTLD overrides.,168,3579,13287,0.001,0.001
.tg,tg,,ccTLD,Togo,Africa ccTLD,ccTLD,Togo,Africa,Africa ccTLD/geographic TLD,existing_iso_cctld_mapping,,168,3520,12320,0.001,0.001
.tattoo,tattoo,,gTLD_or_unknown,,Other gTLD/unknown,global_gTLD,Global,Global,Global/non-regional TLD,default_non_geographic_tld,Non-ccTLD and not in curated geographic gTLD overrides.,168,3511,16358,0.001,0.001
.boo,boo,,gTLD_or_unknown,,Other gTLD/unknown,global_gTLD,Global,Global,Global/non-regional TLD,default_non_geographic_tld,Non-ccTLD and not in curated geographic gTLD overrides.,168,3480,13265,0.001,0.001
.ga,ga,,ccTLD,Gabon,Africa ccTLD,ccTLD,Gabon,Africa,Africa ccTLD/geographic TLD,existing_iso_cctld_mapping,,168,3480,11473,0.001,0.001
.markets,markets,,gTLD_or_unknown,,Other gTLD/unknown,global_gTLD,Global,Global,Global/non-regional TLD,default_non_geographic_tld,Non-ccTLD and not in curated geographic gTLD overrides.,168,3435,11829,0.001,0.001
.sx,sx,,ccTLD,Sint Maarten,Americas ccTLD,ccTLD,Sint Maarten,Americas,Americas ccTLD/geographic TLD,existing_iso_cctld_mapping,,168,3422,11063,0.001,0.001
.frl,frl,,gTLD_or_unknown,,Other gTLD/unknown,geographic_gTLD,Netherlands,Europe,Europe ccTLD/geographic TLD,curated_geographic_gtld_override,Friesland region,168,3420,10229,0.001,0.001
.luxury,luxury,,gTLD_or_unknown,,Other gTLD/unknown,global_gTLD,Global,Global,Global/non-regional TLD,default_non_geographic_tld,Non-ccTLD and not in curated geographic gTLD overrides.,168,3406,10003,0.001,0.001
.bank,bank,,gTLD_or_unknown,,Other gTLD/unknown,global_gTLD,Global,Global,Global/non-regional TLD,default_non_geographic_tld,Non-ccTLD and not in curated geographic gTLD overrides.,168,3400,15803,0.001,0.001
.mm,mm,,ccTLD,Myanmar,Asia ccTLD,ccTLD,Myanmar,Asia,Asia ccTLD/geographic TLD,existing_iso_cctld_mapping,,168,3386,14174,0.001,0.001
.hamburg,hamburg,,gTLD_or_unknown,,Other gTLD/unknown,geographic_gTLD,Germany,Europe,Europe ccTLD/geographic TLD,curated_geographic_gtld_override,Hamburg city,168,3379,9827,0.001,0.001
.int,int,,gTLD_or_unknown,,Other gTLD/unknown,global_gTLD,Global,Global,Global/non-regional TLD,default_non_geographic_tld,Non-ccTLD and not in curated geographic gTLD overrides.,168,3374,9895,0.001,0.001
.bh,bh,,ccTLD,Bahrain,Asia ccTLD,ccTLD,Bahrain,Asia,Asia ccTLD/geographic TLD,existing_iso_cctld_mapping,,168,3367,10722,0.001,0.001
.faith,faith,,gTLD_or_unknown,,Other gTLD/unknown,global_gTLD,Global,Global,Global/non-regional TLD,default_non_geographic_tld,Non-ccTLD and not in curated geographic gTLD overrides.,168,3364,10644,0.001,0.001
.capetown,capetown,,gTLD_or_unknown,,Other gTLD/unknown,geographic_gTLD,South Africa,Africa,Africa ccTLD/geographic TLD,curated_geographic_gtld_override,Cape Town city,167,3341,8146,0.001,0.001
.tirol,tirol,,gTLD_or_unknown,,Other gTLD/unknown,geographic_gTLD,Austria,Europe,Europe ccTLD/geographic TLD,curated_geographic_gtld_override,Tyrol region,168,3322,10800,0.001,0.001
.investments,investments,,gTLD_or_unknown,,Other gTLD/unknown,global_gTLD,Global,Global,Global/non-regional TLD,default_non_geographic_tld,Non-ccTLD and not in curated geographic gTLD overrides.,168,3308,9500,0.001,0.001
.ist,ist,,gTLD_or_unknown,,Other gTLD/unknown,geographic_gTLD,Turkiye,Asia,Asia ccTLD/geographic TLD,curated_geographic_gtld_override,Istanbul city abbreviation,168,3288,9734,0.001,0.001
.dating,dating,,gTLD_or_unknown,,Other gTLD/unknown,global_gTLD,Global,Global,Global/non-regional TLD,default_non_geographic_tld,Non-ccTLD and not in curated geographic gTLD overrides.,168,3287,9840,0.001,0.001
.jo,jo,,ccTLD,Jordan,Asia ccTLD,ccTLD,Jordan,Asia,Asia ccTLD/geographic TLD,existing_iso_cctld_mapping,,168,3249,10377,0.001,0.001
.sr,sr,,ccTLD,Suriname,Americas ccTLD,globalized_ccTLD,Suriname,Global,Global/non-regional TLD,google_search_generic_cctld_list,Formal ccTLD treated as generic for geographic analysis; list checked 2026-08-18.,168,3230,11661,0.001,0.001
.bi,bi,,ccTLD,Burundi,Africa ccTLD,ccTLD,Burundi,Africa,Africa ccTLD/geographic TLD,existing_iso_cctld_mapping,,168,3223,11247,0.001,0.001
.credit,credit,,gTLD_or_unknown,,Other gTLD/unknown,global_gTLD,Global,Global,Global/non-regional TLD,default_non_geographic_tld,Non-ccTLD and not in curated geographic gTLD overrides.,168,3221,10066,0.001,0.001
.bj,bj,,ccTLD,Benin,Africa ccTLD,ccTLD,Benin,Africa,Africa ccTLD/geographic TLD,existing_iso_cctld_mapping,,168,3195,10193,0.001,0.001
.football,football,,gTLD_or_unknown,,Other gTLD/unknown,global_gTLD,Global,Global,Global/non-regional TLD,default_non_geographic_tld,Non-ccTLD and not in curated geographic gTLD overrides.,168,3166,10083,0.001,0.001
.sy,sy,,ccTLD,Syria,Asia ccTLD,ccTLD,Syria,Asia,Asia ccTLD/geographic TLD,existing_iso_cctld_mapping,,168,3133,9769,0.001,0.001
.lc,lc,,ccTLD,Saint Lucia,Americas ccTLD,ccTLD,Saint Lucia,Americas,Americas ccTLD/geographic TLD,existing_iso_cctld_mapping,,168,3124,10550,0.001,0.001
.quebec,quebec,,gTLD_or_unknown,,Other gTLD/unknown,geographic_gTLD,Canada,Americas,Americas ccTLD/geographic TLD,curated_geographic_gtld_override,Quebec province,168,3121,9240,0.001,0.001
.lb,lb,,ccTLD,Lebanon,Asia ccTLD,ccTLD,Lebanon,Asia,Asia ccTLD/geographic TLD,existing_iso_cctld_mapping,,168,3097,9580,0.001,0.001
.shopping,shopping,,gTLD_or_unknown,,Other gTLD/unknown,global_gTLD,Global,Global,Global/non-regional TLD,default_non_geographic_tld,Non-ccTLD and not in curated geographic gTLD overrides.,168,3084,9483,0.001,0.001
.gy,gy,,ccTLD,Guyana,Americas ccTLD,ccTLD,Guyana,Americas,Americas ccTLD/geographic TLD,existing_iso_cctld_mapping,,168,3070,10955,0.001,0.001
.bmw,bmw,,gTLD_or_unknown,,Other gTLD/unknown,global_gTLD,Global,Global,Global/non-regional TLD,default_non_geographic_tld,Non-ccTLD and not in curated geographic gTLD overrides.,165,3065,11117,0.001,0.001
.allfinanz,allfinanz,,gTLD_or_unknown,,Other gTLD/unknown,global_gTLD,Global,Global,Global/non-regional TLD,default_non_geographic_tld,Non-ccTLD and not in curated geographic gTLD overrides.,164,3047,5613,0.001,0.0
.vote,vote,,gTLD_or_unknown,,Other gTLD/unknown,global_gTLD,Global,Global,Global/non-regional TLD,default_non_geographic_tld,Non-ccTLD and not in curated geographic gTLD overrides.,168,3028,9052,0.001,0.001
.mov,mov,,gTLD_or_unknown,,Other gTLD/unknown,global_gTLD,Global,Global,Global/non-regional TLD,default_non_geographic_tld,Non-ccTLD and not in curated geographic gTLD overrides.,168,2993,10834,0.001,0.001
.graphics,graphics,,gTLD_or_unknown,,Other gTLD/unknown,global_gTLD,Global,Global,Global/non-regional TLD,default_non_geographic_tld,Non-ccTLD and not in curated geographic gTLD overrides.,168,2965,8957,0.001,0.001
.diy,diy,,gTLD_or_unknown,,Other gTLD/unknown,global_gTLD,Global,Global,Global/non-regional TLD,default_non_geographic_tld,Non-ccTLD and not in curated geographic gTLD overrides.,168,2930,10320,0.001,0.001
.limo,limo,,gTLD_or_unknown,,Other gTLD/unknown,global_gTLD,Global,Global,Global/non-regional TLD,default_non_geographic_tld,Non-ccTLD and not in curated geographic gTLD overrides.,168,2898,9373,0.001,0.001
.gift,gift,,gTLD_or_unknown,,Other gTLD/unknown,global_gTLD,Global,Global,Global/non-regional TLD,default_non_geographic_tld,Non-ccTLD and not in curated geographic gTLD overrides.,168,2839,10536,0.001,0.001
.cu,cu,,ccTLD,Cuba,Americas ccTLD,ccTLD,Cuba,Americas,Americas ccTLD/geographic TLD,existing_iso_cctld_mapping,,166,2813,8954,0.001,0.001
.realtor,realtor,,gTLD_or_unknown,,Other gTLD/unknown,global_gTLD,Global,Global,Global/non-regional TLD,default_non_geographic_tld,Non-ccTLD and not in curated geographic gTLD overrides.,168,2775,9696,0.001,0.001
.dad,dad,,gTLD_or_unknown,,Other gTLD/unknown,global_gTLD,Global,Global,Global/non-regional TLD,default_non_geographic_tld,Non-ccTLD and not in curated geographic gTLD overrides.,168,2760,10147,0.001,0.001
.fail,fail,,gTLD_or_unknown,,Other gTLD/unknown,global_gTLD,Global,Global,Global/non-regional TLD,default_non_geographic_tld,Non-ccTLD and not in curated geographic gTLD overrides.,168,2753,8921,0.001,0.001
.kids,kids,,gTLD_or_unknown,,Other gTLD/unknown,global_gTLD,Global,Global,Global/non-regional TLD,default_non_geographic_tld,Non-ccTLD and not in curated geographic gTLD overrides.,168,2752,8210,0.001,0.001
.security,security,,gTLD_or_unknown,,Other gTLD/unknown,global_gTLD,Global,Global,Global/non-regional TLD,default_non_geographic_tld,Non-ccTLD and not in curated geographic gTLD overrides.,168,2707,8542,0.001,0.001
.xn--fiqs8s,xn--fiqs8s,中国,ccTLD,China (.中国),Asia ccTLD,ccTLD,China (.中国),Asia,Asia ccTLD/geographic TLD,existing_iso_cctld_mapping,,168,2691,10153,0.001,0.001
.doctor,doctor,,gTLD_or_unknown,,Other gTLD/unknown,global_gTLD,Global,Global,Global/non-regional TLD,default_non_geographic_tld,Non-ccTLD and not in curated geographic gTLD overrides.,168,2685,8450,0.001,0.001
.brussels,brussels,,gTLD_or_unknown,,Other gTLD/unknown,geographic_gTLD,Belgium,Europe,Europe ccTLD/geographic TLD,curated_geographic_gtld_override,Brussels city/region,168,2667,7323,0.001,0.001
.mc,mc,,ccTLD,Monaco,Europe ccTLD,ccTLD,Monaco,Europe,Europe ccTLD/geographic TLD,existing_iso_cctld_mapping,,168,2649,6841,0.001,0.001
.ht,ht,,ccTLD,Haiti,Americas ccTLD,ccTLD,Haiti,Americas,Americas ccTLD/geographic TLD,existing_iso_cctld_mapping,,168,2636,8923,0.001,0.001
.kw,kw,,ccTLD,Kuwait,Asia ccTLD,ccTLD,Kuwait,Asia,Asia ccTLD/geographic TLD,existing_iso_cctld_mapping,,168,2635,8194,0.001,0.001
.pg,pg,,ccTLD,Papua New Guinea,Oceania ccTLD,ccTLD,Papua New Guinea,Oceania,Oceania ccTLD/geographic TLD,existing_iso_cctld_mapping,,168,2614,8076,0.001,0.001
.loans,loans,,gTLD_or_unknown,,Other gTLD/unknown,global_gTLD,Global,Global,Global/non-regional TLD,default_non_geographic_tld,Non-ccTLD and not in curated geographic gTLD overrides.,168,2607,7758,0.001,0.001
.ls,ls,,ccTLD,Lesotho,Africa ccTLD,ccTLD,Lesotho,Africa,Africa ccTLD/geographic TLD,existing_iso_cctld_mapping,,168,2596,7887,0.001,0.001
.lighting,lighting,,gTLD_or_unknown,,Other gTLD/unknown,global_gTLD,Global,Global,Global/non-regional TLD,default_non_geographic_tld,Non-ccTLD and not in curated geographic gTLD overrides.,168,2594,7670,0.001,0.001
.cheap,cheap,,gTLD_or_unknown,,Other gTLD/unknown,global_gTLD,Global,Global,Global/non-regional TLD,default_non_geographic_tld,Non-ccTLD and not in curated geographic gTLD overrides.,168,2589,16577,0.001,0.001
.property,property,,gTLD_or_unknown,,Other gTLD/unknown,global_gTLD,Global,Global,Global/non-regional TLD,default_non_geographic_tld,Non-ccTLD and not in curated geographic gTLD overrides.,168,2560,8289,0.001,0.001
.sydney,sydney,,gTLD_or_unknown,,Other gTLD/unknown,geographic_gTLD,Australia,Oceania,Oceania ccTLD/geographic TLD,curated_geographic_gtld_override,Sydney city,168,2552,7605,0.001,0.001
.ni,ni,,ccTLD,Nicaragua,Americas ccTLD,ccTLD,Nicaragua,Americas,Americas ccTLD/geographic TLD,existing_iso_cctld_mapping,,168,2545,7586,0.001,0.001
.salon,salon,,gTLD_or_unknown,,Other gTLD/unknown,global_gTLD,Global,Global,Global/non-regional TLD,default_non_geographic_tld,Non-ccTLD and not in curated geographic gTLD overrides.,168,2526,7424,0.001,0.001
.poker,poker,,gTLD_or_unknown,,Other gTLD/unknown,global_gTLD,Global,Global,Global/non-regional TLD,default_non_geographic_tld,Non-ccTLD and not in curated geographic gTLD overrides.,168,2510,9237,0.001,0.001
.mba,mba,,gTLD_or_unknown,,Other gTLD/unknown,global_gTLD,Global,Global,Global/non-regional TLD,default_non_geographic_tld,Non-ccTLD and not in curated geographic gTLD overrides.,168,2470,8596,0.001,0.001
.archi,archi,,gTLD_or_unknown,,Other gTLD/unknown,global_gTLD,Global,Global,Global/non-regional TLD,default_non_geographic_tld,Non-ccTLD and not in curated geographic gTLD overrides.,168,2396,7484,0.001,0.001
.jewelry,jewelry,,gTLD_or_unknown,,Other gTLD/unknown,global_gTLD,Global,Global,Global/non-regional TLD,default_non_geographic_tld,Non-ccTLD and not in curated geographic gTLD overrides.,168,2390,6396,0.001,0.0
.wf,wf,,ccTLD,Wallis and Futuna,Oceania ccTLD,ccTLD,Wallis and Futuna,Oceania,Oceania ccTLD/geographic TLD,existing_iso_cctld_mapping,,168,2358,8203,0.001,0.001
.villas,villas,,gTLD_or_unknown,,Other gTLD/unknown,global_gTLD,Global,Global,Global/non-regional TLD,default_non_geographic_tld,Non-ccTLD and not in curated geographic gTLD overrides.,168,2352,7378,0.001,0.001
.racing,racing,,gTLD_or_unknown,,Other gTLD/unknown,global_gTLD,Global,Global,Global/non-regional TLD,default_non_geographic_tld,Non-ccTLD and not in curated geographic gTLD overrides.,168,2343,7374,0.001,0.001
.gp,gp,,ccTLD,Guadeloupe,Americas ccTLD,ccTLD,Guadeloupe,Americas,Americas ccTLD/geographic TLD,existing_iso_cctld_mapping,,166,2323,8138,0.001,0.001
.tt,tt,,ccTLD,Trinidad and Tobago,Americas ccTLD,ccTLD,Trinidad and Tobago,Americas,Americas ccTLD/geographic TLD,existing_iso_cctld_mapping,,168,2320,7874,0.001,0.001
.attorney,attorney,,gTLD_or_unknown,,Other gTLD/unknown,global_gTLD,Global,Global,Global/non-regional TLD,default_non_geographic_tld,Non-ccTLD and not in curated geographic gTLD overrides.,168,2304,5809,0.001,0.0
.boston,boston,,gTLD_or_unknown,,Other gTLD/unknown,geographic_gTLD,United States,Americas,Americas ccTLD/geographic TLD,curated_geographic_gtld_override,Boston city,168,2298,7298,0.001,0.001
.mw,mw,,ccTLD,Malawi,Africa ccTLD,ccTLD,Malawi,Africa,Africa ccTLD/geographic TLD,existing_iso_cctld_mapping,,168,2290,6562,0.001,0.0
.cab,cab,,gTLD_or_unknown,,Other gTLD/unknown,global_gTLD,Global,Global,Global/non-regional TLD,default_non_geographic_tld,Non-ccTLD and not in curated geographic gTLD overrides.,168,2257,8254,0.001,0.001
.ong,ong,,gTLD_or_unknown,,Other gTLD/unknown,global_gTLD,Global,Global,Global/non-regional TLD,default_non_geographic_tld,Non-ccTLD and not in curated geographic gTLD overrides.,166,2250,9391,0.001,0.001
.bf,bf,,ccTLD,Burkina Faso,Africa ccTLD,ccTLD,Burkina Faso,Africa,Africa ccTLD/geographic TLD,existing_iso_cctld_mapping,,168,2237,6896,0.001,0.001
.camera,camera,,gTLD_or_unknown,,Other gTLD/unknown,global_gTLD,Global,Global,Global/non-regional TLD,default_non_geographic_tld,Non-ccTLD and not in curated geographic gTLD overrides.,168,2223,7952,0.001,0.001
.gratis,gratis,,gTLD_or_unknown,,Other gTLD/unknown,global_gTLD,Global,Global,Global/non-regional TLD,default_non_geographic_tld,Non-ccTLD and not in curated geographic gTLD overrides.,168,2222,8267,0.001,0.001
.movie,movie,,gTLD_or_unknown,,Other gTLD/unknown,global_gTLD,Global,Global,Global/non-regional TLD,default_non_geographic_tld,Non-ccTLD and not in curated geographic gTLD overrides.,168,2178,6282,0.001,0.0
.radio,radio,,gTLD_or_unknown,,Other gTLD/unknown,global_gTLD,Global,Global,Global/non-regional TLD,default_non_geographic_tld,Non-ccTLD and not in curated geographic gTLD overrides.,168,2168,6617,0.001,0.001
.gent,gent,,gTLD_or_unknown,,Other gTLD/unknown,geographic_gTLD,Belgium,Europe,Europe ccTLD/geographic TLD,curated_geographic_gtld_override,Ghent city,168,2160,6180,0.001,0.0
.statefarm,statefarm,,gTLD_or_unknown,,Other gTLD/unknown,global_gTLD,Global,Global,Global/non-regional TLD,default_non_geographic_tld,Non-ccTLD and not in curated geographic gTLD overrides.,168,2152,5408,0.001,0.0
.recipes,recipes,,gTLD_or_unknown,,Other gTLD/unknown,global_gTLD,Global,Global,Global/non-regional TLD,default_non_geographic_tld,Non-ccTLD and not in curated geographic gTLD overrides.,168,2147,6673,0.001,0.001
.associates,associates,,gTLD_or_unknown,,Other gTLD/unknown,global_gTLD,Global,Global,Global/non-regional TLD,default_non_geographic_tld,Non-ccTLD and not in curated geographic gTLD overrides.,168,2135,6516,0.001,0.0
.bm,bm,,ccTLD,Bermuda,Americas ccTLD,ccTLD,Bermuda,Americas,Americas ccTLD/geographic TLD,existing_iso_cctld_mapping,,168,2114,6025,0.001,0.0
.audi,audi,,gTLD_or_unknown,,Other gTLD/unknown,global_gTLD,Global,Global,Global/non-regional TLD,default_non_geographic_tld,Non-ccTLD and not in curated geographic gTLD overrides.,140,2087,4710,0.001,0.0
.rodeo,rodeo,,gTLD_or_unknown,,Other gTLD/unknown,global_gTLD,Global,Global,Global/non-regional TLD,default_non_geographic_tld,Non-ccTLD and not in curated geographic gTLD overrides.,168,2064,7439,0.001,0.001
.xn--5tzm5g,xn--5tzm5g,网站,gTLD_or_unknown,,Other gTLD/unknown,global_gTLD,Global,Global,Global/non-regional TLD,default_non_geographic_tld,Non-ccTLD and not in curated geographic gTLD overrides.,162,2053,6981,0.001,0.001
.google,google,,gTLD_or_unknown,,Other gTLD/unknown,global_gTLD,Global,Global,Global/non-regional TLD,default_non_geographic_tld,Non-ccTLD and not in curated geographic gTLD overrides.,162,2049,8945,0.001,0.001
.how,how,,gTLD_or_unknown,,Other gTLD/unknown,global_gTLD,Global,Global,Global/non-regional TLD,default_non_geographic_tld,Non-ccTLD and not in curated geographic gTLD overrides.,168,2048,7092,0.001,0.001
.xn--80adxhks,xn--80adxhks,москва,gTLD_or_unknown,,Other gTLD/unknown,geographic_gTLD,Russia,Europe,Europe ccTLD/geographic TLD,curated_geographic_gtld_override,Moscow IDN; Russia is transcontinental,167,2047,5936,0.001,0.0
.pf,pf,,ccTLD,French Polynesia,Oceania ccTLD,ccTLD,French Polynesia,Oceania,Oceania ccTLD/geographic TLD,existing_iso_cctld_mapping,,167,2043,6194,0.001,0.0
.melbourne,melbourne,,gTLD_or_unknown,,Other gTLD/unknown,geographic_gTLD,Australia,Oceania,Oceania ccTLD/geographic TLD,curated_geographic_gtld_override,Melbourne city,168,2040,6050,0.001,0.0
.voyage,voyage,,gTLD_or_unknown,,Other gTLD/unknown,global_gTLD,Global,Global,Global/non-regional TLD,default_non_geographic_tld,Non-ccTLD and not in curated geographic gTLD overrides.,167,2038,6115,0.001,0.0
.fj,fj,,ccTLD,Fiji,Oceania ccTLD,ccTLD,Fiji,Oceania,Oceania ccTLD/geographic TLD,existing_iso_cctld_mapping,,168,2020,6193,0.001,0.0
.charity,charity,,gTLD_or_unknown,,Other gTLD/unknown,global_gTLD,Global,Global,Global/non-regional TLD,default_non_geographic_tld,Non-ccTLD and not in curated geographic gTLD overrides.,168,2016,6879,0.001,0.001
.sd,sd,,ccTLD,Sudan,Africa ccTLD,ccTLD,Sudan,Africa,Africa ccTLD/geographic TLD,existing_iso_cctld_mapping,,167,2000,6148,0.0,0.0
.forsale,forsale,,gTLD_or_unknown,,Other gTLD/unknown,global_gTLD,Global,Global,Global/non-regional TLD,default_non_geographic_tld,Non-ccTLD and not in curated geographic gTLD overrides.,168,1986,6054,0.0,0.0
.okinawa,okinawa,,gTLD_or_unknown,,Other gTLD/unknown,global_gTLD,Global,Global,Global/non-regional TLD,default_non_geographic_tld,Non-ccTLD and not in curated geographic gTLD overrides.,167,1974,5533,0.0,0.0
.sexy,sexy,,gTLD_or_unknown,,Other gTLD/unknown,global_gTLD,Global,Global,Global/non-regional TLD,default_non_geographic_tld,Non-ccTLD and not in curated geographic gTLD overrides.,168,1926,5475,0.0,0.0
.glass,glass,,gTLD_or_unknown,,Other gTLD/unknown,global_gTLD,Global,Global,Global/non-regional TLD,default_non_geographic_tld,Non-ccTLD and not in curated geographic gTLD overrides.,168,1923,5197,0.0,0.0
.equipment,equipment,,gTLD_or_unknown,,Other gTLD/unknown,global_gTLD,Global,Global,Global/non-regional TLD,default_non_geographic_tld,Non-ccTLD and not in curated geographic gTLD overrides.,168,1901,5850,0.0,0.0
.coupons,coupons,,gTLD_or_unknown,,Other gTLD/unknown,global_gTLD,Global,Global,Global/non-regional TLD,default_non_geographic_tld,Non-ccTLD and not in curated geographic gTLD overrides.,168,1879,6658,0.0,0.001
.shoes,shoes,,gTLD_or_unknown,,Other gTLD/unknown,global_gTLD,Global,Global,Global/non-regional TLD,default_non_geographic_tld,Non-ccTLD and not in curated geographic gTLD overrides.,168,1831,5351,0.0,0.0
.jm,jm,,ccTLD,Jamaica,Americas ccTLD,ccTLD,Jamaica,Americas,Americas ccTLD/geographic TLD,existing_iso_cctld_mapping,,168,1819,6031,0.0,0.0
.tienda,tienda,,gTLD_or_unknown,,Other gTLD/unknown,global_gTLD,Global,Global,Global/non-regional TLD,default_non_geographic_tld,Non-ccTLD and not in curated geographic gTLD overrides.,168,1813,4608,0.0,0.0
.broker,broker,,gTLD_or_unknown,,Other gTLD/unknown,global_gTLD,Global,Global,Global/non-regional TLD,default_non_geographic_tld,Non-ccTLD and not in curated geographic gTLD overrides.,168,1803,6192,0.0,0.0
.nagoya,nagoya,,gTLD_or_unknown,,Other gTLD/unknown,geographic_gTLD,Japan,Asia,Asia ccTLD/geographic TLD,curated_geographic_gtld_override,Nagoya city,168,1785,5716,0.0,0.0
.soy,soy,,gTLD_or_unknown,,Other gTLD/unknown,global_gTLD,Global,Global,Global/non-regional TLD,default_non_geographic_tld,Non-ccTLD and not in curated geographic gTLD overrides.,167,1759,5854,0.0,0.0
.futbol,futbol,,gTLD_or_unknown,,Other gTLD/unknown,global_gTLD,Global,Global,Global/non-regional TLD,default_non_geographic_tld,Non-ccTLD and not in curated geographic gTLD overrides.,168,1718,5912,0.0,0.0
.krd,krd,,gTLD_or_unknown,,Other gTLD/unknown,global_gTLD,Global,Global,Global/non-regional TLD,default_non_geographic_tld,Non-ccTLD and not in curated geographic gTLD overrides.,168,1686,5524,0.0,0.0
.claims,claims,,gTLD_or_unknown,,Other gTLD/unknown,global_gTLD,Global,Global,Global/non-regional TLD,default_non_geographic_tld,Non-ccTLD and not in curated geographic gTLD overrides.,168,1674,5390,0.0,0.0
.phd,phd,,gTLD_or_unknown,,Other gTLD/unknown,global_gTLD,Global,Global,Global/non-regional TLD,default_non_geographic_tld,Non-ccTLD and not in curated geographic gTLD overrides.,168,1646,5321,0.0,0.0
.rsvp,rsvp,,gTLD_or_unknown,,Other gTLD/unknown,global_gTLD,Global,Global,Global/non-regional TLD,default_non_geographic_tld,Non-ccTLD and not in curated geographic gTLD overrides.,167,1642,7269,0.0,0.001
.joburg,joburg,,gTLD_or_unknown,,Other gTLD/unknown,geographic_gTLD,South Africa,Africa,Africa ccTLD/geographic TLD,curated_geographic_gtld_override,Johannesburg city,155,1641,4626,0.0,0.0
.mr,mr,,ccTLD,Mauritania,Africa ccTLD,ccTLD,Mauritania,Africa,Africa ccTLD/geographic TLD,existing_iso_cctld_mapping,,167,1631,5472,0.0,0.0
.actor,actor,,gTLD_or_unknown,,Other gTLD/unknown,global_gTLD,Global,Global,Global/non-regional TLD,default_non_geographic_tld,Non-ccTLD and not in curated geographic gTLD overrides.,168,1612,5263,0.0,0.0
.gives,gives,,gTLD_or_unknown,,Other gTLD/unknown,global_gTLD,Global,Global,Global/non-regional TLD,default_non_geographic_tld,Non-ccTLD and not in curated geographic gTLD overrides.,168,1611,4837,0.0,0.0
.realty,realty,,gTLD_or_unknown,,Other gTLD/unknown,global_gTLD,Global,Global,Global/non-regional TLD,default_non_geographic_tld,Non-ccTLD and not in curated geographic gTLD overrides.,164,1594,4012,0.0,0.0
.contractors,contractors,,gTLD_or_unknown,,Other gTLD/unknown,global_gTLD,Global,Global,Global/non-regional TLD,default_non_geographic_tld,Non-ccTLD and not in curated geographic gTLD overrides.,167,1576,5049,0.0,0.0
.mo,mo,,ccTLD,Macao,Asia ccTLD,ccTLD,Macao,Asia,Asia ccTLD/geographic TLD,existing_iso_cctld_mapping,,168,1574,4984,0.0,0.0
.soccer,soccer,,gTLD_or_unknown,,Other gTLD/unknown,global_gTLD,Global,Global,Global/non-regional TLD,default_non_geographic_tld,Non-ccTLD and not in curated geographic gTLD overrides.,168,1573,4953,0.0,0.0
.moda,moda,,gTLD_or_unknown,,Other gTLD/unknown,global_gTLD,Global,Global,Global/non-regional TLD,default_non_geographic_tld,Non-ccTLD and not in curated geographic gTLD overrides.,167,1558,4705,0.0,0.0
.yokohama,yokohama,,gTLD_or_unknown,,Other gTLD/unknown,geographic_gTLD,Japan,Asia,Asia ccTLD/geographic TLD,curated_geographic_gtld_override,Yokohama city,167,1509,5040,0.0,0.0
.tl,tl,,ccTLD,Timor-Leste,Other ccTLD/territory,ccTLD,Timor-Leste,Asia,Asia ccTLD/geographic TLD,existing_iso_cctld_mapping,,167,1508,5060,0.0,0.0
.tm,tm,,ccTLD,Turkmenistan,Asia ccTLD,ccTLD,Turkmenistan,Asia,Asia ccTLD/geographic TLD,existing_iso_cctld_mapping,,168,1508,4678,0.0,0.0
.cg,cg,,ccTLD,Republic of the Congo,Africa ccTLD,ccTLD,Republic of the Congo,Africa,Africa ccTLD/geographic TLD,existing_iso_cctld_mapping,,166,1500,5056,0.0,0.0
.crs,crs,,gTLD_or_unknown,,Other gTLD/unknown,global_gTLD,Global,Global,Global/non-regional TLD,default_non_geographic_tld,Non-ccTLD and not in curated geographic gTLD overrides.,168,1495,5102,0.0,0.0
.channel,channel,,gTLD_or_unknown,,Other gTLD/unknown,global_gTLD,Global,Global,Global/non-regional TLD,default_non_geographic_tld,Non-ccTLD and not in curated geographic gTLD overrides.,168,1494,4763,0.0,0.0
.florist,florist,,gTLD_or_unknown,,Other gTLD/unknown,global_gTLD,Global,Global,Global/non-regional TLD,default_non_geographic_tld,Non-ccTLD and not in curated geographic gTLD overrides.,168,1480,4566,0.0,0.0
.holiday,holiday,,gTLD_or_unknown,,Other gTLD/unknown,global_gTLD,Global,Global,Global/non-regional TLD,default_non_geographic_tld,Non-ccTLD and not in curated geographic gTLD overrides.,168,1455,4571,0.0,0.0
.fast,fast,,gTLD_or_unknown,,Other gTLD/unknown,global_gTLD,Global,Global,Global/non-regional TLD,default_non_geographic_tld,Non-ccTLD and not in curated geographic gTLD overrides.,168,1452,5385,0.0,0.0
.vlaanderen,vlaanderen,,gTLD_or_unknown,,Other gTLD/unknown,geographic_gTLD,Belgium,Europe,Europe ccTLD/geographic TLD,curated_geographic_gtld_override,Flanders region,168,1451,4562,0.0,0.0
.gi,gi,,ccTLD,Gibraltar,Europe ccTLD,ccTLD,Gibraltar,Europe,Europe ccTLD/geographic TLD,existing_iso_cctld_mapping,,167,1450,4069,0.0,0.0
.corsica,corsica,,gTLD_or_unknown,,Other gTLD/unknown,geographic_gTLD,France,Europe,Europe ccTLD/geographic TLD,curated_geographic_gtld_override,Corsica region,164,1434,4881,0.0,0.0
.tennis,tennis,,gTLD_or_unknown,,Other gTLD/unknown,global_gTLD,Global,Global,Global/non-regional TLD,default_non_geographic_tld,Non-ccTLD and not in curated geographic gTLD overrides.,168,1429,4283,0.0,0.0
.barcelona,barcelona,,gTLD_or_unknown,,Other gTLD/unknown,geographic_gTLD,Spain,Europe,Europe ccTLD/geographic TLD,curated_geographic_gtld_override,Barcelona city,168,1420,4732,0.0,0.0
.exposed,exposed,,gTLD_or_unknown,,Other gTLD/unknown,global_gTLD,Global,Global,Global/non-regional TLD,default_non_geographic_tld,Non-ccTLD and not in curated geographic gTLD overrides.,168,1382,4466,0.0,0.0
.supplies,supplies,,gTLD_or_unknown,,Other gTLD/unknown,global_gTLD,Global,Global,Global/non-regional TLD,default_non_geographic_tld,Non-ccTLD and not in curated geographic gTLD overrides.,168,1381,3843,0.0,0.0
.singles,singles,,gTLD_or_unknown,,Other gTLD/unknown,global_gTLD,Global,Global,Global/non-regional TLD,default_non_geographic_tld,Non-ccTLD and not in curated geographic gTLD overrides.,168,1378,4090,0.0,0.0
.catering,catering,,gTLD_or_unknown,,Other gTLD/unknown,global_gTLD,Global,Global,Global/non-regional TLD,default_non_geographic_tld,Non-ccTLD and not in curated geographic gTLD overrides.,167,1369,3522,0.0,0.0
.immobilien,immobilien,,gTLD_or_unknown,,Other gTLD/unknown,global_gTLD,Global,Global,Global/non-regional TLD,default_non_geographic_tld,Non-ccTLD and not in curated geographic gTLD overrides.,167,1368,4349,0.0,0.0
.pr,pr,,ccTLD,Puerto Rico,Americas ccTLD,ccTLD,Puerto Rico,Americas,Americas ccTLD/geographic TLD,existing_iso_cctld_mapping,,167,1356,4802,0.0,0.0
.fishing,fishing,,gTLD_or_unknown,,Other gTLD/unknown,global_gTLD,Global,Global,Global/non-regional TLD,default_non_geographic_tld,Non-ccTLD and not in curated geographic gTLD overrides.,164,1355,4579,0.0,0.0
.furniture,furniture,,gTLD_or_unknown,,Other gTLD/unknown,global_gTLD,Global,Global,Global/non-regional TLD,default_non_geographic_tld,Non-ccTLD and not in curated geographic gTLD overrides.,168,1344,4102,0.0,0.0
.sz,sz,,ccTLD,Eswatini,Africa ccTLD,ccTLD,Eswatini,Africa,Africa ccTLD/geographic TLD,existing_iso_cctld_mapping,,154,1341,3760,0.0,0.0
.compare,compare,,gTLD_or_unknown,,Other gTLD/unknown,global_gTLD,Global,Global,Global/non-regional TLD,default_non_geographic_tld,Non-ccTLD and not in curated geographic gTLD overrides.,138,1335,4664,0.0,0.0
.sb,sb,,ccTLD,Solomon Islands,Oceania ccTLD,ccTLD,Solomon Islands,Oceania,Oceania ccTLD/geographic TLD,existing_iso_cctld_mapping,,168,1313,5049,0.0,0.0
.sarl,sarl,,gTLD_or_unknown,,Other gTLD/unknown,global_gTLD,Global,Global,Global/non-regional TLD,default_non_geographic_tld,Non-ccTLD and not in curated geographic gTLD overrides.,167,1313,4235,0.0,0.0
.cologne,cologne,,gTLD_or_unknown,,Other gTLD/unknown,geographic_gTLD,Germany,Europe,Europe ccTLD/geographic TLD,curated_geographic_gtld_override,Cologne city,161,1295,3776,0.0,0.0
.discount,discount,,gTLD_or_unknown,,Other gTLD/unknown,global_gTLD,Global,Global,Global/non-regional TLD,default_non_geographic_tld,Non-ccTLD and not in curated geographic gTLD overrides.,168,1289,4321,0.0,0.0
.ruhr,ruhr,,gTLD_or_unknown,,Other gTLD/unknown,geographic_gTLD,Germany,Europe,Europe ccTLD/geographic TLD,curated_geographic_gtld_override,Ruhr region,167,1287,3963,0.0,0.0
.xn--q9jyb4c,xn--q9jyb4c,みんな,gTLD_or_unknown,,Other gTLD/unknown,global_gTLD,Global,Global,Global/non-regional TLD,default_non_geographic_tld,Non-ccTLD and not in curated geographic gTLD overrides.,160,1275,3888,0.0,0.0
.bingo,bingo,,gTLD_or_unknown,,Other gTLD/unknown,global_gTLD,Global,Global,Global/non-regional TLD,default_non_geographic_tld,Non-ccTLD and not in curated geographic gTLD overrides.,167,1271,4464,0.0,0.0
.bnpparibas,bnpparibas,,gTLD_or_unknown,,Other gTLD/unknown,global_gTLD,Global,Global,Global/non-regional TLD,default_non_geographic_tld,Non-ccTLD and not in curated geographic gTLD overrides.,102,1271,2687,0.0,0.0
.vodka,vodka,,gTLD_or_unknown,,Other gTLD/unknown,global_gTLD,Global,Global,Global/non-regional TLD,default_non_geographic_tld,Non-ccTLD and not in curated geographic gTLD overrides.,168,1263,4189,0.0,0.0
.dj,dj,,ccTLD,Djibouti,Africa ccTLD,globalized_ccTLD,Djibouti,Global,Global/non-regional TLD,google_search_generic_cctld_list,Formal ccTLD treated as generic for geographic analysis; list checked 2026-08-18.,166,1241,4408,0.0,0.0
.cooking,cooking,,gTLD_or_unknown,,Other gTLD/unknown,global_gTLD,Global,Global,Global/non-regional TLD,default_non_geographic_tld,Non-ccTLD and not in curated geographic gTLD overrides.,166,1239,4490,0.0,0.0
.hospital,hospital,,gTLD_or_unknown,,Other gTLD/unknown,global_gTLD,Global,Global,Global/non-regional TLD,default_non_geographic_tld,Non-ccTLD and not in curated geographic gTLD overrides.,168,1230,3393,0.0,0.0
.box,box,,gTLD_or_unknown,,Other gTLD/unknown,global_gTLD,Global,Global,Global/non-regional TLD,default_non_geographic_tld,Non-ccTLD and not in curated geographic gTLD overrides.,165,1224,3715,0.0,0.0
.sl,sl,,ccTLD,Sierra Leone,Africa ccTLD,ccTLD,Sierra Leone,Africa,Africa ccTLD/geographic TLD,existing_iso_cctld_mapping,,167,1199,4142,0.0,0.0
.saarland,saarland,,gTLD_or_unknown,,Other gTLD/unknown,geographic_gTLD,Germany,Europe,Europe ccTLD/geographic TLD,curated_geographic_gtld_override,Saarland region,165,1185,3677,0.0,0.0
.cleaning,cleaning,,gTLD_or_unknown,,Other gTLD/unknown,global_gTLD,Global,Global,Global/non-regional TLD,default_non_geographic_tld,Non-ccTLD and not in curated geographic gTLD overrides.,167,1177,3701,0.0,0.0
.hot,hot,,gTLD_or_unknown,,Other gTLD/unknown,global_gTLD,Global,Global,Global/non-regional TLD,default_non_geographic_tld,Non-ccTLD and not in curated geographic gTLD overrides.,158,1165,3990,0.0,0.0
.rehab,rehab,,gTLD_or_unknown,,Other gTLD/unknown,global_gTLD,Global,Global,Global/non-regional TLD,default_non_geographic_tld,Non-ccTLD and not in curated geographic gTLD overrides.,167,1134,3653,0.0,0.0
.xn--j1amh,xn--j1amh,укр,gTLD_or_unknown,,Other gTLD/unknown,ccTLD,Ukraine,Europe,Europe ccTLD/geographic TLD,curated_idn_cctld_override,Ukraine IDN ccTLD,161,1131,3755,0.0,0.0
.plumbing,plumbing,,gTLD_or_unknown,,Other gTLD/unknown,global_gTLD,Global,Global,Global/non-regional TLD,default_non_geographic_tld,Non-ccTLD and not in curated geographic gTLD overrides.,168,1125,3660,0.0,0.0
.diamonds,diamonds,,gTLD_or_unknown,,Other gTLD/unknown,global_gTLD,Global,Global,Global/non-regional TLD,default_non_geographic_tld,Non-ccTLD and not in curated geographic gTLD overrides.,168,1125,3386,0.0,0.0
.reisen,reisen,,gTLD_or_unknown,,Other gTLD/unknown,global_gTLD,Global,Global,Global/non-regional TLD,default_non_geographic_tld,Non-ccTLD and not in curated geographic gTLD overrides.,167,1120,3769,0.0,0.0
.vacations,vacations,,gTLD_or_unknown,,Other gTLD/unknown,global_gTLD,Global,Global,Global/non-regional TLD,default_non_geographic_tld,Non-ccTLD and not in curated geographic gTLD overrides.,168,1120,3107,0.0,0.0
.durban,durban,,gTLD_or_unknown,,Other gTLD/unknown,geographic_gTLD,South Africa,Africa,Africa ccTLD/geographic TLD,curated_geographic_gtld_override,Durban city,143,1114,2635,0.0,0.0
.sanofi,sanofi,,gTLD_or_unknown,,Other gTLD/unknown,global_gTLD,Global,Global,Global/non-regional TLD,default_non_geographic_tld,Non-ccTLD and not in curated geographic gTLD overrides.,148,1092,2318,0.0,0.0
.sm,sm,,ccTLD,San Marino,Europe ccTLD,ccTLD,San Marino,Europe,Europe ccTLD/geographic TLD,existing_iso_cctld_mapping,,166,1091,3537,0.0,0.0
.gm,gm,,ccTLD,Gambia,Africa ccTLD,ccTLD,Gambia,Africa,Africa ccTLD/geographic TLD,existing_iso_cctld_mapping,,164,1089,3580,0.0,0.0
.istanbul,istanbul,,gTLD_or_unknown,,Other gTLD/unknown,geographic_gTLD,Turkiye,Asia,Asia ccTLD/geographic TLD,curated_geographic_gtld_override,Istanbul city,166,1088,3391,0.0,0.0
.mil,mil,,gTLD_or_unknown,,Other gTLD/unknown,global_gTLD,Global,Global,Global/non-regional TLD,default_non_geographic_tld,Non-ccTLD and not in curated geographic gTLD overrides.,134,1081,3796,0.0,0.0
.bt,bt,,ccTLD,Bhutan,Asia ccTLD,ccTLD,Bhutan,Asia,Asia ccTLD/geographic TLD,existing_iso_cctld_mapping,,165,1075,3467,0.0,0.0
.webcam,webcam,,gTLD_or_unknown,,Other gTLD/unknown,global_gTLD,Global,Global,Global/non-regional TLD,default_non_geographic_tld,Non-ccTLD and not in curated geographic gTLD overrides.,166,1055,3635,0.0,0.0
.xn--90ae,xn--90ae,бг,gTLD_or_unknown,,Other gTLD/unknown,ccTLD,Bulgaria,Europe,Europe ccTLD/geographic TLD,curated_idn_cctld_override,Bulgaria IDN ccTLD,162,1053,3656,0.0,0.0
.prof,prof,,gTLD_or_unknown,,Other gTLD/unknown,global_gTLD,Global,Global,Global/non-regional TLD,default_non_geographic_tld,Non-ccTLD and not in curated geographic gTLD overrides.,156,1042,3055,0.0,0.0
.kaufen,kaufen,,gTLD_or_unknown,,Other gTLD/unknown,global_gTLD,Global,Global,Global/non-regional TLD,default_non_geographic_tld,Non-ccTLD and not in curated geographic gTLD overrides.,160,1024,3213,0.0,0.0
.med,med,,gTLD_or_unknown,,Other gTLD/unknown,global_gTLD,Global,Global,Global/non-regional TLD,default_non_geographic_tld,Non-ccTLD and not in curated geographic gTLD overrides.,160,1011,3844,0.0,0.0
.bible,bible,,gTLD_or_unknown,,Other gTLD/unknown,global_gTLD,Global,Global,Global/non-regional TLD,default_non_geographic_tld,Non-ccTLD and not in curated geographic gTLD overrides.,166,1010,3420,0.0,0.0
.dentist,dentist,,gTLD_or_unknown,,Other gTLD/unknown,global_gTLD,Global,Global,Global/non-regional TLD,default_non_geographic_tld,Non-ccTLD and not in curated geographic gTLD overrides.,167,1001,2947,0.0,0.0
.taipei,taipei,,gTLD_or_unknown,,Other gTLD/unknown,geographic_gTLD,Taiwan,Asia,Asia ccTLD/geographic TLD,curated_geographic_gtld_override,Taipei city,165,992,3502,0.0,0.0
.amazon,amazon,,gTLD_or_unknown,,Other gTLD/unknown,global_gTLD,Global,Global,Global/non-regional TLD,default_non_geographic_tld,Non-ccTLD and not in curated geographic gTLD overrides.,166,982,2886,0.0,0.0
.xn--80asehdb,xn--80asehdb,онлайн,gTLD_or_unknown,,Other gTLD/unknown,global_gTLD,Global,Global,Global/non-regional TLD,default_non_geographic_tld,Non-ccTLD and not in curated geographic gTLD overrides.,147,973,2994,0.0,0.0
.xn--80aswg,xn--80aswg,сайт,gTLD_or_unknown,,Other gTLD/unknown,global_gTLD,Global,Global,Global/non-regional TLD,default_non_geographic_tld,Non-ccTLD and not in curated geographic gTLD overrides.,158,973,2602,0.0,0.0
.esq,esq,,gTLD_or_unknown,,Other gTLD/unknown,global_gTLD,Global,Global,Global/non-regional TLD,default_non_geographic_tld,Non-ccTLD and not in curated geographic gTLD overrides.,163,965,3555,0.0,0.0
.giving,giving,,gTLD_or_unknown,,Other gTLD/unknown,global_gTLD,Global,Global,Global/non-regional TLD,default_non_geographic_tld,Non-ccTLD and not in curated geographic gTLD overrides.,166,948,3333,0.0,0.0
.madrid,madrid,,gTLD_or_unknown,,Other gTLD/unknown,geographic_gTLD,Spain,Europe,Europe ccTLD/geographic TLD,curated_geographic_gtld_override,Madrid city,160,906,3882,0.0,0.0
.mp,mp,,ccTLD,Northern Mariana Islands,Oceania ccTLD,ccTLD,Northern Mariana Islands,Oceania,Oceania ccTLD/geographic TLD,existing_iso_cctld_mapping,,167,885,3197,0.0,0.0
.alsace,alsace,,gTLD_or_unknown,,Other gTLD/unknown,geographic_gTLD,France,Europe,Europe ccTLD/geographic TLD,curated_geographic_gtld_override,Alsace region,159,863,2636,0.0,0.0
.hockey,hockey,,gTLD_or_unknown,,Other gTLD/unknown,global_gTLD,Global,Global,Global/non-regional TLD,default_non_geographic_tld,Non-ccTLD and not in curated geographic gTLD overrides.,165,848,2553,0.0,0.0
.creditcard,creditcard,,gTLD_or_unknown,,Other gTLD/unknown,global_gTLD,Global,Global,Global/non-regional TLD,default_non_geographic_tld,Non-ccTLD and not in curated geographic gTLD overrides.,164,839,2318,0.0,0.0
.memorial,memorial,,gTLD_or_unknown,,Other gTLD/unknown,global_gTLD,Global,Global,Global/non-regional TLD,default_non_geographic_tld,Non-ccTLD and not in curated geographic gTLD overrides.,153,835,2274,0.0,0.0
.schwarz,schwarz,,gTLD_or_unknown,,Other gTLD/unknown,global_gTLD,Global,Global,Global/non-regional TLD,default_non_geographic_tld,Non-ccTLD and not in curated geographic gTLD overrides.,146,834,2411,0.0,0.0
.bargains,bargains,,gTLD_or_unknown,,Other gTLD/unknown,global_gTLD,Global,Global,Global/non-regional TLD,default_non_geographic_tld,Non-ccTLD and not in curated geographic gTLD overrides.,161,818,2673,0.0,0.0
.lease,lease,,gTLD_or_unknown,,Other gTLD/unknown,global_gTLD,Global,Global,Global/non-regional TLD,default_non_geographic_tld,Non-ccTLD and not in curated geographic gTLD overrides.,163,816,2682,0.0,0.0
.surgery,surgery,,gTLD_or_unknown,,Other gTLD/unknown,global_gTLD,Global,Global,Global/non-regional TLD,default_non_geographic_tld,Non-ccTLD and not in curated geographic gTLD overrides.,164,797,2126,0.0,0.0
.xn--6qq986b3xl,xn--6qq986b3xl,我爱你,gTLD_or_unknown,,Other gTLD/unknown,global_gTLD,Global,Global,Global/non-regional TLD,default_non_geographic_tld,Non-ccTLD and not in curated geographic gTLD overrides.,166,771,3251,0.0,0.0
.accountants,accountants,,gTLD_or_unknown,,Other gTLD/unknown,global_gTLD,Global,Global,Global/non-regional TLD,default_non_geographic_tld,Non-ccTLD and not in curated geographic gTLD overrides.,156,758,2361,0.0,0.0
.cw,cw,,ccTLD,Curacao,Americas ccTLD,ccTLD,Curacao,Americas,Americas ccTLD/geographic TLD,existing_iso_cctld_mapping,,152,754,2470,0.0,0.0
.xn--4dbrk0ce,xn--4dbrk0ce,ישראל,gTLD_or_unknown,,Other gTLD/unknown,ccTLD,Israel,Asia,Asia ccTLD/geographic TLD,curated_idn_cctld_override,Israel IDN ccTLD,158,745,2652,0.0,0.0
.xn--c1avg,xn--c1avg,орг,gTLD_or_unknown,,Other gTLD/unknown,global_gTLD,Global,Global,Global/non-regional TLD,default_non_geographic_tld,Non-ccTLD and not in curated geographic gTLD overrides.,123,742,2400,0.0,0.0
.sport,sport,,gTLD_or_unknown,,Other gTLD/unknown,global_gTLD,Global,Global,Global/non-regional TLD,default_non_geographic_tld,Non-ccTLD and not in curated geographic gTLD overrides.,157,736,2233,0.0,0.0
.gripe,gripe,,gTLD_or_unknown,,Other gTLD/unknown,global_gTLD,Global,Global,Global/non-regional TLD,default_non_geographic_tld,Non-ccTLD and not in curated geographic gTLD overrides.,166,726,2593,0.0,0.0
.cruises,cruises,,gTLD_or_unknown,,Other gTLD/unknown,global_gTLD,Global,Global,Global/non-regional TLD,default_non_geographic_tld,Non-ccTLD and not in curated geographic gTLD overrides.,157,723,2422,0.0,0.0
.mobile,mobile,,gTLD_or_unknown,,Other gTLD/unknown,global_gTLD,Global,Global,Global/non-regional TLD,default_non_geographic_tld,Non-ccTLD and not in curated geographic gTLD overrides.,157,715,2589,0.0,0.0
.lr,lr,,ccTLD,Liberia,Africa ccTLD,ccTLD,Liberia,Africa,Africa ccTLD/geographic TLD,existing_iso_cctld_mapping,,147,701,1764,0.0,0.0
.bn,bn,,ccTLD,Brunei Darussalam,Asia ccTLD,ccTLD,Brunei Darussalam,Asia,Asia ccTLD/geographic TLD,existing_iso_cctld_mapping,,151,699,2263,0.0,0.0
.museum,museum,,gTLD_or_unknown,,Other gTLD/unknown,global_gTLD,Global,Global,Global/non-regional TLD,default_non_geographic_tld,Non-ccTLD and not in curated geographic gTLD overrides.,152,696,2251,0.0,0.0
.forex,forex,,gTLD_or_unknown,,Other gTLD/unknown,global_gTLD,Global,Global,Global/non-regional TLD,default_non_geographic_tld,Non-ccTLD and not in curated geographic gTLD overrides.,160,694,2299,0.0,0.0
.storage,storage,,gTLD_or_unknown,,Other gTLD/unknown,global_gTLD,Global,Global,Global/non-regional TLD,default_non_geographic_tld,Non-ccTLD and not in curated geographic gTLD overrides.,164,692,2002,0.0,0.0
.ne,ne,,ccTLD,Niger,Africa ccTLD,ccTLD,Niger,Africa,Africa ccTLD/geographic TLD,existing_iso_cctld_mapping,,149,683,2332,0.0,0.0
.condos,condos,,gTLD_or_unknown,,Other gTLD/unknown,global_gTLD,Global,Global,Global/non-regional TLD,default_non_geographic_tld,Non-ccTLD and not in curated geographic gTLD overrides.,151,683,1843,0.0,0.0
.maison,maison,,gTLD_or_unknown,,Other gTLD/unknown,global_gTLD,Global,Global,Global/non-regional TLD,default_non_geographic_tld,Non-ccTLD and not in curated geographic gTLD overrides.,157,672,2120,0.0,0.0
.td,td,,ccTLD,Chad,Africa ccTLD,ccTLD,Chad,Africa,Africa ccTLD/geographic TLD,existing_iso_cctld_mapping,,157,671,2119,0.0,0.0
.xn--j6w193g,xn--j6w193g,香港,gTLD_or_unknown,,Other gTLD/unknown,ccTLD,Hong Kong,Asia,Asia ccTLD/geographic TLD,curated_idn_cctld_override,Hong Kong IDN ccTLD,155,665,2532,0.0,0.0
.tatar,tatar,,gTLD_or_unknown,,Other gTLD/unknown,global_gTLD,Global,Global,Global/non-regional TLD,default_non_geographic_tld,Non-ccTLD and not in curated geographic gTLD overrides.,159,658,1731,0.0,0.0
.xn--qxam,xn--qxam,ελ,gTLD_or_unknown,,Other gTLD/unknown,ccTLD,Greece,Europe,Europe ccTLD/geographic TLD,curated_idn_cctld_override,Greece IDN ccTLD,129,654,2165,0.0,0.0
.pharmacy,pharmacy,,gTLD_or_unknown,,Other gTLD/unknown,global_gTLD,Global,Global,Global/non-regional TLD,default_non_geographic_tld,Non-ccTLD and not in curated geographic gTLD overrides.,163,653,2623,0.0,0.0
.career,career,,gTLD_or_unknown,,Other gTLD/unknown,global_gTLD,Global,Global,Global/non-regional TLD,default_non_geographic_tld,Non-ccTLD and not in curated geographic gTLD overrides.,148,648,2015,0.0,0.0
.theater,theater,,gTLD_or_unknown,,Other gTLD/unknown,global_gTLD,Global,Global,Global/non-regional TLD,default_non_geographic_tld,Non-ccTLD and not in curated geographic gTLD overrides.,160,642,2040,0.0,0.0
.gn,gn,,ccTLD,Guinea,Africa ccTLD,ccTLD,Guinea,Africa,Africa ccTLD/geographic TLD,existing_iso_cctld_mapping,,142,629,2702,0.0,0.0
.rio,rio,,gTLD_or_unknown,,Other gTLD/unknown,geographic_gTLD,Brazil,Americas,Americas ccTLD/geographic TLD,curated_geographic_gtld_override,Rio de Janeiro city,152,621,2212,0.0,0.0
.spa,spa,,gTLD_or_unknown,,Other gTLD/unknown,global_gTLD,Global,Global,Global/non-regional TLD,default_non_geographic_tld,Non-ccTLD and not in curated geographic gTLD overrides.,156,605,2166,0.0,0.0
.osaka,osaka,,gTLD_or_unknown,,Other gTLD/unknown,geographic_gTLD,Japan,Asia,Asia ccTLD/geographic TLD,curated_geographic_gtld_override,Osaka city/prefecture,148,603,2117,0.0,0.0
.pfizer,pfizer,,gTLD_or_unknown,,Other gTLD/unknown,global_gTLD,Global,Global,Global/non-regional TLD,default_non_geographic_tld,Non-ccTLD and not in curated geographic gTLD overrides.,162,596,1735,0.0,0.0
.physio,physio,,gTLD_or_unknown,,Other gTLD/unknown,global_gTLD,Global,Global,Global/non-regional TLD,default_non_geographic_tld,Non-ccTLD and not in curated geographic gTLD overrides.,150,595,1881,0.0,0.0
.xn--tckwe,xn--tckwe,コム,gTLD_or_unknown,,Other gTLD/unknown,global_gTLD,Global,Global,Global/non-regional TLD,default_non_geographic_tld,Non-ccTLD and not in curated geographic gTLD overrides.,136,593,2371,0.0,0.0
.aw,aw,,ccTLD,Aruba,Americas ccTLD,ccTLD,Aruba,Americas,Americas ccTLD/geographic TLD,existing_iso_cctld_mapping,,146,580,2358,0.0,0.0
.ss,ss,,ccTLD,South Sudan,Africa ccTLD,ccTLD,South Sudan,Africa,Africa ccTLD/geographic TLD,existing_iso_cctld_mapping,,151,578,2238,0.0,0.0
.basketball,basketball,,gTLD_or_unknown,,Other gTLD/unknown,global_gTLD,Global,Global,Global/non-regional TLD,default_non_geographic_tld,Non-ccTLD and not in curated geographic gTLD overrides.,132,571,1857,0.0,0.0
.bb,bb,,ccTLD,Barbados,Americas ccTLD,ccTLD,Barbados,Americas,Americas ccTLD/geographic TLD,existing_iso_cctld_mapping,,156,564,2115,0.0,0.0
.auto,auto,,gTLD_or_unknown,,Other gTLD/unknown,global_gTLD,Global,Global,Global/non-regional TLD,default_non_geographic_tld,Non-ccTLD and not in curated geographic gTLD overrides.,150,561,1892,0.0,0.0
.ki,ki,,ccTLD,Kiribati,Oceania ccTLD,ccTLD,Kiribati,Oceania,Oceania ccTLD/geographic TLD,existing_iso_cctld_mapping,,146,561,1684,0.0,0.0
.desi,desi,,gTLD_or_unknown,,Other gTLD/unknown,global_gTLD,Global,Global,Global/non-regional TLD,default_non_geographic_tld,Non-ccTLD and not in curated geographic gTLD overrides.,137,560,1759,0.0,0.0
.gf,gf,,ccTLD,French Guiana,Americas ccTLD,ccTLD,French Guiana,Americas,Americas ccTLD/geographic TLD,existing_iso_cctld_mapping,,156,558,1643,0.0,0.0
.hiphop,hiphop,,gTLD_or_unknown,,Other gTLD/unknown,global_gTLD,Global,Global,Global/non-regional TLD,default_non_geographic_tld,Non-ccTLD and not in curated geographic gTLD overrides.,149,555,2157,0.0,0.0
.talk,talk,,gTLD_or_unknown,,Other gTLD/unknown,global_gTLD,Global,Global,Global/non-regional TLD,default_non_geographic_tld,Non-ccTLD and not in curated geographic gTLD overrides.,158,553,1934,0.0,0.0
.ye,ye,,ccTLD,Yemen,Asia ccTLD,ccTLD,Yemen,Asia,Asia ccTLD/geographic TLD,existing_iso_cctld_mapping,,133,534,1429,0.0,0.0
.select,select,,gTLD_or_unknown,,Other gTLD/unknown,global_gTLD,Global,Global,Global/non-regional TLD,default_non_geographic_tld,Non-ccTLD and not in curated geographic gTLD overrides.,143,529,1886,0.0,0.0
.xn--3e0b707e,xn--3e0b707e,한국,ccTLD,South Korea (.한국),Asia ccTLD,ccTLD,South Korea (.한국),Asia,Asia ccTLD/geographic TLD,existing_iso_cctld_mapping,,144,522,1933,0.0,0.0
.hm,hm,,ccTLD,Heard Island and McDonald Islands,Oceania ccTLD,ccTLD,Heard Island and McDonald Islands,Oceania,Oceania ccTLD/geographic TLD,existing_iso_cctld_mapping,,155,522,1826,0.0,0.0
.gop,gop,,gTLD_or_unknown,,Other gTLD/unknown,global_gTLD,Global,Global,Global/non-regional TLD,default_non_geographic_tld,Non-ccTLD and not in curated geographic gTLD overrides.,148,508,1780,0.0,0.0
.cricket,cricket,,gTLD_or_unknown,,Other gTLD/unknown,global_gTLD,Global,Global,Global/non-regional TLD,default_non_geographic_tld,Non-ccTLD and not in curated geographic gTLD overrides.,145,502,1630,0.0,0.0
.nr,nr,,ccTLD,Nauru,Oceania ccTLD,ccTLD,Nauru,Oceania,Oceania ccTLD/geographic TLD,existing_iso_cctld_mapping,,158,498,1184,0.0,0.0
.xn--90a3ac,xn--90a3ac,срб,gTLD_or_unknown,,Other gTLD/unknown,ccTLD,Serbia,Europe,Europe ccTLD/geographic TLD,curated_idn_cctld_override,Serbia IDN ccTLD,136,497,1812,0.0,0.0
.accountant,accountant,,gTLD_or_unknown,,Other gTLD/unknown,global_gTLD,Global,Global,Global/non-regional TLD,default_non_geographic_tld,Non-ccTLD and not in curated geographic gTLD overrides.,145,492,1643,0.0,0.0
.flowers,flowers,,gTLD_or_unknown,,Other gTLD/unknown,global_gTLD,Global,Global,Global/non-regional TLD,default_non_geographic_tld,Non-ccTLD and not in curated geographic gTLD overrides.,148,487,1266,0.0,0.0
.bs,bs,,ccTLD,Bahamas,Americas ccTLD,ccTLD,Bahamas,Americas,Americas ccTLD/geographic TLD,existing_iso_cctld_mapping,,153,485,1707,0.0,0.0
.xn--6frz82g,xn--6frz82g,移动,gTLD_or_unknown,,Other gTLD/unknown,global_gTLD,Global,Global,Global/non-regional TLD,default_non_geographic_tld,Non-ccTLD and not in curated geographic gTLD overrides.,150,484,2158,0.0,0.0
.shiksha,shiksha,,gTLD_or_unknown,,Other gTLD/unknown,global_gTLD,Global,Global,Global/non-regional TLD,default_non_geographic_tld,Non-ccTLD and not in curated geographic gTLD overrides.,131,481,2058,0.0,0.0
.pn,pn,,ccTLD,Pitcairn,Oceania ccTLD,ccTLD,Pitcairn,Oceania,Oceania ccTLD/geographic TLD,existing_iso_cctld_mapping,,112,479,1283,0.0,0.0
.kyoto,kyoto,,gTLD_or_unknown,,Other gTLD/unknown,geographic_gTLD,Japan,Asia,Asia ccTLD/geographic TLD,curated_geographic_gtld_override,Kyoto city/prefecture,141,477,1327,0.0,0.0
.rugby,rugby,,gTLD_or_unknown,,Other gTLD/unknown,global_gTLD,Global,Global,Global/non-regional TLD,default_non_geographic_tld,Non-ccTLD and not in curated geographic gTLD overrides.,142,474,1530,0.0,0.0
.republican,republican,,gTLD_or_unknown,,Other gTLD/unknown,global_gTLD,Global,Global,Global/non-regional TLD,default_non_geographic_tld,Non-ccTLD and not in curated geographic gTLD overrides.,138,465,1710,0.0,0.0
.fox,fox,,gTLD_or_unknown,,Other gTLD/unknown,global_gTLD,Global,Global,Global/non-regional TLD,default_non_geographic_tld,Non-ccTLD and not in curated geographic gTLD overrides.,119,461,1363,0.0,0.0
.cars,cars,,gTLD_or_unknown,,Other gTLD/unknown,global_gTLD,Global,Global,Global/non-regional TLD,default_non_geographic_tld,Non-ccTLD and not in curated geographic gTLD overrides.,128,451,1385,0.0,0.0
.lamborghini,lamborghini,,gTLD_or_unknown,,Other gTLD/unknown,global_gTLD,Global,Global,Global/non-regional TLD,default_non_geographic_tld,Non-ccTLD and not in curated geographic gTLD overrides.,105,444,919,0.0,0.0
.xn--9dbq2a,xn--9dbq2a,קום,gTLD_or_unknown,,Other gTLD/unknown,global_gTLD,Global,Global,Global/non-regional TLD,default_non_geographic_tld,Non-ccTLD and not in curated geographic gTLD overrides.,142,442,1575,0.0,0.0
.leclerc,leclerc,,gTLD_or_unknown,,Other gTLD/unknown,global_gTLD,Global,Global,Global/non-regional TLD,default_non_geographic_tld,Non-ccTLD and not in curated geographic gTLD overrides.,122,442,755,0.0,0.0
.yun,yun,,gTLD_or_unknown,,Other gTLD/unknown,global_gTLD,Global,Global,Global/non-regional TLD,default_non_geographic_tld,Non-ccTLD and not in curated geographic gTLD overrides.,144,431,1410,0.0,0.0
.xn--gecrj9c,xn--gecrj9c,ભારત,gTLD_or_unknown,,Other gTLD/unknown,ccTLD,India,Asia,Asia ccTLD/geographic TLD,curated_idn_cctld_override,India IDN ccTLD,149,428,2316,0.0,0.0
.tickets,tickets,,gTLD_or_unknown,,Other gTLD/unknown,global_gTLD,Global,Global,Global/non-regional TLD,default_non_geographic_tld,Non-ccTLD and not in curated geographic gTLD overrides.,142,428,1381,0.0,0.0
.voto,voto,,gTLD_or_unknown,,Other gTLD/unknown,global_gTLD,Global,Global,Global/non-regional TLD,default_non_geographic_tld,Non-ccTLD and not in curated geographic gTLD overrides.,115,426,1376,0.0,0.0
.xn--d1acj3b,xn--d1acj3b,дети,gTLD_or_unknown,,Other gTLD/unknown,global_gTLD,Global,Global,Global/non-regional TLD,default_non_geographic_tld,Non-ccTLD and not in curated geographic gTLD overrides.,123,425,1113,0.0,0.0
.lidl,lidl,,gTLD_or_unknown,,Other gTLD/unknown,global_gTLD,Global,Global,Global/non-regional TLD,default_non_geographic_tld,Non-ccTLD and not in curated geographic gTLD overrides.,55,424,1372,0.0,0.0
.moi,moi,,gTLD_or_unknown,,Other gTLD/unknown,global_gTLD,Global,Global,Global/non-regional TLD,default_non_geographic_tld,Non-ccTLD and not in curated geographic gTLD overrides.,150,415,1456,0.0,0.0
.kn,kn,,ccTLD,Saint Kitts and Nevis,Americas ccTLD,ccTLD,Saint Kitts and Nevis,Americas,Americas ccTLD/geographic TLD,existing_iso_cctld_mapping,,127,415,1120,0.0,0.0
.degree,degree,,gTLD_or_unknown,,Other gTLD/unknown,global_gTLD,Global,Global,Global/non-regional TLD,default_non_geographic_tld,Non-ccTLD and not in curated geographic gTLD overrides.,145,387,1216,0.0,0.0
.zuerich,zuerich,,gTLD_or_unknown,,Other gTLD/unknown,geographic_gTLD,Switzerland,Europe,Europe ccTLD/geographic TLD,curated_geographic_gtld_override,Zurich city/canton,129,385,1093,0.0,0.0
.deal,deal,,gTLD_or_unknown,,Other gTLD/unknown,global_gTLD,Global,Global,Global/non-regional TLD,default_non_geographic_tld,Non-ccTLD and not in curated geographic gTLD overrides.,137,366,1430,0.0,0.0
.viajes,viajes,,gTLD_or_unknown,,Other gTLD/unknown,global_gTLD,Global,Global,Global/non-regional TLD,default_non_geographic_tld,Non-ccTLD and not in curated geographic gTLD overrides.,117,363,1002,0.0,0.0
.tires,tires,,gTLD_or_unknown,,Other gTLD/unknown,global_gTLD,Global,Global,Global/non-regional TLD,default_non_geographic_tld,Non-ccTLD and not in curated geographic gTLD overrides.,141,361,1129,0.0,0.0
.diet,diet,,gTLD_or_unknown,,Other gTLD/unknown,global_gTLD,Global,Global,Global/non-regional TLD,default_non_geographic_tld,Non-ccTLD and not in curated geographic gTLD overrides.,134,357,1072,0.0,0.0
.abogado,abogado,,gTLD_or_unknown,,Other gTLD/unknown,global_gTLD,Global,Global,Global/non-regional TLD,default_non_geographic_tld,Non-ccTLD and not in curated geographic gTLD overrides.,98,352,1331,0.0,0.0
.toyota,toyota,,gTLD_or_unknown,,Other gTLD/unknown,global_gTLD,Global,Global,Global/non-regional TLD,default_non_geographic_tld,Non-ccTLD and not in curated geographic gTLD overrides.,130,351,882,0.0,0.0
.mq,mq,,ccTLD,Martinique,Americas ccTLD,ccTLD,Martinique,Americas,Americas ccTLD/geographic TLD,existing_iso_cctld_mapping,,128,349,1051,0.0,0.0
.abb,abb,,gTLD_or_unknown,,Other gTLD/unknown,global_gTLD,Global,Global,Global/non-regional TLD,default_non_geographic_tld,Non-ccTLD and not in curated geographic gTLD overrides.,99,344,1026,0.0,0.0
.airforce,airforce,,gTLD_or_unknown,,Other gTLD/unknown,global_gTLD,Global,Global,Global/non-regional TLD,default_non_geographic_tld,Non-ccTLD and not in curated geographic gTLD overrides.,136,333,954,0.0,0.0
.gw,gw,,ccTLD,Guinea-Bissau,Africa ccTLD,ccTLD,Guinea-Bissau,Africa,Africa ccTLD/geographic TLD,existing_iso_cctld_mapping,,117,325,899,0.0,0.0
.democrat,democrat,,gTLD_or_unknown,,Other gTLD/unknown,global_gTLD,Global,Global,Global/non-regional TLD,default_non_geographic_tld,Non-ccTLD and not in curated geographic gTLD overrides.,129,319,1191,0.0,0.0
.abbott,abbott,,gTLD_or_unknown,,Other gTLD/unknown,global_gTLD,Global,Global,Global/non-regional TLD,default_non_geographic_tld,Non-ccTLD and not in curated geographic gTLD overrides.,86,312,576,0.0,0.0
.xn--55qx5d,xn--55qx5d,公司,gTLD_or_unknown,,Other gTLD/unknown,global_gTLD,Global,Global,Global/non-regional TLD,default_non_geographic_tld,Non-ccTLD and not in curated geographic gTLD overrides.,97,309,1511,0.0,0.0
.xn--mk1bu44c,xn--mk1bu44c,닷컴,gTLD_or_unknown,,Other gTLD/unknown,global_gTLD,Global,Global,Global/non-regional TLD,default_non_geographic_tld,Non-ccTLD and not in curated geographic gTLD overrides.,123,305,1247,0.0,0.0
.vi,vi,,ccTLD,United States Virgin Islands,Americas ccTLD,ccTLD,United States Virgin Islands,Americas,Americas ccTLD/geographic TLD,existing_iso_cctld_mapping,,131,305,1147,0.0,0.0
.sky,sky,,gTLD_or_unknown,,Other gTLD/unknown,global_gTLD,Global,Global,Global/non-regional TLD,default_non_geographic_tld,Non-ccTLD and not in curated geographic gTLD overrides.,99,303,1096,0.0,0.0
.country,country,,gTLD_or_unknown,,Other gTLD/unknown,global_gTLD,Global,Global,Global/non-regional TLD,default_non_geographic_tld,Non-ccTLD and not in curated geographic gTLD overrides.,123,302,872,0.0,0.0
.meet,meet,,gTLD_or_unknown,,Other gTLD/unknown,global_gTLD,Global,Global,Global/non-regional TLD,default_non_geographic_tld,Non-ccTLD and not in curated geographic gTLD overrides.,4,297,1002,0.0,0.0
.rich,rich,,gTLD_or_unknown,,Other gTLD/unknown,global_gTLD,Global,Global,Global/non-regional TLD,default_non_geographic_tld,Non-ccTLD and not in curated geographic gTLD overrides.,114,281,905,0.0,0.0
.feedback,feedback,,gTLD_or_unknown,,Other gTLD/unknown,global_gTLD,Global,Global,Global/non-regional TLD,default_non_geographic_tld,Non-ccTLD and not in curated geographic gTLD overrides.,125,280,1033,0.0,0.0
.globo,globo,,gTLD_or_unknown,,Other gTLD/unknown,global_gTLD,Global,Global,Global/non-regional TLD,default_non_geographic_tld,Non-ccTLD and not in curated geographic gTLD overrides.,99,263,831,0.0,0.0
.ryukyu,ryukyu,,gTLD_or_unknown,,Other gTLD/unknown,global_gTLD,Global,Global,Global/non-regional TLD,default_non_geographic_tld,Non-ccTLD and not in curated geographic gTLD overrides.,112,253,805,0.0,0.0
.xn--e1a4c,xn--e1a4c,ею,gTLD_or_unknown,,Other gTLD/unknown,ccTLD,European Union,Europe,Europe ccTLD/geographic TLD,curated_idn_cctld_override,European Union IDN ccTLD,75,245,1232,0.0,0.0
.dm,dm,,ccTLD,Dominica,Americas ccTLD,ccTLD,Dominica,Americas,Americas ccTLD/geographic TLD,existing_iso_cctld_mapping,,115,237,776,0.0,0.0
.toray,toray,,gTLD_or_unknown,,Other gTLD/unknown,global_gTLD,Global,Global,Global/non-regional TLD,default_non_geographic_tld,Non-ccTLD and not in curated geographic gTLD overrides.,27,237,667,0.0,0.0
.nike,nike,,gTLD_or_unknown,,Other gTLD/unknown,global_gTLD,Global,Global,Global/non-regional TLD,default_non_geographic_tld,Non-ccTLD and not in curated geographic gTLD overrides.,71,235,582,0.0,0.0
.weber,weber,,gTLD_or_unknown,,Other gTLD/unknown,global_gTLD,Global,Global,Global/non-regional TLD,default_non_geographic_tld,Non-ccTLD and not in curated geographic gTLD overrides.,114,230,756,0.0,0.0
.ifm,ifm,,gTLD_or_unknown,,Other gTLD/unknown,global_gTLD,Global,Global,Global/non-regional TLD,default_non_geographic_tld,Non-ccTLD and not in curated geographic gTLD overrides.,89,229,1388,0.0,0.0
.orange,orange,,gTLD_or_unknown,,Other gTLD/unknown,global_gTLD,Global,Global,Global/non-regional TLD,default_non_geographic_tld,Non-ccTLD and not in curated geographic gTLD overrides.,87,228,683,0.0,0.0
.va,va,,ccTLD,Vatican City,Europe ccTLD,ccTLD,Vatican City,Europe,Europe ccTLD/geographic TLD,existing_iso_cctld_mapping,,40,227,540,0.0,0.0
.xn--y9a3aq,xn--y9a3aq,հայ,gTLD_or_unknown,,Other gTLD/unknown,ccTLD,Armenia,Asia,Asia ccTLD/geographic TLD,curated_idn_cctld_override,Armenia IDN ccTLD,106,224,773,0.0,0.0
.reise,reise,,gTLD_or_unknown,,Other gTLD/unknown,global_gTLD,Global,Global,Global/non-regional TLD,default_non_geographic_tld,Non-ccTLD and not in curated geographic gTLD overrides.,85,210,569,0.0,0.0
.ntt,ntt,,gTLD_or_unknown,,Other gTLD/unknown,global_gTLD,Global,Global,Global/non-regional TLD,default_non_geographic_tld,Non-ccTLD and not in curated geographic gTLD overrides.,79,210,485,0.0,0.0
.ltda,ltda,,gTLD_or_unknown,,Other gTLD/unknown,global_gTLD,Global,Global,Global/non-regional TLD,default_non_geographic_tld,Non-ccTLD and not in curated geographic gTLD overrides.,95,203,766,0.0,0.0
.xn--54b7fta0cc,xn--54b7fta0cc,বাংলা,gTLD_or_unknown,,Other gTLD/unknown,ccTLD,Bangladesh,Asia,Asia ccTLD/geographic TLD,curated_idn_cctld_override,Bangladesh IDN ccTLD,107,198,618,0.0,0.0
.car,car,,gTLD_or_unknown,,Other gTLD/unknown,global_gTLD,Global,Global,Global/non-regional TLD,default_non_geographic_tld,Non-ccTLD and not in curated geographic gTLD overrides.,105,195,555,0.0,0.0
.canon,canon,,gTLD_or_unknown,,Other gTLD/unknown,global_gTLD,Global,Global,Global/non-regional TLD,default_non_geographic_tld,Non-ccTLD and not in curated geographic gTLD overrides.,76,195,476,0.0,0.0
.xn--czr694b,xn--czr694b,商标,gTLD_or_unknown,,Other gTLD/unknown,global_gTLD,Global,Global,Global/non-regional TLD,default_non_geographic_tld,Non-ccTLD and not in curated geographic gTLD overrides.,39,193,522,0.0,0.0
.anz,anz,,gTLD_or_unknown,,Other gTLD/unknown,global_gTLD,Global,Global,Global/non-regional TLD,default_non_geographic_tld,Non-ccTLD and not in curated geographic gTLD overrides.,57,193,403,0.0,0.0
.lego,lego,,gTLD_or_unknown,,Other gTLD/unknown,global_gTLD,Global,Global,Global/non-regional TLD,default_non_geographic_tld,Non-ccTLD and not in curated geographic gTLD overrides.,84,187,988,0.0,0.0
.blackfriday,blackfriday,,gTLD_or_unknown,,Other gTLD/unknown,global_gTLD,Global,Global,Global/non-regional TLD,default_non_geographic_tld,Non-ccTLD and not in curated geographic gTLD overrides.,107,184,538,0.0,0.0
.azure,azure,,gTLD_or_unknown,,Other gTLD/unknown,global_gTLD,Global,Global,Global/non-regional TLD,default_non_geographic_tld,Non-ccTLD and not in curated geographic gTLD overrides.,67,184,295,0.0,0.0
.guitars,guitars,,gTLD_or_unknown,,Other gTLD/unknown,global_gTLD,Global,Global,Global/non-regional TLD,default_non_geographic_tld,Non-ccTLD and not in curated geographic gTLD overrides.,106,181,485,0.0,0.0
.versicherung,versicherung,,gTLD_or_unknown,,Other gTLD/unknown,global_gTLD,Global,Global,Global/non-regional TLD,default_non_geographic_tld,Non-ccTLD and not in curated geographic gTLD overrides.,74,170,541,0.0,0.0
.tatamotors,tatamotors,,gTLD_or_unknown,,Other gTLD/unknown,global_gTLD,Global,Global,Global/non-regional TLD,default_non_geographic_tld,Non-ccTLD and not in curated geographic gTLD overrides.,54,166,681,0.0,0.0
.ck,ck,,ccTLD,Cook Islands,Oceania ccTLD,ccTLD,Cook Islands,Oceania,Oceania ccTLD/geographic TLD,existing_iso_cctld_mapping,,76,164,456,0.0,0.0
.insurance,insurance,,gTLD_or_unknown,,Other gTLD/unknown,global_gTLD,Global,Global,Global/non-regional TLD,default_non_geographic_tld,Non-ccTLD and not in curated geographic gTLD overrides.,97,161,659,0.0,0.0
.xn--kpry57d,xn--kpry57d,台灣,gTLD_or_unknown,,Other gTLD/unknown,ccTLD,Taiwan,Asia,Asia ccTLD/geographic TLD,curated_idn_cctld_override,Taiwan IDN ccTLD,81,153,456,0.0,0.0
.jnj,jnj,,gTLD_or_unknown,,Other gTLD/unknown,global_gTLD,Global,Global,Global/non-regional TLD,default_non_geographic_tld,Non-ccTLD and not in curated geographic gTLD overrides.,89,147,338,0.0,0.0
.edeka,edeka,,gTLD_or_unknown,,Other gTLD/unknown,global_gTLD,Global,Global,Global/non-regional TLD,default_non_geographic_tld,Non-ccTLD and not in curated geographic gTLD overrides.,39,143,410,0.0,0.0
.post,post,,gTLD_or_unknown,,Other gTLD/unknown,global_gTLD,Global,Global,Global/non-regional TLD,default_non_geographic_tld,Non-ccTLD and not in curated geographic gTLD overrides.,74,141,584,0.0,0.0
.xn--t60b56a,xn--t60b56a,닷넷,gTLD_or_unknown,,Other gTLD/unknown,global_gTLD,Global,Global,Global/non-regional TLD,default_non_geographic_tld,Non-ccTLD and not in curated geographic gTLD overrides.,94,141,523,0.0,0.0
.erni,erni,,gTLD_or_unknown,,Other gTLD/unknown,global_gTLD,Global,Global,Global/non-regional TLD,default_non_geographic_tld,Non-ccTLD and not in curated geographic gTLD overrides.,83,128,606,0.0,0.0
.man,man,,gTLD_or_unknown,,Other gTLD/unknown,global_gTLD,Global,Global,Global/non-regional TLD,default_non_geographic_tld,Non-ccTLD and not in curated geographic gTLD overrides.,81,128,236,0.0,0.0
.schaeffler,schaeffler,,gTLD_or_unknown,,Other gTLD/unknown,global_gTLD,Global,Global,Global/non-regional TLD,default_non_geographic_tld,Non-ccTLD and not in curated geographic gTLD overrides.,60,121,336,0.0,0.0
.km,km,,ccTLD,Comoros,Africa ccTLD,ccTLD,Comoros,Africa,Africa ccTLD/geographic TLD,existing_iso_cctld_mapping,,56,118,463,0.0,0.0
.xn--fiqz9s,xn--fiqz9s,中國,ccTLD,China (.中國),Asia ccTLD,ccTLD,China (.中國),Asia,Asia ccTLD/geographic TLD,existing_iso_cctld_mapping,,58,117,536,0.0,0.0
.xn--ses554g,xn--ses554g,网址,gTLD_or_unknown,,Other gTLD/unknown,global_gTLD,Global,Global,Global/non-regional TLD,default_non_geographic_tld,Non-ccTLD and not in curated geographic gTLD overrides.,53,117,284,0.0,0.0
.pay,pay,,gTLD_or_unknown,,Other gTLD/unknown,global_gTLD,Global,Global,Global/non-regional TLD,default_non_geographic_tld,Non-ccTLD and not in curated geographic gTLD overrides.,40,113,328,0.0,0.0
.auspost,auspost,,gTLD_or_unknown,,Other gTLD/unknown,global_gTLD,Global,Global,Global/non-regional TLD,default_non_geographic_tld,Non-ccTLD and not in curated geographic gTLD overrides.,73,109,321,0.0,0.0
.watches,watches,,gTLD_or_unknown,,Other gTLD/unknown,global_gTLD,Global,Global,Global/non-regional TLD,default_non_geographic_tld,Non-ccTLD and not in curated geographic gTLD overrides.,58,105,388,0.0,0.0
.bauhaus,bauhaus,,gTLD_or_unknown,,Other gTLD/unknown,global_gTLD,Global,Global,Global/non-regional TLD,default_non_geographic_tld,Non-ccTLD and not in curated geographic gTLD overrides.,64,102,180,0.0,0.0
.xn--mgba3a4f16a,xn--mgba3a4f16a,ایران,gTLD_or_unknown,,Other gTLD/unknown,ccTLD,Iran,Asia,Asia ccTLD/geographic TLD,curated_idn_cctld_override,Iran IDN ccTLD,13,99,148,0.0,0.0
.xn--io0a7i,xn--io0a7i,网络,gTLD_or_unknown,,Other gTLD/unknown,global_gTLD,Global,Global,Global/non-regional TLD,default_non_geographic_tld,Non-ccTLD and not in curated geographic gTLD overrides.,57,98,563,0.0,0.0
.creditunion,creditunion,,gTLD_or_unknown,,Other gTLD/unknown,global_gTLD,Global,Global,Global/non-regional TLD,default_non_geographic_tld,Non-ccTLD and not in curated geographic gTLD overrides.,68,98,416,0.0,0.0
.cba,cba,,gTLD_or_unknown,,Other gTLD/unknown,global_gTLD,Global,Global,Global/non-regional TLD,default_non_geographic_tld,Non-ccTLD and not in curated geographic gTLD overrides.,47,94,184,0.0,0.0
.kred,kred,,gTLD_or_unknown,,Other gTLD/unknown,global_gTLD,Global,Global,Global/non-regional TLD,default_non_geographic_tld,Non-ccTLD and not in curated geographic gTLD overrides.,35,93,424,0.0,0.0
.abudhabi,abudhabi,,gTLD_or_unknown,,Other gTLD/unknown,geographic_gTLD,United Arab Emirates,Asia,Asia ccTLD/geographic TLD,curated_geographic_gtld_override,Abu Dhabi city/emirate,57,93,352,0.0,0.0
.godaddy,godaddy,,gTLD_or_unknown,,Other gTLD/unknown,global_gTLD,Global,Global,Global/non-regional TLD,default_non_geographic_tld,Non-ccTLD and not in curated geographic gTLD overrides.,31,93,229,0.0,0.0
.uol,uol,,gTLD_or_unknown,,Other gTLD/unknown,global_gTLD,Global,Global,Global/non-regional TLD,default_non_geographic_tld,Non-ccTLD and not in curated geographic gTLD overrides.,45,92,214,0.0,0.0
.next,next,,gTLD_or_unknown,,Other gTLD/unknown,global_gTLD,Global,Global,Global/non-regional TLD,default_non_geographic_tld,Non-ccTLD and not in curated geographic gTLD overrides.,60,88,206,0.0,0.0
.xn--ngbc5azd,xn--ngbc5azd,شبكة,gTLD_or_unknown,,Other gTLD/unknown,global_gTLD,Global,Global,Global/non-regional TLD,default_non_geographic_tld,Non-ccTLD and not in curated geographic gTLD overrides.,55,80,313,0.0,0.0
.tui,tui,,gTLD_or_unknown,,Other gTLD/unknown,global_gTLD,Global,Global,Global/non-regional TLD,default_non_geographic_tld,Non-ccTLD and not in curated geographic gTLD overrides.,40,76,231,0.0,0.0
.bostik,bostik,,gTLD_or_unknown,,Other gTLD/unknown,global_gTLD,Global,Global,Global/non-regional TLD,default_non_geographic_tld,Non-ccTLD and not in curated geographic gTLD overrides.,45,74,261,0.0,0.0
.fk,fk,,ccTLD,Falkland Islands,Americas ccTLD,ccTLD,Falkland Islands,Americas,Americas ccTLD/geographic TLD,existing_iso_cctld_mapping,,50,73,215,0.0,0.0
.teva,teva,,gTLD_or_unknown,,Other gTLD/unknown,global_gTLD,Global,Global,Global/non-regional TLD,default_non_geographic_tld,Non-ccTLD and not in curated geographic gTLD overrides.,24,70,176,0.0,0.0
.ismaili,ismaili,,gTLD_or_unknown,,Other gTLD/unknown,global_gTLD,Global,Global,Global/non-regional TLD,default_non_geographic_tld,Non-ccTLD and not in curated geographic gTLD overrides.,53,68,255,0.0,0.0
.akdn,akdn,,gTLD_or_unknown,,Other gTLD/unknown,global_gTLD,Global,Global,Global/non-regional TLD,default_non_geographic_tld,Non-ccTLD and not in curated geographic gTLD overrides.,30,68,210,0.0,0.0
.xn--nqv7f,xn--nqv7f,机构,gTLD_or_unknown,,Other gTLD/unknown,global_gTLD,Global,Global,Global/non-regional TLD,default_non_geographic_tld,Non-ccTLD and not in curated geographic gTLD overrides.,41,66,242,0.0,0.0
.aco,aco,,gTLD_or_unknown,,Other gTLD/unknown,global_gTLD,Global,Global,Global/non-regional TLD,default_non_geographic_tld,Non-ccTLD and not in curated geographic gTLD overrides.,27,64,126,0.0,0.0
.deloitte,deloitte,,gTLD_or_unknown,,Other gTLD/unknown,global_gTLD,Global,Global,Global/non-regional TLD,default_non_geographic_tld,Non-ccTLD and not in curated geographic gTLD overrides.,20,62,76,0.0,0.0
.youtube,youtube,,gTLD_or_unknown,,Other gTLD/unknown,global_gTLD,Global,Global,Global/non-regional TLD,default_non_geographic_tld,Non-ccTLD and not in curated geographic gTLD overrides.,11,61,252,0.0,0.0
.xn--80ao21a,xn--80ao21a,қаз,gTLD_or_unknown,,Other gTLD/unknown,ccTLD,Kazakhstan,Asia,Asia ccTLD/geographic TLD,curated_idn_cctld_override,Kazakhstan IDN ccTLD,47,61,212,0.0,0.0
.philips,philips,,gTLD_or_unknown,,Other gTLD/unknown,global_gTLD,Global,Global,Global/non-regional TLD,default_non_geographic_tld,Non-ccTLD and not in curated geographic gTLD overrides.,43,61,191,0.0,0.0
.gmo,gmo,,gTLD_or_unknown,,Other gTLD/unknown,global_gTLD,Global,Global,Global/non-regional TLD,default_non_geographic_tld,Non-ccTLD and not in curated geographic gTLD overrides.,42,59,171,0.0,0.0
.juegos,juegos,,gTLD_or_unknown,,Other gTLD/unknown,global_gTLD,Global,Global,Global/non-regional TLD,default_non_geographic_tld,Non-ccTLD and not in curated geographic gTLD overrides.,39,55,153,0.0,0.0
.jio,jio,,gTLD_or_unknown,,Other gTLD/unknown,global_gTLD,Global,Global,Global/non-regional TLD,default_non_geographic_tld,Non-ccTLD and not in curated geographic gTLD overrides.,45,52,90,0.0,0.0
.aq,aq,,ccTLD,Antarctica,Other ccTLD/territory,ccTLD,Antarctica,Antarctica,Antarctica ccTLD/geographic TLD,existing_iso_cctld_mapping,,27,51,172,0.0,0.0
.ford,ford,,gTLD_or_unknown,,Other gTLD/unknown,global_gTLD,Global,Global,Global/non-regional TLD,default_non_geographic_tld,Non-ccTLD and not in curated geographic gTLD overrides.,30,51,152,0.0,0.0
.xn--hxt814e,xn--hxt814e,网店,gTLD_or_unknown,,Other gTLD/unknown,global_gTLD,Global,Global,Global/non-regional TLD,default_non_geographic_tld,Non-ccTLD and not in curated geographic gTLD overrides.,28,51,109,0.0,0.0
.shell,shell,,gTLD_or_unknown,,Other gTLD/unknown,global_gTLD,Global,Global,Global/non-regional TLD,default_non_geographic_tld,Non-ccTLD and not in curated geographic gTLD overrides.,41,50,187,0.0,0.0
.ricoh,ricoh,,gTLD_or_unknown,,Other gTLD/unknown,global_gTLD,Global,Global,Global/non-regional TLD,default_non_geographic_tld,Non-ccTLD and not in curated geographic gTLD overrides.,30,50,144,0.0,0.0
.clubmed,clubmed,,gTLD_or_unknown,,Other gTLD/unknown,global_gTLD,Global,Global,Global/non-regional TLD,default_non_geographic_tld,Non-ccTLD and not in curated geographic gTLD overrides.,31,49,252,0.0,0.0
.bridgestone,bridgestone,,gTLD_or_unknown,,Other gTLD/unknown,global_gTLD,Global,Global,Global/non-regional TLD,default_non_geographic_tld,Non-ccTLD and not in curated geographic gTLD overrides.,30,49,79,0.0,0.0
.pictet,pictet,,gTLD_or_unknown,,Other gTLD/unknown,global_gTLD,Global,Global,Global/non-regional TLD,default_non_geographic_tld,Non-ccTLD and not in curated geographic gTLD overrides.,11,48,196,0.0,0.0
.xn--mgberp4a5d4ar,xn--mgberp4a5d4ar,السعودية,gTLD_or_unknown,,Other gTLD/unknown,global_gTLD,Global,Global,Global/non-regional TLD,default_non_geographic_tld,Non-ccTLD and not in curated geographic gTLD overrides.,27,47,149,0.0,0.0
.apple,apple,,gTLD_or_unknown,,Other gTLD/unknown,global_gTLD,Global,Global,Global/non-regional TLD,default_non_geographic_tld,Non-ccTLD and not in curated geographic gTLD overrides.,12,46,128,0.0,0.0
.xn--rhqv96g,xn--rhqv96g,世界,gTLD_or_unknown,,Other gTLD/unknown,global_gTLD,Global,Global,Global/non-regional TLD,default_non_geographic_tld,Non-ccTLD and not in curated geographic gTLD overrides.,30,44,144,0.0,0.0
.sandvik,sandvik,,gTLD_or_unknown,,Other gTLD/unknown,global_gTLD,Global,Global,Global/non-regional TLD,default_non_geographic_tld,Non-ccTLD and not in curated geographic gTLD overrides.,35,44,126,0.0,0.0
.kpmg,kpmg,,gTLD_or_unknown,,Other gTLD/unknown,global_gTLD,Global,Global,Global/non-regional TLD,default_non_geographic_tld,Non-ccTLD and not in curated geographic gTLD overrides.,25,44,67,0.0,0.0
.hermes,hermes,,gTLD_or_unknown,,Other gTLD/unknown,global_gTLD,Global,Global,Global/non-regional TLD,default_non_geographic_tld,Non-ccTLD and not in curated geographic gTLD overrides.,23,43,124,0.0,0.0
.xn--qxa6a,xn--qxa6a,ευ,gTLD_or_unknown,,Other gTLD/unknown,global_gTLD,Global,Global,Global/non-regional TLD,default_non_geographic_tld,Non-ccTLD and not in curated geographic gTLD overrides.,28,43,103,0.0,0.0
.gu,gu,,ccTLD,Guam,Oceania ccTLD,ccTLD,Guam,Oceania,Oceania ccTLD/geographic TLD,existing_iso_cctld_mapping,,26,42,108,0.0,0.0
.barclays,barclays,,gTLD_or_unknown,,Other gTLD/unknown,global_gTLD,Global,Global,Global/non-regional TLD,default_non_geographic_tld,Non-ccTLD and not in curated geographic gTLD overrides.,16,41,121,0.0,0.0
.sharp,sharp,,gTLD_or_unknown,,Other gTLD/unknown,global_gTLD,Global,Global,Global/non-regional TLD,default_non_geographic_tld,Non-ccTLD and not in curated geographic gTLD overrides.,20,38,99,0.0,0.0
.mattel,mattel,,gTLD_or_unknown,,Other gTLD/unknown,global_gTLD,Global,Global,Global/non-regional TLD,default_non_geographic_tld,Non-ccTLD and not in curated geographic gTLD overrides.,32,38,65,0.0,0.0
.afl,afl,,gTLD_or_unknown,,Other gTLD/unknown,global_gTLD,Global,Global,Global/non-regional TLD,default_non_geographic_tld,Non-ccTLD and not in curated geographic gTLD overrides.,34,37,156,0.0,0.0
.ikano,ikano,,gTLD_or_unknown,,Other gTLD/unknown,global_gTLD,Global,Global,Global/non-regional TLD,default_non_geographic_tld,Non-ccTLD and not in curated geographic gTLD overrides.,22,37,152,0.0,0.0
.xn--i1b6b1a6a2e,xn--i1b6b1a6a2e,संगठन,gTLD_or_unknown,,Other gTLD/unknown,global_gTLD,Global,Global,Global/non-regional TLD,default_non_geographic_tld,Non-ccTLD and not in curated geographic gTLD overrides.,30,37,123,0.0,0.0
.xn--3ds443g,xn--3ds443g,在线,gTLD_or_unknown,,Other gTLD/unknown,global_gTLD,Global,Global,Global/non-regional TLD,default_non_geographic_tld,Non-ccTLD and not in curated geographic gTLD overrides.,31,37,94,0.0,0.0
.pioneer,pioneer,,gTLD_or_unknown,,Other gTLD/unknown,global_gTLD,Global,Global,Global/non-regional TLD,default_non_geographic_tld,Non-ccTLD and not in curated geographic gTLD overrides.,29,36,91,0.0,0.0
.xn--czrs0t,xn--czrs0t,商店,gTLD_or_unknown,,Other gTLD/unknown,global_gTLD,Global,Global,Global/non-regional TLD,default_non_geographic_tld,Non-ccTLD and not in curated geographic gTLD overrides.,32,35,109,0.0,0.0
.schmidt,schmidt,,gTLD_or_unknown,,Other gTLD/unknown,global_gTLD,Global,Global,Global/non-regional TLD,default_non_geographic_tld,Non-ccTLD and not in curated geographic gTLD overrides.,28,35,71,0.0,0.0
.dhl,dhl,,gTLD_or_unknown,,Other gTLD/unknown,global_gTLD,Global,Global,Global/non-regional TLD,default_non_geographic_tld,Non-ccTLD and not in curated geographic gTLD overrides.,15,35,49,0.0,0.0
.gle,gle,,gTLD_or_unknown,,Other gTLD/unknown,global_gTLD,Global,Global,Global/non-regional TLD,default_non_geographic_tld,Non-ccTLD and not in curated geographic gTLD overrides.,21,34,178,0.0,0.0
.woodside,woodside,,gTLD_or_unknown,,Other gTLD/unknown,global_gTLD,Global,Global,Global/non-regional TLD,default_non_geographic_tld,Non-ccTLD and not in curated geographic gTLD overrides.,26,34,98,0.0,0.0
.gucci,gucci,,gTLD_or_unknown,,Other gTLD/unknown,global_gTLD,Global,Global,Global/non-regional TLD,default_non_geographic_tld,Non-ccTLD and not in curated geographic gTLD overrides.,17,32,75,0.0,0.0
.maif,maif,,gTLD_or_unknown,,Other gTLD/unknown,global_gTLD,Global,Global,Global/non-regional TLD,default_non_geographic_tld,Non-ccTLD and not in curated geographic gTLD overrides.,30,31,80,0.0,0.0
.abbvie,abbvie,,gTLD_or_unknown,,Other gTLD/unknown,global_gTLD,Global,Global,Global/non-regional TLD,default_non_geographic_tld,Non-ccTLD and not in curated geographic gTLD overrides.,12,31,57,0.0,0.0
.xn--d1alf,xn--d1alf,мкд,gTLD_or_unknown,,Other gTLD/unknown,ccTLD,North Macedonia,Europe,Europe ccTLD/geographic TLD,curated_idn_cctld_override,North Macedonia IDN ccTLD,25,29,114,0.0,0.0
.xn--node,xn--node,გე,gTLD_or_unknown,,Other gTLD/unknown,ccTLD,Georgia,Asia,Asia ccTLD/geographic TLD,curated_idn_cctld_override,Georgia IDN ccTLD,23,29,91,0.0,0.0
.arte,arte,,gTLD_or_unknown,,Other gTLD/unknown,global_gTLD,Global,Global,Global/non-regional TLD,default_non_geographic_tld,Non-ccTLD and not in curated geographic gTLD overrides.,17,29,65,0.0,0.0
.extraspace,extraspace,,gTLD_or_unknown,,Other gTLD/unknown,global_gTLD,Global,Global,Global/non-regional TLD,default_non_geographic_tld,Non-ccTLD and not in curated geographic gTLD overrides.,17,27,84,0.0,0.0
.xn--kput3i,xn--kput3i,手机,gTLD_or_unknown,,Other gTLD/unknown,global_gTLD,Global,Global,Global/non-regional TLD,default_non_geographic_tld,Non-ccTLD and not in curated geographic gTLD overrides.,11,26,82,0.0,0.0
.sony,sony,,gTLD_or_unknown,,Other gTLD/unknown,global_gTLD,Global,Global,Global/non-regional TLD,default_non_geographic_tld,Non-ccTLD and not in curated geographic gTLD overrides.,12,26,48,0.0,0.0
.android,android,,gTLD_or_unknown,,Other gTLD/unknown,global_gTLD,Global,Global,Global/non-regional TLD,default_non_geographic_tld,Non-ccTLD and not in curated geographic gTLD overrides.,17,25,121,0.0,0.0
.lilly,lilly,,gTLD_or_unknown,,Other gTLD/unknown,global_gTLD,Global,Global,Global/non-regional TLD,default_non_geographic_tld,Non-ccTLD and not in curated geographic gTLD overrides.,24,24,94,0.0,0.0
.xn--unup4y,xn--unup4y,游戏,gTLD_or_unknown,,Other gTLD/unknown,global_gTLD,Global,Global,Global/non-regional TLD,default_non_geographic_tld,Non-ccTLD and not in curated geographic gTLD overrides.,8,24,89,0.0,0.0
.hiv,hiv,,gTLD_or_unknown,,Other gTLD/unknown,global_gTLD,Global,Global,Global/non-regional TLD,default_non_geographic_tld,Non-ccTLD and not in curated geographic gTLD overrides.,21,24,81,0.0,0.0
.weir,weir,,gTLD_or_unknown,,Other gTLD/unknown,global_gTLD,Global,Global,Global/non-regional TLD,default_non_geographic_tld,Non-ccTLD and not in curated geographic gTLD overrides.,18,24,62,0.0,0.0
.scb,scb,,gTLD_or_unknown,,Other gTLD/unknown,global_gTLD,Global,Global,Global/non-regional TLD,default_non_geographic_tld,Non-ccTLD and not in curated geographic gTLD overrides.,20,23,65,0.0,0.0
.mini,mini,,gTLD_or_unknown,,Other gTLD/unknown,global_gTLD,Global,Global,Global/non-regional TLD,default_non_geographic_tld,Non-ccTLD and not in curated geographic gTLD overrides.,17,23,51,0.0,0.0
.theatre,theatre,,gTLD_or_unknown,,Other gTLD/unknown,global_gTLD,Global,Global,Global/non-regional TLD,default_non_geographic_tld,Non-ccTLD and not in curated geographic gTLD overrides.,21,22,86,0.0,0.0
.cern,cern,,gTLD_or_unknown,,Other gTLD/unknown,global_gTLD,Global,Global,Global/non-regional TLD,default_non_geographic_tld,Non-ccTLD and not in curated geographic gTLD overrides.,18,22,56,0.0,0.0
.lotto,lotto,,gTLD_or_unknown,,Other gTLD/unknown,global_gTLD,Global,Global,Global/non-regional TLD,default_non_geographic_tld,Non-ccTLD and not in curated geographic gTLD overrides.,15,21,95,0.0,0.0
.xn--vhquv,xn--vhquv,企业,gTLD_or_unknown,,Other gTLD/unknown,global_gTLD,Global,Global,Global/non-regional TLD,default_non_geographic_tld,Non-ccTLD and not in curated geographic gTLD overrides.,12,21,62,0.0,0.0
.jprs,jprs,,gTLD_or_unknown,,Other gTLD/unknown,global_gTLD,Global,Global,Global/non-regional TLD,default_non_geographic_tld,Non-ccTLD and not in curated geographic gTLD overrides.,15,21,40,0.0,0.0
.vana,vana,,gTLD_or_unknown,,Other gTLD/unknown,global_gTLD,Global,Global,Global/non-regional TLD,default_non_geographic_tld,Non-ccTLD and not in curated geographic gTLD overrides.,17,20,89,0.0,0.0
.sener,sener,,gTLD_or_unknown,,Other gTLD/unknown,global_gTLD,Global,Global,Global/non-regional TLD,default_non_geographic_tld,Non-ccTLD and not in curated geographic gTLD overrides.,19,20,88,0.0,0.0
.xn--mgbab2bd,xn--mgbab2bd,بازار,gTLD_or_unknown,,Other gTLD/unknown,global_gTLD,Global,Global,Global/non-regional TLD,default_non_geographic_tld,Non-ccTLD and not in curated geographic gTLD overrides.,9,20,88,0.0,0.0
.reit,reit,,gTLD_or_unknown,,Other gTLD/unknown,global_gTLD,Global,Global,Global/non-regional TLD,default_non_geographic_tld,Non-ccTLD and not in curated geographic gTLD overrides.,16,18,86,0.0,0.0
.alstom,alstom,,gTLD_or_unknown,,Other gTLD/unknown,global_gTLD,Global,Global,Global/non-regional TLD,default_non_geographic_tld,Non-ccTLD and not in curated geographic gTLD overrides.,9,18,62,0.0,0.0
.xn--45brj9c,xn--45brj9c,ভারত,gTLD_or_unknown,,Other gTLD/unknown,ccTLD,India,Asia,Asia ccTLD/geographic TLD,curated_idn_cctld_override,India IDN ccTLD,12,18,55,0.0,0.0
.mlb,mlb,,gTLD_or_unknown,,Other gTLD/unknown,global_gTLD,Global,Global,Global/non-regional TLD,default_non_geographic_tld,Non-ccTLD and not in curated geographic gTLD overrides.,9,18,26,0.0,0.0
.hisamitsu,hisamitsu,,gTLD_or_unknown,,Other gTLD/unknown,global_gTLD,Global,Global,Global/non-regional TLD,default_non_geographic_tld,Non-ccTLD and not in curated geographic gTLD overrides.,9,17,41,0.0,0.0
.bbc,bbc,,gTLD_or_unknown,,Other gTLD/unknown,global_gTLD,Global,Global,Global/non-regional TLD,default_non_geographic_tld,Non-ccTLD and not in curated geographic gTLD overrides.,1,16,84,0.0,0.0
.xn--mix891f,xn--mix891f,澳門,gTLD_or_unknown,,Other gTLD/unknown,ccTLD,Macao,Asia,Asia ccTLD/geographic TLD,curated_idn_cctld_override,Macao IDN ccTLD,6,16,65,0.0,0.0
.mh,mh,,ccTLD,Marshall Islands,Oceania ccTLD,ccTLD,Marshall Islands,Oceania,Oceania ccTLD/geographic TLD,existing_iso_cctld_mapping,,11,16,51,0.0,0.0
.xn--vuq861b,xn--vuq861b,信息,gTLD_or_unknown,,Other gTLD/unknown,global_gTLD,Global,Global,Global/non-regional TLD,default_non_geographic_tld,Non-ccTLD and not in curated geographic gTLD overrides.,7,15,54,0.0,0.0
.axa,axa,,gTLD_or_unknown,,Other gTLD/unknown,global_gTLD,Global,Global,Global/non-regional TLD,default_non_geographic_tld,Non-ccTLD and not in curated geographic gTLD overrides.,12,15,48,0.0,0.0
.komatsu,komatsu,,gTLD_or_unknown,,Other gTLD/unknown,global_gTLD,Global,Global,Global/non-regional TLD,default_non_geographic_tld,Non-ccTLD and not in curated geographic gTLD overrides.,14,15,38,0.0,0.0
.xn--h2brj9c8c,xn--h2brj9c8c,भारोत,gTLD_or_unknown,,Other gTLD/unknown,ccTLD,India,Asia,Asia ccTLD/geographic TLD,curated_idn_cctld_override,India IDN ccTLD,13,15,38,0.0,0.0
.airbus,airbus,,gTLD_or_unknown,,Other gTLD/unknown,global_gTLD,Global,Global,Global/non-regional TLD,default_non_geographic_tld,Non-ccTLD and not in curated geographic gTLD overrides.,8,15,19,0.0,0.0
.lundbeck,lundbeck,,gTLD_or_unknown,,Other gTLD/unknown,global_gTLD,Global,Global,Global/non-regional TLD,default_non_geographic_tld,Non-ccTLD and not in curated geographic gTLD overrides.,5,15,15,0.0,0.0
.yandex,yandex,,gTLD_or_unknown,,Other gTLD/unknown,global_gTLD,Global,Global,Global/non-regional TLD,default_non_geographic_tld,Non-ccTLD and not in curated geographic gTLD overrides.,8,14,56,0.0,0.0
.xn--fpcrj9c3d,xn--fpcrj9c3d,భారత్,gTLD_or_unknown,,Other gTLD/unknown,ccTLD,India,Asia,Asia ccTLD/geographic TLD,curated_idn_cctld_override,India IDN ccTLD,11,14,48,0.0,0.0
.xn--1qqw23a,xn--1qqw23a,佛山,gTLD_or_unknown,,Other gTLD/unknown,global_gTLD,Global,Global,Global/non-regional TLD,default_non_geographic_tld,Non-ccTLD and not in curated geographic gTLD overrides.,10,14,46,0.0,0.0
.stada,stada,,gTLD_or_unknown,,Other gTLD/unknown,global_gTLD,Global,Global,Global/non-regional TLD,default_non_geographic_tld,Non-ccTLD and not in curated geographic gTLD overrides.,13,14,37,0.0,0.0
.suzuki,suzuki,,gTLD_or_unknown,,Other gTLD/unknown,global_gTLD,Global,Global,Global/non-regional TLD,default_non_geographic_tld,Non-ccTLD and not in curated geographic gTLD overrides.,13,13,67,0.0,0.0
.xn--xkc2dl3a5ee0h,xn--xkc2dl3a5ee0h,இந்தியா,gTLD_or_unknown,,Other gTLD/unknown,ccTLD,India,Asia,Asia ccTLD/geographic TLD,curated_idn_cctld_override,India IDN ccTLD,11,13,41,0.0,0.0
.xn--czru2d,xn--czru2d,商城,gTLD_or_unknown,,Other gTLD/unknown,global_gTLD,Global,Global,Global/non-regional TLD,default_non_geographic_tld,Non-ccTLD and not in curated geographic gTLD overrides.,11,13,31,0.0,0.0
.xn--g2xx48c,xn--g2xx48c,购物,gTLD_or_unknown,,Other gTLD/unknown,global_gTLD,Global,Global,Global/non-regional TLD,default_non_geographic_tld,Non-ccTLD and not in curated geographic gTLD overrides.,9,13,31,0.0,0.0
.xn--mgbah1a3hjkrd,xn--mgbah1a3hjkrd,موريتانيا,gTLD_or_unknown,,Other gTLD/unknown,ccTLD,Mauritania,Africa,Africa ccTLD/geographic TLD,curated_idn_cctld_override,Mauritania IDN ccTLD,5,13,16,0.0,0.0
.xn--wgbh1c,xn--wgbh1c,مصر,gTLD_or_unknown,,Other gTLD/unknown,ccTLD,Egypt,Africa,Africa ccTLD/geographic TLD,curated_idn_cctld_override,Egypt IDN ccTLD,12,12,128,0.0,0.0
.xn--s9brj9c,xn--s9brj9c,ਭਾਰਤ,gTLD_or_unknown,,Other gTLD/unknown,ccTLD,India,Asia,Asia ccTLD/geographic TLD,curated_idn_cctld_override,India IDN ccTLD,11,12,54,0.0,0.0
.dealer,dealer,,gTLD_or_unknown,,Other gTLD/unknown,global_gTLD,Global,Global,Global/non-regional TLD,default_non_geographic_tld,Non-ccTLD and not in curated geographic gTLD overrides.,12,12,41,0.0,0.0
.itau,itau,,gTLD_or_unknown,,Other gTLD/unknown,global_gTLD,Global,Global,Global/non-regional TLD,default_non_geographic_tld,Non-ccTLD and not in curated geographic gTLD overrides.,9,11,100,0.0,0.0
.case,case,,gTLD_or_unknown,,Other gTLD/unknown,global_gTLD,Global,Global,Global/non-regional TLD,default_non_geographic_tld,Non-ccTLD and not in curated geographic gTLD overrides.,7,11,39,0.0,0.0
.lanxess,lanxess,,gTLD_or_unknown,,Other gTLD/unknown,global_gTLD,Global,Global,Global/non-regional TLD,default_non_geographic_tld,Non-ccTLD and not in curated geographic gTLD overrides.,10,11,34,0.0,0.0
.zappos,zappos,,gTLD_or_unknown,,Other gTLD/unknown,global_gTLD,Global,Global,Global/non-regional TLD,default_non_geographic_tld,Non-ccTLD and not in curated geographic gTLD overrides.,11,11,28,0.0,0.0
.vig,vig,,gTLD_or_unknown,,Other gTLD/unknown,global_gTLD,Global,Global,Global/non-regional TLD,default_non_geographic_tld,Non-ccTLD and not in curated geographic gTLD overrides.,2,10,68,0.0,0.0
.xn--fzc2c9e2c,xn--fzc2c9e2c,ලංකා,gTLD_or_unknown,,Other gTLD/unknown,ccTLD,Sri Lanka,Asia,Asia ccTLD/geographic TLD,curated_idn_cctld_override,Sri Lanka IDN ccTLD,9,10,39,0.0,0.0
.xn--mgbbh1a71e,xn--mgbbh1a71e,بھارت,gTLD_or_unknown,,Other gTLD/unknown,ccTLD,India,Asia,Asia ccTLD/geographic TLD,curated_idn_cctld_override,India IDN ccTLD,7,10,34,0.0,0.0
.xn--4gbrim,xn--4gbrim,موقع,gTLD_or_unknown,,Other gTLD/unknown,global_gTLD,Global,Global,Global/non-regional TLD,default_non_geographic_tld,Non-ccTLD and not in curated geographic gTLD overrides.,7,10,28,0.0,0.0
.xn--ogbpf8fl,xn--ogbpf8fl,سورية,gTLD_or_unknown,,Other gTLD/unknown,ccTLD,Syria,Asia,Asia ccTLD/geographic TLD,curated_idn_cctld_override,Syria IDN ccTLD,10,10,26,0.0,0.0
.pohl,pohl,,gTLD_or_unknown,,Other gTLD/unknown,global_gTLD,Global,Global,Global/non-regional TLD,default_non_geographic_tld,Non-ccTLD and not in curated geographic gTLD overrides.,6,10,24,0.0,0.0
.nhk,nhk,,gTLD_or_unknown,,Other gTLD/unknown,global_gTLD,Global,Global,Global/non-regional TLD,default_non_geographic_tld,Non-ccTLD and not in curated geographic gTLD overrides.,10,10,20,0.0,0.0
.voting,voting,,gTLD_or_unknown,,Other gTLD/unknown,global_gTLD,Global,Global,Global/non-regional TLD,default_non_geographic_tld,Non-ccTLD and not in curated geographic gTLD overrides.,9,10,11,0.0,0.0
.xn--45br5cyl,xn--45br5cyl,ভাৰত,gTLD_or_unknown,,Other gTLD/unknown,ccTLD,India,Asia,Asia ccTLD/geographic TLD,curated_idn_cctld_override,India IDN ccTLD,4,10,11,0.0,0.0
.xn--fjq720a,xn--fjq720a,娱乐,gTLD_or_unknown,,Other gTLD/unknown,global_gTLD,Global,Global,Global/non-regional TLD,default_non_geographic_tld,Non-ccTLD and not in curated geographic gTLD overrides.,8,9,47,0.0,0.0
.mango,mango,,gTLD_or_unknown,,Other gTLD/unknown,global_gTLD,Global,Global,Global/non-regional TLD,default_non_geographic_tld,Non-ccTLD and not in curated geographic gTLD overrides.,5,9,37,0.0,0.0
.saxo,saxo,,gTLD_or_unknown,,Other gTLD/unknown,global_gTLD,Global,Global,Global/non-regional TLD,default_non_geographic_tld,Non-ccTLD and not in curated geographic gTLD overrides.,9,9,32,0.0,0.0
.alibaba,alibaba,,gTLD_or_unknown,,Other gTLD/unknown,global_gTLD,Global,Global,Global/non-regional TLD,default_non_geographic_tld,Non-ccTLD and not in curated geographic gTLD overrides.,9,9,30,0.0,0.0
.citic,citic,,gTLD_or_unknown,,Other gTLD/unknown,global_gTLD,Global,Global,Global/non-regional TLD,default_non_geographic_tld,Non-ccTLD and not in curated geographic gTLD overrides.,9,9,28,0.0,0.0
.politie,politie,,gTLD_or_unknown,,Other gTLD/unknown,global_gTLD,Global,Global,Global/non-regional TLD,default_non_geographic_tld,Non-ccTLD and not in curated geographic gTLD overrides.,5,9,28,0.0,0.0
.vanguard,vanguard,,gTLD_or_unknown,,Other gTLD/unknown,global_gTLD,Global,Global,Global/non-regional TLD,default_non_geographic_tld,Non-ccTLD and not in curated geographic gTLD overrides.,6,9,21,0.0,0.0
.xn--vermgensberatung-pwb,xn--vermgensberatung-pwb,vermögensberatung,gTLD_or_unknown,,Other gTLD/unknown,global_gTLD,Global,Global,Global/non-regional TLD,default_non_geographic_tld,Non-ccTLD and not in curated geographic gTLD overrides.,5,9,21,0.0,0.0
.target,target,,gTLD_or_unknown,,Other gTLD/unknown,global_gTLD,Global,Global,Global/non-regional TLD,default_non_geographic_tld,Non-ccTLD and not in curated geographic gTLD overrides.,6,9,18,0.0,0.0
.hbo,hbo,,gTLD_or_unknown,,Other gTLD/unknown,global_gTLD,Global,Global,Global/non-regional TLD,default_non_geographic_tld,Non-ccTLD and not in curated geographic gTLD overrides.,3,8,52,0.0,0.0
.play,play,,gTLD_or_unknown,,Other gTLD/unknown,global_gTLD,Global,Global,Global/non-regional TLD,default_non_geographic_tld,Non-ccTLD and not in curated geographic gTLD overrides.,4,8,46,0.0,0.0
.bradesco,bradesco,,gTLD_or_unknown,,Other gTLD/unknown,global_gTLD,Global,Global,Global/non-regional TLD,default_non_geographic_tld,Non-ccTLD and not in curated geographic gTLD overrides.,8,8,38,0.0,0.0
.gmail,gmail,,gTLD_or_unknown,,Other gTLD/unknown,global_gTLD,Global,Global,Global/non-regional TLD,default_non_geographic_tld,Non-ccTLD and not in curated geographic gTLD overrides.,5,8,35,0.0,0.0
.chase,chase,,gTLD_or_unknown,,Other gTLD/unknown,global_gTLD,Global,Global,Global/non-regional TLD,default_non_geographic_tld,Non-ccTLD and not in curated geographic gTLD overrides.,4,8,33,0.0,0.0
.xn--xhq521b,xn--xhq521b,广东,gTLD_or_unknown,,Other gTLD/unknown,global_gTLD,Global,Global,Global/non-regional TLD,default_non_geographic_tld,Non-ccTLD and not in curated geographic gTLD overrides.,6,8,30,0.0,0.0
.xn--fiq228c5hs,xn--fiq228c5hs,中文网,gTLD_or_unknown,,Other gTLD/unknown,global_gTLD,Global,Global,Global/non-regional TLD,default_non_geographic_tld,Non-ccTLD and not in curated geographic gTLD overrides.,6,8,23,0.0,0.0
.itv,itv,,gTLD_or_unknown,,Other gTLD/unknown,global_gTLD,Global,Global,Global/non-regional TLD,default_non_geographic_tld,Non-ccTLD and not in curated geographic gTLD overrides.,4,8,20,0.0,0.0
.xn--vermgensberater-ctb,xn--vermgensberater-ctb,vermögensberater,gTLD_or_unknown,,Other gTLD/unknown,global_gTLD,Global,Global,Global/non-regional TLD,default_non_geographic_tld,Non-ccTLD and not in curated geographic gTLD overrides.,4,8,20,0.0,0.0
.xn--2scrj9c,xn--2scrj9c,ಭಾರತ,gTLD_or_unknown,,Other gTLD/unknown,ccTLD,India,Asia,Asia ccTLD/geographic TLD,curated_idn_cctld_override,India IDN ccTLD,6,8,12,0.0,0.0
.here,here,,gTLD_or_unknown,,Other gTLD/unknown,global_gTLD,Global,Global,Global/non-regional TLD,default_non_geographic_tld,Non-ccTLD and not in curated geographic gTLD overrides.,4,7,56,0.0,0.0
.xn--wgbl6a,xn--wgbl6a,قطر,gTLD_or_unknown,,Other gTLD/unknown,ccTLD,Qatar,Asia,Asia ccTLD/geographic TLD,curated_idn_cctld_override,Qatar IDN ccTLD,7,7,24,0.0,0.0
.lincoln,lincoln,,gTLD_or_unknown,,Other gTLD/unknown,global_gTLD,Global,Global,Global/non-regional TLD,default_non_geographic_tld,Non-ccTLD and not in curated geographic gTLD overrides.,7,7,21,0.0,0.0
.latrobe,latrobe,,gTLD_or_unknown,,Other gTLD/unknown,global_gTLD,Global,Global,Global/non-regional TLD,default_non_geographic_tld,Non-ccTLD and not in curated geographic gTLD overrides.,6,7,20,0.0,0.0
.onion,onion,,gTLD_or_unknown,,Other gTLD/unknown,global_gTLD,Global,Global,Global/non-regional TLD,default_non_geographic_tld,Non-ccTLD and not in curated geographic gTLD overrides.,1,7,20,0.0,0.0
.ping,ping,,gTLD_or_unknown,,Other gTLD/unknown,global_gTLD,Global,Global,Global/non-regional TLD,default_non_geographic_tld,Non-ccTLD and not in curated geographic gTLD overrides.,7,7,18,0.0,0.0
.toshiba,toshiba,,gTLD_or_unknown,,Other gTLD/unknown,global_gTLD,Global,Global,Global/non-regional TLD,default_non_geographic_tld,Non-ccTLD and not in curated geographic gTLD overrides.,7,7,18,0.0,0.0
.mma,mma,,gTLD_or_unknown,,Other gTLD/unknown,global_gTLD,Global,Global,Global/non-regional TLD,default_non_geographic_tld,Non-ccTLD and not in curated geographic gTLD overrides.,4,7,17,0.0,0.0
.mtn,mtn,,gTLD_or_unknown,,Other gTLD/unknown,global_gTLD,Global,Global,Global/non-regional TLD,default_non_geographic_tld,Non-ccTLD and not in curated geographic gTLD overrides.,4,7,10,0.0,0.0
.xn--mgbaam7a8h,xn--mgbaam7a8h,امارات,gTLD_or_unknown,,Other gTLD/unknown,ccTLD,United Arab Emirates,Asia,Asia ccTLD/geographic TLD,curated_idn_cctld_override,United Arab Emirates IDN ccTLD,6,6,40,0.0,0.0
.xn--ygbi2ammx,xn--ygbi2ammx,فلسطين,gTLD_or_unknown,,Other gTLD/unknown,ccTLD,Palestine,Asia,Asia ccTLD/geographic TLD,curated_idn_cctld_override,Palestine IDN ccTLD,6,6,36,0.0,0.0
.sncf,sncf,,gTLD_or_unknown,,Other gTLD/unknown,global_gTLD,Global,Global,Global/non-regional TLD,default_non_geographic_tld,Non-ccTLD and not in curated geographic gTLD overrides.,6,6,25,0.0,0.0
.frogans,frogans,,gTLD_or_unknown,,Other gTLD/unknown,global_gTLD,Global,Global,Global/non-regional TLD,default_non_geographic_tld,Non-ccTLD and not in curated geographic gTLD overrides.,4,6,21,0.0,0.0
.locus,locus,,gTLD_or_unknown,,Other gTLD/unknown,global_gTLD,Global,Global,Global/non-regional TLD,default_non_geographic_tld,Non-ccTLD and not in curated geographic gTLD overrides.,6,6,19,0.0,0.0
.athleta,athleta,,gTLD_or_unknown,,Other gTLD/unknown,global_gTLD,Global,Global,Global/non-regional TLD,default_non_geographic_tld,Non-ccTLD and not in curated geographic gTLD overrides.,3,6,18,0.0,0.0
.pru,pru,,gTLD_or_unknown,,Other gTLD/unknown,global_gTLD,Global,Global,Global/non-regional TLD,default_non_geographic_tld,Non-ccTLD and not in curated geographic gTLD overrides.,4,6,9,0.0,0.0
.emerck,emerck,,gTLD_or_unknown,,Other gTLD/unknown,global_gTLD,Global,Global,Global/non-regional TLD,default_non_geographic_tld,Non-ccTLD and not in curated geographic gTLD overrides.,3,6,6,0.0,0.0
.yahoo,yahoo,,gTLD_or_unknown,,Other gTLD/unknown,global_gTLD,Global,Global,Global/non-regional TLD,default_non_geographic_tld,Non-ccTLD and not in curated geographic gTLD overrides.,3,6,6,0.0,0.0
.chrome,chrome,,gTLD_or_unknown,,Other gTLD/unknown,global_gTLD,Global,Global,Global/non-regional TLD,default_non_geographic_tld,Non-ccTLD and not in curated geographic gTLD overrides.,3,5,30,0.0,0.0
.seat,seat,,gTLD_or_unknown,,Other gTLD/unknown,global_gTLD,Global,Global,Global/non-regional TLD,default_non_geographic_tld,Non-ccTLD and not in curated geographic gTLD overrides.,5,5,26,0.0,0.0
.barclaycard,barclaycard,,gTLD_or_unknown,,Other gTLD/unknown,global_gTLD,Global,Global,Global/non-regional TLD,default_non_geographic_tld,Non-ccTLD and not in curated geographic gTLD overrides.,2,5,23,0.0,0.0
.sew,sew,,gTLD_or_unknown,,Other gTLD/unknown,global_gTLD,Global,Global,Global/non-regional TLD,default_non_geographic_tld,Non-ccTLD and not in curated geographic gTLD overrides.,5,5,15,0.0,0.0
.got,got,,gTLD_or_unknown,,Other gTLD/unknown,global_gTLD,Global,Global,Global/non-regional TLD,default_non_geographic_tld,Non-ccTLD and not in curated geographic gTLD overrides.,5,5,12,0.0,0.0
.tvs,tvs,,gTLD_or_unknown,,Other gTLD/unknown,global_gTLD,Global,Global,Global/non-regional TLD,default_non_geographic_tld,Non-ccTLD and not in curated geographic gTLD overrides.,5,5,11,0.0,0.0
.whoswho,whoswho,,gTLD_or_unknown,,Other gTLD/unknown,global_gTLD,Global,Global,Global/non-regional TLD,default_non_geographic_tld,Non-ccTLD and not in curated geographic gTLD overrides.,5,5,10,0.0,0.0
.xn--mgbpl2fh,xn--mgbpl2fh,سودان,gTLD_or_unknown,,Other gTLD/unknown,ccTLD,Sudan,Africa,Africa ccTLD/geographic TLD,curated_idn_cctld_override,Sudan IDN ccTLD,5,5,10,0.0,0.0
.netflix,netflix,,gTLD_or_unknown,,Other gTLD/unknown,global_gTLD,Global,Global,Global/non-regional TLD,default_non_geographic_tld,Non-ccTLD and not in curated geographic gTLD overrides.,5,5,6,0.0,0.0
.neustar,neustar,,gTLD_or_unknown,,Other gTLD/unknown,global_gTLD,Global,Global,Global/non-regional TLD,default_non_geographic_tld,Non-ccTLD and not in curated geographic gTLD overrides.,5,5,6,0.0,0.0
.protection,protection,,gTLD_or_unknown,,Other gTLD/unknown,global_gTLD,Global,Global,Global/non-regional TLD,default_non_geographic_tld,Non-ccTLD and not in curated geographic gTLD overrides.,4,4,22,0.0,0.0
.imamat,imamat,,gTLD_or_unknown,,Other gTLD/unknown,global_gTLD,Global,Global,Global/non-regional TLD,default_non_geographic_tld,Non-ccTLD and not in curated geographic gTLD overrides.,4,4,16,0.0,0.0
.yodobashi,yodobashi,,gTLD_or_unknown,,Other gTLD/unknown,global_gTLD,Global,Global,Global/non-regional TLD,default_non_geographic_tld,Non-ccTLD and not in curated geographic gTLD overrides.,2,4,14,0.0,0.0
.xn--lgbbat1ad8j,xn--lgbbat1ad8j,الجزائر,gTLD_or_unknown,,Other gTLD/unknown,ccTLD,Algeria,Africa,Africa ccTLD/geographic TLD,curated_idn_cctld_override,Algeria IDN ccTLD,4,4,11,0.0,0.0
.smile,smile,,gTLD_or_unknown,,Other gTLD/unknown,global_gTLD,Global,Global,Global/non-regional TLD,default_non_geographic_tld,Non-ccTLD and not in curated geographic gTLD overrides.,4,4,10,0.0,0.0
.xn--pgbs0dh,xn--pgbs0dh,تونس,gTLD_or_unknown,,Other gTLD/unknown,ccTLD,Tunisia,Africa,Africa ccTLD/geographic TLD,curated_idn_cctld_override,Tunisia IDN ccTLD,2,4,10,0.0,0.0
.abc,abc,,gTLD_or_unknown,,Other gTLD/unknown,global_gTLD,Global,Global,Global/non-regional TLD,default_non_geographic_tld,Non-ccTLD and not in curated geographic gTLD overrides.,4,4,8,0.0,0.0
.bbva,bbva,,gTLD_or_unknown,,Other gTLD/unknown,global_gTLD,Global,Global,Global/non-regional TLD,default_non_geographic_tld,Non-ccTLD and not in curated geographic gTLD overrides.,4,4,8,0.0,0.0
.latino,latino,,gTLD_or_unknown,,Other gTLD/unknown,global_gTLD,Global,Global,Global/non-regional TLD,default_non_geographic_tld,Non-ccTLD and not in curated geographic gTLD overrides.,3,4,8,0.0,0.0
.xn--xkc2al3hye2a,xn--xkc2al3hye2a,இலங்கை,gTLD_or_unknown,,Other gTLD/unknown,ccTLD,Sri Lanka,Asia,Asia ccTLD/geographic TLD,curated_idn_cctld_override,Sri Lanka IDN ccTLD,4,4,8,0.0,0.0
.xn--rvc1e0am3e,xn--rvc1e0am3e,ഭാരതം,gTLD_or_unknown,,Other gTLD/unknown,ccTLD,India,Asia,Asia ccTLD/geographic TLD,curated_idn_cctld_override,India IDN ccTLD,4,4,6,0.0,0.0
.ericsson,ericsson,,gTLD_or_unknown,,Other gTLD/unknown,global_gTLD,Global,Global,Global/non-regional TLD,default_non_geographic_tld,Non-ccTLD and not in curated geographic gTLD overrides.,4,4,4,0.0,0.0
.gap,gap,,gTLD_or_unknown,,Other gTLD/unknown,global_gTLD,Global,Global,Global/non-regional TLD,default_non_geographic_tld,Non-ccTLD and not in curated geographic gTLD overrides.,2,4,4,0.0,0.0
.ads,ads,,gTLD_or_unknown,,Other gTLD/unknown,global_gTLD,Global,Global,Global/non-regional TLD,default_non_geographic_tld,Non-ccTLD and not in curated geographic gTLD overrides.,3,3,22,0.0,0.0
.cal,cal,,gTLD_or_unknown,,Other gTLD/unknown,global_gTLD,Global,Global,Global/non-regional TLD,default_non_geographic_tld,Non-ccTLD and not in curated geographic gTLD overrides.,3,3,22,0.0,0.0
.dclk,dclk,,gTLD_or_unknown,,Other gTLD/unknown,global_gTLD,Global,Global,Global/non-regional TLD,default_non_geographic_tld,Non-ccTLD and not in curated geographic gTLD overrides.,3,3,22,0.0,0.0
.docs,docs,,gTLD_or_unknown,,Other gTLD/unknown,global_gTLD,Global,Global,Global/non-regional TLD,default_non_geographic_tld,Non-ccTLD and not in curated geographic gTLD overrides.,3,3,22,0.0,0.0
.drive,drive,,gTLD_or_unknown,,Other gTLD/unknown,global_gTLD,Global,Global,Global/non-regional TLD,default_non_geographic_tld,Non-ccTLD and not in curated geographic gTLD overrides.,3,3,22,0.0,0.0
.eat,eat,,gTLD_or_unknown,,Other gTLD/unknown,global_gTLD,Global,Global,Global/non-regional TLD,default_non_geographic_tld,Non-ccTLD and not in curated geographic gTLD overrides.,3,3,22,0.0,0.0
.fly,fly,,gTLD_or_unknown,,Other gTLD/unknown,global_gTLD,Global,Global,Global/non-regional TLD,default_non_geographic_tld,Non-ccTLD and not in curated geographic gTLD overrides.,3,3,22,0.0,0.0
.gbiz,gbiz,,gTLD_or_unknown,,Other gTLD/unknown,global_gTLD,Global,Global,Global/non-regional TLD,default_non_geographic_tld,Non-ccTLD and not in curated geographic gTLD overrides.,3,3,22,0.0,0.0
.guge,guge,,gTLD_or_unknown,,Other gTLD/unknown,global_gTLD,Global,Global,Global/non-regional TLD,default_non_geographic_tld,Non-ccTLD and not in curated geographic gTLD overrides.,3,3,22,0.0,0.0
.hangout,hangout,,gTLD_or_unknown,,Other gTLD/unknown,global_gTLD,Global,Global,Global/non-regional TLD,default_non_geographic_tld,Non-ccTLD and not in curated geographic gTLD overrides.,3,3,22,0.0,0.0
.map,map,,gTLD_or_unknown,,Other gTLD/unknown,global_gTLD,Global,Global,Global/non-regional TLD,default_non_geographic_tld,Non-ccTLD and not in curated geographic gTLD overrides.,3,3,22,0.0,0.0
.prod,prod,,gTLD_or_unknown,,Other gTLD/unknown,global_gTLD,Global,Global,Global/non-regional TLD,default_non_geographic_tld,Non-ccTLD and not in curated geographic gTLD overrides.,3,3,22,0.0,0.0
.search,search,,gTLD_or_unknown,,Other gTLD/unknown,global_gTLD,Global,Global,Global/non-regional TLD,default_non_geographic_tld,Non-ccTLD and not in curated geographic gTLD overrides.,3,3,22,0.0,0.0
.xn--flw351e,xn--flw351e,谷歌,gTLD_or_unknown,,Other gTLD/unknown,global_gTLD,Global,Global,Global/non-regional TLD,default_non_geographic_tld,Non-ccTLD and not in curated geographic gTLD overrides.,3,3,22,0.0,0.0
.xn--qcka1pmc,xn--qcka1pmc,グーグル,gTLD_or_unknown,,Other gTLD/unknown,global_gTLD,Global,Global,Global/non-regional TLD,default_non_geographic_tld,Non-ccTLD and not in curated geographic gTLD overrides.,3,3,22,0.0,0.0
.bcn,bcn,,gTLD_or_unknown,,Other gTLD/unknown,global_gTLD,Global,Global,Global/non-regional TLD,default_non_geographic_tld,Non-ccTLD and not in curated geographic gTLD overrides.,3,3,20,0.0,0.0
.xn--bck1b9a5dre4c,xn--bck1b9a5dre4c,ファッション,gTLD_or_unknown,,Other gTLD/unknown,global_gTLD,Global,Global,Global/non-regional TLD,default_non_geographic_tld,Non-ccTLD and not in curated geographic gTLD overrides.,2,3,13,0.0,0.0
.otsuka,otsuka,,gTLD_or_unknown,,Other gTLD/unknown,global_gTLD,Global,Global,Global/non-regional TLD,default_non_geographic_tld,Non-ccTLD and not in curated geographic gTLD overrides.,2,3,12,0.0,0.0
.lexus,lexus,,gTLD_or_unknown,,Other gTLD/unknown,global_gTLD,Global,Global,Global/non-regional TLD,default_non_geographic_tld,Non-ccTLD and not in curated geographic gTLD overrides.,3,3,9,0.0,0.0
.audible,audible,,gTLD_or_unknown,,Other gTLD/unknown,global_gTLD,Global,Global,Global/non-regional TLD,default_non_geographic_tld,Non-ccTLD and not in curated geographic gTLD overrides.,3,3,8,0.0,0.0
.call,call,,gTLD_or_unknown,,Other gTLD/unknown,global_gTLD,Global,Global,Global/non-regional TLD,default_non_geographic_tld,Non-ccTLD and not in curated geographic gTLD overrides.,3,3,8,0.0,0.0
.imdb,imdb,,gTLD_or_unknown,,Other gTLD/unknown,global_gTLD,Global,Global,Global/non-regional TLD,default_non_geographic_tld,Non-ccTLD and not in curated geographic gTLD overrides.,3,3,8,0.0,0.0
.pwc,pwc,,gTLD_or_unknown,,Other gTLD/unknown,global_gTLD,Global,Global,Global/non-regional TLD,default_non_geographic_tld,Non-ccTLD and not in curated geographic gTLD overrides.,2,3,8,0.0,0.0
.joy,joy,,gTLD_or_unknown,,Other gTLD/unknown,global_gTLD,Global,Global,Global/non-regional TLD,default_non_geographic_tld,Non-ccTLD and not in curated geographic gTLD overrides.,3,3,6,0.0,0.0
.tushu,tushu,,gTLD_or_unknown,,Other gTLD/unknown,global_gTLD,Global,Global,Global/non-regional TLD,default_non_geographic_tld,Non-ccTLD and not in curated geographic gTLD overrides.,3,3,6,0.0,0.0
.cuisinella,cuisinella,,gTLD_or_unknown,,Other gTLD/unknown,global_gTLD,Global,Global,Global/non-regional TLD,default_non_geographic_tld,Non-ccTLD and not in curated geographic gTLD overrides.,3,3,5,0.0,0.0
.xn--mgbgu82a,xn--mgbgu82a,ڀارت,gTLD_or_unknown,,Other gTLD/unknown,ccTLD,India,Asia,Asia ccTLD/geographic TLD,curated_idn_cctld_override,India IDN ccTLD,3,3,5,0.0,0.0
.hsbc,hsbc,,gTLD_or_unknown,,Other gTLD/unknown,global_gTLD,Global,Global,Global/non-regional TLD,default_non_geographic_tld,Non-ccTLD and not in curated geographic gTLD overrides.,3,3,4,0.0,0.0
.kpn,kpn,,gTLD_or_unknown,,Other gTLD/unknown,global_gTLD,Global,Global,Global/non-regional TLD,default_non_geographic_tld,Non-ccTLD and not in curated geographic gTLD overrides.,1,2,22,0.0,0.0
.prime,prime,,gTLD_or_unknown,,Other gTLD/unknown,global_gTLD,Global,Global,Global/non-regional TLD,default_non_geographic_tld,Non-ccTLD and not in curated geographic gTLD overrides.,2,2,14,0.0,0.0
.safe,safe,,gTLD_or_unknown,,Other gTLD/unknown,global_gTLD,Global,Global,Global/non-regional TLD,default_non_geographic_tld,Non-ccTLD and not in curated geographic gTLD overrides.,2,2,12,0.0,0.0
.fire,fire,,gTLD_or_unknown,,Other gTLD/unknown,global_gTLD,Global,Global,Global/non-regional TLD,default_non_geographic_tld,Non-ccTLD and not in curated geographic gTLD overrides.,2,2,10,0.0,0.0
.genting,genting,,gTLD_or_unknown,,Other gTLD/unknown,global_gTLD,Global,Global,Global/non-regional TLD,default_non_geographic_tld,Non-ccTLD and not in curated geographic gTLD overrides.,2,2,10,0.0,0.0
.pin,pin,,gTLD_or_unknown,,Other gTLD/unknown,global_gTLD,Global,Global,Global/non-regional TLD,default_non_geographic_tld,Non-ccTLD and not in curated geographic gTLD overrides.,2,2,10,0.0,0.0
.yamaxun,yamaxun,,gTLD_or_unknown,,Other gTLD/unknown,global_gTLD,Global,Global,Global/non-regional TLD,default_non_geographic_tld,Non-ccTLD and not in curated geographic gTLD overrides.,2,2,10,0.0,0.0
.author,author,,gTLD_or_unknown,,Other gTLD/unknown,global_gTLD,Global,Global,Global/non-regional TLD,default_non_geographic_tld,Non-ccTLD and not in curated geographic gTLD overrides.,2,2,8,0.0,0.0
.flir,flir,,gTLD_or_unknown,,Other gTLD/unknown,global_gTLD,Global,Global,Global/non-regional TLD,default_non_geographic_tld,Non-ccTLD and not in curated geographic gTLD overrides.,2,2,8,0.0,0.0
.gea,gea,,gTLD_or_unknown,,Other gTLD/unknown,global_gTLD,Global,Global,Global/non-regional TLD,default_non_geographic_tld,Non-ccTLD and not in curated geographic gTLD overrides.,2,2,8,0.0,0.0
.jll,jll,,gTLD_or_unknown,,Other gTLD/unknown,global_gTLD,Global,Global,Global/non-regional TLD,default_non_geographic_tld,Non-ccTLD and not in curated geographic gTLD overrides.,2,2,8,0.0,0.0
.kindle,kindle,,gTLD_or_unknown,,Other gTLD/unknown,global_gTLD,Global,Global,Global/non-regional TLD,default_non_geographic_tld,Non-ccTLD and not in curated geographic gTLD overrides.,2,2,8,0.0,0.0
.like,like,,gTLD_or_unknown,,Other gTLD/unknown,global_gTLD,Global,Global,Global/non-regional TLD,default_non_geographic_tld,Non-ccTLD and not in curated geographic gTLD overrides.,2,2,8,0.0,0.0
.omega,omega,,gTLD_or_unknown,,Other gTLD/unknown,global_gTLD,Global,Global,Global/non-regional TLD,default_non_geographic_tld,Non-ccTLD and not in curated geographic gTLD overrides.,2,2,8,0.0,0.0
.secure,secure,,gTLD_or_unknown,,Other gTLD/unknown,global_gTLD,Global,Global,Global/non-regional TLD,default_non_geographic_tld,Non-ccTLD and not in curated geographic gTLD overrides.,2,2,8,0.0,0.0
.xn--1ck2e1b,xn--1ck2e1b,セール,gTLD_or_unknown,,Other gTLD/unknown,global_gTLD,Global,Global,Global/non-regional TLD,default_non_geographic_tld,Non-ccTLD and not in curated geographic gTLD overrides.,2,2,8,0.0,0.0
.xn--cck2b3b,xn--cck2b3b,ストア,gTLD_or_unknown,,Other gTLD/unknown,global_gTLD,Global,Global,Global/non-regional TLD,default_non_geographic_tld,Non-ccTLD and not in curated geographic gTLD overrides.,1,2,8,0.0,0.0
.circle,circle,,gTLD_or_unknown,,Other gTLD/unknown,global_gTLD,Global,Global,Global/non-regional TLD,default_non_geographic_tld,Non-ccTLD and not in curated geographic gTLD overrides.,2,2,6,0.0,0.0
.er,er,,ccTLD,Eritrea,Africa ccTLD,ccTLD,Eritrea,Africa,Africa ccTLD/geographic TLD,existing_iso_cctld_mapping,,1,2,6,0.0,0.0
.eurovision,eurovision,,gTLD_or_unknown,,Other gTLD/unknown,global_gTLD,Global,Global,Global/non-regional TLD,default_non_geographic_tld,Non-ccTLD and not in curated geographic gTLD overrides.,2,2,6,0.0,0.0
.jot,jot,,gTLD_or_unknown,,Other gTLD/unknown,global_gTLD,Global,Global,Global/non-regional TLD,default_non_geographic_tld,Non-ccTLD and not in curated geographic gTLD overrides.,2,2,6,0.0,0.0
.room,room,,gTLD_or_unknown,,Other gTLD/unknown,global_gTLD,Global,Global,Global/non-regional TLD,default_non_geographic_tld,Non-ccTLD and not in curated geographic gTLD overrides.,2,2,6,0.0,0.0
.silk,silk,,gTLD_or_unknown,,Other gTLD/unknown,global_gTLD,Global,Global,Global/non-regional TLD,default_non_geographic_tld,Non-ccTLD and not in curated geographic gTLD overrides.,2,2,6,0.0,0.0
.tunes,tunes,,gTLD_or_unknown,,Other gTLD/unknown,global_gTLD,Global,Global,Global/non-regional TLD,default_non_geographic_tld,Non-ccTLD and not in curated geographic gTLD overrides.,2,2,6,0.0,0.0
.nra,nra,,gTLD_or_unknown,,Other gTLD/unknown,global_gTLD,Global,Global,Global/non-regional TLD,default_non_geographic_tld,Non-ccTLD and not in curated geographic gTLD overrides.,2,2,5,0.0,0.0
.xn--3hcrj9c,xn--3hcrj9c,ଭାରତ,gTLD_or_unknown,,Other gTLD/unknown,ccTLD,India,Asia,Asia ccTLD/geographic TLD,curated_idn_cctld_override,India IDN ccTLD,2,2,5,0.0,0.0
._none,_none,,special,,Other gTLD/unknown,global_gTLD,Global,Global,Global/non-regional TLD,default_non_geographic_tld,Non-ccTLD and not in curated geographic gTLD overrides.,2,2,4,0.0,0.0
.dubai,dubai,,gTLD_or_unknown,,Other gTLD/unknown,geographic_gTLD,United Arab Emirates,Asia,Asia ccTLD/geographic TLD,curated_geographic_gtld_override,Dubai city/emirate,2,2,4,0.0,0.0
.jmp,jmp,,gTLD_or_unknown,,Other gTLD/unknown,global_gTLD,Global,Global,Global/non-regional TLD,default_non_geographic_tld,Non-ccTLD and not in curated geographic gTLD overrides.,1,2,4,0.0,0.0
.aig,aig,,gTLD_or_unknown,,Other gTLD/unknown,global_gTLD,Global,Global,Global/non-regional TLD,default_non_geographic_tld,Non-ccTLD and not in curated geographic gTLD overrides.,2,2,2,0.0,0.0
.honda,honda,,gTLD_or_unknown,,Other gTLD/unknown,global_gTLD,Global,Global,Global/non-regional TLD,default_non_geographic_tld,Non-ccTLD and not in curated geographic gTLD overrides.,2,2,2,0.0,0.0
.ibm,ibm,,gTLD_or_unknown,,Other gTLD/unknown,global_gTLD,Global,Global,Global/non-regional TLD,default_non_geographic_tld,Non-ccTLD and not in curated geographic gTLD overrides.,2,2,2,0.0,0.0
.xn--imr513n,xn--imr513n,餐厅,gTLD_or_unknown,,Other gTLD/unknown,global_gTLD,Global,Global,Global/non-regional TLD,default_non_geographic_tld,Non-ccTLD and not in curated geographic gTLD overrides.,1,2,2,0.0,0.0
.wed,wed,,gTLD_or_unknown,,Other gTLD/unknown,global_gTLD,Global,Global,Global/non-regional TLD,default_non_geographic_tld,Non-ccTLD and not in curated geographic gTLD overrides.,1,1,12,0.0,0.0
.nowruz,nowruz,,gTLD_or_unknown,,Other gTLD/unknown,global_gTLD,Global,Global,Global/non-regional TLD,default_non_geographic_tld,Non-ccTLD and not in curated geographic gTLD overrides.,1,1,8,0.0,0.0
.total,total,,gTLD_or_unknown,,Other gTLD/unknown,global_gTLD,Global,Global,Global/non-regional TLD,default_non_geographic_tld,Non-ccTLD and not in curated geographic gTLD overrides.,1,1,7,0.0,0.0
.book,book,,gTLD_or_unknown,,Other gTLD/unknown,global_gTLD,Global,Global,Global/non-regional TLD,default_non_geographic_tld,Non-ccTLD and not in curated geographic gTLD overrides.,1,1,6,0.0,0.0
.buy,buy,,gTLD_or_unknown,,Other gTLD/unknown,global_gTLD,Global,Global,Global/non-regional TLD,default_non_geographic_tld,Non-ccTLD and not in curated geographic gTLD overrides.,1,1,6,0.0,0.0
.read,read,,gTLD_or_unknown,,Other gTLD/unknown,global_gTLD,Global,Global,Global/non-regional TLD,default_non_geographic_tld,Non-ccTLD and not in curated geographic gTLD overrides.,1,1,6,0.0,0.0
.bom,bom,,gTLD_or_unknown,,Other gTLD/unknown,global_gTLD,Global,Global,Global/non-regional TLD,default_non_geographic_tld,Non-ccTLD and not in curated geographic gTLD overrides.,1,1,4,0.0,0.0
.final,final,,gTLD_or_unknown,,Other gTLD/unknown,global_gTLD,Global,Global,Global/non-regional TLD,default_non_geographic_tld,Non-ccTLD and not in curated geographic gTLD overrides.,1,1,4,0.0,0.0
.java,java,,gTLD_or_unknown,,Other gTLD/unknown,global_gTLD,Global,Global,Global/non-regional TLD,default_non_geographic_tld,Non-ccTLD and not in curated geographic gTLD overrides.,1,1,4,0.0,0.0
.kp,kp,,ccTLD,North Korea,Asia ccTLD,ccTLD,North Korea,Asia,Asia ccTLD/geographic TLD,existing_iso_cctld_mapping,,1,1,4,0.0,0.0
.wow,wow,,gTLD_or_unknown,,Other gTLD/unknown,global_gTLD,Global,Global,Global/non-regional TLD,default_non_geographic_tld,Non-ccTLD and not in curated geographic gTLD overrides.,1,1,4,0.0,0.0
.fairwinds,fairwinds,,gTLD_or_unknown,,Other gTLD/unknown,global_gTLD,Global,Global,Global/non-regional TLD,default_non_geographic_tld,Non-ccTLD and not in curated geographic gTLD overrides.,1,1,2,0.0,0.0
.save,save,,gTLD_or_unknown,,Other gTLD/unknown,global_gTLD,Global,Global,Global/non-regional TLD,default_non_geographic_tld,Non-ccTLD and not in curated geographic gTLD overrides.,1,1,2,0.0,0.0
.wanggou,wanggou,,gTLD_or_unknown,,Other gTLD/unknown,global_gTLD,Global,Global,Global/non-regional TLD,default_non_geographic_tld,Non-ccTLD and not in curated geographic gTLD overrides.,1,1,2,0.0,0.0
.xerox,xerox,,gTLD_or_unknown,,Other gTLD/unknown,global_gTLD,Global,Global,Global/non-regional TLD,default_non_geographic_tld,Non-ccTLD and not in curated geographic gTLD overrides.,1,1,2,0.0,0.0
.xn--jlq480n2rg,xn--jlq480n2rg,亚马逊,gTLD_or_unknown,,Other gTLD/unknown,global_gTLD,Global,Global,Global/non-regional TLD,default_non_geographic_tld,Non-ccTLD and not in curated geographic gTLD overrides.,1,1,2,0.0,0.0
.xn--mgbbh1a,xn--mgbbh1a,بارت,gTLD_or_unknown,,Other gTLD/unknown,global_gTLD,Global,Global,Global/non-regional TLD,default_non_geographic_tld,Non-ccTLD and not in curated geographic gTLD overrides.,1,1,2,0.0,0.0
.xn--mgbcpq6gpa1a,xn--mgbcpq6gpa1a,البحرين,gTLD_or_unknown,,Other gTLD/unknown,ccTLD,Bahrain,Asia,Asia ccTLD/geographic TLD,curated_idn_cctld_override,Bahrain IDN ccTLD,1,1,2,0.0,0.0
.fujitsu,fujitsu,,gTLD_or_unknown,,Other gTLD/unknown,global_gTLD,Global,Global,Global/non-regional TLD,default_non_geographic_tld,Non-ccTLD and not in curated geographic gTLD overrides.,1,1,1,0.0,0.0
.stockholm,stockholm,,gTLD_or_unknown,,Other gTLD/unknown,global_gTLD,Global,Global,Global/non-regional TLD,default_non_geographic_tld,Non-ccTLD and not in curated geographic gTLD overrides.,1,1,1,0.0,0.0
.ups,ups,,gTLD_or_unknown,,Other gTLD/unknown,global_gTLD,Global,Global,Global/non-regional TLD,default_non_geographic_tld,Non-ccTLD and not in curated geographic gTLD overrides.,1,1,1,0.0,0.0
.xn--gckr3f0f,xn--gckr3f0f,クラウド,gTLD_or_unknown,,Other gTLD/unknown,global_gTLD,Global,Global,Global/non-regional TLD,default_non_geographic_tld,Non-ccTLD and not in curated geographic gTLD overrides.,1,1,1,0.0,0.0
.xn--q7ce6a,xn--q7ce6a,ລາວ,gTLD_or_unknown,,Other gTLD/unknown,ccTLD,Laos,Asia,Asia ccTLD/geographic TLD,curated_idn_cctld_override,Laos IDN ccTLD,1,1,1,0.0,0.0
