bucket_utc,analysis_group,tld,tld_label,mapped_tld_class,mapped_continent,unique_fqdn_count,domain_occurrences,total_unique_fqdn_count,unique_fqdn_share,unique_fqdn_share_pct
2026-05-29 22:00:00+00:00,Global/non-regional TLD,com,.com,global_gTLD,Global,1036357,3004272,2332928,0.44423,44.423
2026-05-29 23:00:00+00:00,Global/non-regional TLD,com,.com,global_gTLD,Global,1020223,2922303,2295056,0.444531,44.4531
2026-05-30 00:00:00+00:00,Global/non-regional TLD,com,.com,global_gTLD,Global,1055723,3105259,2362696,0.44683,44.683
2026-05-30 01:00:00+00:00,Global/non-regional TLD,com,.com,global_gTLD,Global,1009460,3080011,2242080,0.450234,45.0234
2026-05-30 02:00:00+00:00,Global/non-regional TLD,com,.com,global_gTLD,Global,965969,3059998,2133739,0.452712,45.2712
2026-05-30 03:00:00+00:00,Global/non-regional TLD,com,.com,global_gTLD,Global,962605,2910503,2120890,0.453868,45.3868
2026-05-30 04:00:00+00:00,Global/non-regional TLD,com,.com,global_gTLD,Global,991746,2935557,2156725,0.459839,45.9839
2026-05-30 05:00:00+00:00,Global/non-regional TLD,com,.com,global_gTLD,Global,981285,2877817,2142404,0.45803,45.803
2026-05-30 06:00:00+00:00,Global/non-regional TLD,com,.com,global_gTLD,Global,952493,2884281,2096051,0.454423,45.4423
2026-05-30 07:00:00+00:00,Global/non-regional TLD,com,.com,global_gTLD,Global,955378,2905025,2140460,0.446342,44.6342
2026-05-30 08:00:00+00:00,Global/non-regional TLD,com,.com,global_gTLD,Global,979433,2875185,2151140,0.455309,45.5309
2026-05-30 09:00:00+00:00,Global/non-regional TLD,com,.com,global_gTLD,Global,971170,2856383,2139154,0.453997,45.3997
2026-05-30 10:00:00+00:00,Global/non-regional TLD,com,.com,global_gTLD,Global,972285,2855873,2176792,0.44666,44.666
2026-05-30 11:00:00+00:00,Global/non-regional TLD,com,.com,global_gTLD,Global,945671,2753639,2108629,0.448477,44.8477
2026-05-30 12:00:00+00:00,Global/non-regional TLD,com,.com,global_gTLD,Global,975076,2805933,2159135,0.451605,45.1605
2026-05-30 13:00:00+00:00,Global/non-regional TLD,com,.com,global_gTLD,Global,925771,2811939,2074045,0.44636,44.636
2026-05-30 14:00:00+00:00,Global/non-regional TLD,com,.com,global_gTLD,Global,936560,2818358,2117010,0.442398,44.2398
2026-05-30 15:00:00+00:00,Global/non-regional TLD,com,.com,global_gTLD,Global,945413,2762592,2105704,0.448977,44.8977
2026-05-30 16:00:00+00:00,Global/non-regional TLD,com,.com,global_gTLD,Global,1015906,3092179,2247521,0.452012,45.2012
2026-05-30 17:00:00+00:00,Global/non-regional TLD,com,.com,global_gTLD,Global,1013852,2980166,2262288,0.448153,44.8153
2026-05-30 18:00:00+00:00,Global/non-regional TLD,com,.com,global_gTLD,Global,974133,2791324,2154411,0.452157,45.2157
2026-05-30 19:00:00+00:00,Global/non-regional TLD,com,.com,global_gTLD,Global,993405,2895757,2170138,0.457761,45.7761
2026-05-30 20:00:00+00:00,Global/non-regional TLD,com,.com,global_gTLD,Global,956856,2711657,2112649,0.452918,45.2918
2026-05-30 21:00:00+00:00,Global/non-regional TLD,com,.com,global_gTLD,Global,946354,2764372,2105344,0.449501,44.9501
2026-05-30 22:00:00+00:00,Global/non-regional TLD,com,.com,global_gTLD,Global,924292,2704978,2067390,0.447082,44.7082
2026-05-30 23:00:00+00:00,Global/non-regional TLD,com,.com,global_gTLD,Global,921353,2565270,2047428,0.450005,45.0005
2026-05-31 00:00:00+00:00,Global/non-regional TLD,com,.com,global_gTLD,Global,973610,2910859,2154167,0.451966,45.1966
2026-05-31 01:00:00+00:00,Global/non-regional TLD,com,.com,global_gTLD,Global,955806,2827273,2119543,0.450949,45.0949
2026-05-31 02:00:00+00:00,Global/non-regional TLD,com,.com,global_gTLD,Global,1011304,2956641,2238146,0.451849,45.1849
2026-05-31 03:00:00+00:00,Global/non-regional TLD,com,.com,global_gTLD,Global,977609,2959727,2175300,0.449413,44.9413
2026-05-31 04:00:00+00:00,Global/non-regional TLD,com,.com,global_gTLD,Global,996707,2970935,2197100,0.453647,45.3647
2026-05-31 05:00:00+00:00,Global/non-regional TLD,com,.com,global_gTLD,Global,997059,2939453,2206624,0.451848,45.1848
2026-05-31 06:00:00+00:00,Global/non-regional TLD,com,.com,global_gTLD,Global,984904,2890422,2207397,0.446183,44.6183
2026-05-31 07:00:00+00:00,Global/non-regional TLD,com,.com,global_gTLD,Global,991432,2893473,2240162,0.442572,44.2572
2026-05-31 08:00:00+00:00,Global/non-regional TLD,com,.com,global_gTLD,Global,981252,2840648,2213538,0.443296,44.3296
2026-05-31 09:00:00+00:00,Global/non-regional TLD,com,.com,global_gTLD,Global,971985,2775861,2188991,0.444033,44.4033
2026-05-31 10:00:00+00:00,Global/non-regional TLD,com,.com,global_gTLD,Global,959915,2763913,2163451,0.443696,44.3696
2026-05-31 11:00:00+00:00,Global/non-regional TLD,com,.com,global_gTLD,Global,935927,2670595,2123605,0.440726,44.0726
2026-05-31 12:00:00+00:00,Global/non-regional TLD,com,.com,global_gTLD,Global,931218,2727427,2113554,0.440593,44.0593
2026-05-31 13:00:00+00:00,Global/non-regional TLD,com,.com,global_gTLD,Global,970663,2784448,2165273,0.448287,44.8287
2026-05-31 14:00:00+00:00,Global/non-regional TLD,com,.com,global_gTLD,Global,970073,2712320,2154309,0.450294,45.0294
2026-05-31 15:00:00+00:00,Global/non-regional TLD,com,.com,global_gTLD,Global,965607,2712236,2168629,0.445261,44.5261
2026-05-31 16:00:00+00:00,Global/non-regional TLD,com,.com,global_gTLD,Global,971237,2832157,2198881,0.441696,44.1696
2026-05-31 17:00:00+00:00,Global/non-regional TLD,com,.com,global_gTLD,Global,954063,2699884,2172192,0.439217,43.9217
2026-05-31 18:00:00+00:00,Global/non-regional TLD,com,.com,global_gTLD,Global,948188,2669754,2149404,0.44114,44.114
2026-05-31 19:00:00+00:00,Global/non-regional TLD,com,.com,global_gTLD,Global,982957,2748002,2182144,0.450455,45.0455
2026-05-31 20:00:00+00:00,Global/non-regional TLD,com,.com,global_gTLD,Global,919679,2607580,2041152,0.450569,45.0569
2026-05-31 21:00:00+00:00,Global/non-regional TLD,com,.com,global_gTLD,Global,906245,2690564,2030089,0.446407,44.6407
2026-05-31 22:00:00+00:00,Global/non-regional TLD,com,.com,global_gTLD,Global,912480,2722554,2046059,0.44597,44.597
2026-05-31 23:00:00+00:00,Global/non-regional TLD,com,.com,global_gTLD,Global,913200,2642012,2018518,0.452411,45.2411
2026-06-01 00:00:00+00:00,Global/non-regional TLD,com,.com,global_gTLD,Global,959538,3072420,2148359,0.446638,44.6638
2026-06-01 01:00:00+00:00,Global/non-regional TLD,com,.com,global_gTLD,Global,907587,2814845,2026865,0.447779,44.7779
2026-06-01 02:00:00+00:00,Global/non-regional TLD,com,.com,global_gTLD,Global,913170,2699771,2005488,0.455336,45.5336
2026-06-01 03:00:00+00:00,Global/non-regional TLD,com,.com,global_gTLD,Global,961829,2939413,2099572,0.458107,45.8107
2026-06-01 04:00:00+00:00,Global/non-regional TLD,com,.com,global_gTLD,Global,927230,2855930,2020543,0.458901,45.8901
2026-06-01 05:00:00+00:00,Global/non-regional TLD,com,.com,global_gTLD,Global,958070,2895098,2079677,0.460682,46.0682
2026-06-01 06:00:00+00:00,Global/non-regional TLD,com,.com,global_gTLD,Global,971586,2909023,2137363,0.454572,45.4572
2026-06-01 07:00:00+00:00,Global/non-regional TLD,com,.com,global_gTLD,Global,973845,3009348,2165659,0.449676,44.9676
2026-06-01 08:00:00+00:00,Global/non-regional TLD,com,.com,global_gTLD,Global,985356,3007144,2174019,0.453242,45.3242
2026-06-01 09:00:00+00:00,Global/non-regional TLD,com,.com,global_gTLD,Global,982171,3008769,2187339,0.449026,44.9026
2026-06-01 10:00:00+00:00,Global/non-regional TLD,com,.com,global_gTLD,Global,977374,3164176,2141495,0.456398,45.6398
2026-06-01 11:00:00+00:00,Global/non-regional TLD,com,.com,global_gTLD,Global,963460,2935848,2152631,0.447573,44.7573
2026-06-01 12:00:00+00:00,Global/non-regional TLD,com,.com,global_gTLD,Global,930058,2772455,2081322,0.446859,44.6859
2026-06-01 13:00:00+00:00,Global/non-regional TLD,com,.com,global_gTLD,Global,894555,2601687,2011862,0.44464,44.464
2026-06-01 14:00:00+00:00,Global/non-regional TLD,com,.com,global_gTLD,Global,941730,2986761,2082264,0.452263,45.2263
2026-06-01 15:00:00+00:00,Global/non-regional TLD,com,.com,global_gTLD,Global,929010,2846946,2044469,0.454402,45.4402
2026-06-01 16:00:00+00:00,Global/non-regional TLD,com,.com,global_gTLD,Global,937227,2934442,2084375,0.449644,44.9644
2026-06-01 17:00:00+00:00,Global/non-regional TLD,com,.com,global_gTLD,Global,939220,2943907,2094102,0.448507,44.8507
2026-06-01 18:00:00+00:00,Global/non-regional TLD,com,.com,global_gTLD,Global,913510,2648459,2041265,0.447522,44.7522
2026-06-01 19:00:00+00:00,Global/non-regional TLD,com,.com,global_gTLD,Global,943791,2799533,2089976,0.45158,45.158
2026-06-01 20:00:00+00:00,Global/non-regional TLD,com,.com,global_gTLD,Global,907949,2628553,2032954,0.446616,44.6616
2026-06-01 21:00:00+00:00,Global/non-regional TLD,com,.com,global_gTLD,Global,940218,2778756,2097478,0.448261,44.8261
2026-06-01 22:00:00+00:00,Global/non-regional TLD,com,.com,global_gTLD,Global,945425,2798625,2094668,0.451348,45.1348
2026-06-01 23:00:00+00:00,Global/non-regional TLD,com,.com,global_gTLD,Global,915127,2718823,2015548,0.454034,45.4034
2026-06-02 00:00:00+00:00,Global/non-regional TLD,com,.com,global_gTLD,Global,885930,2773797,2087394,0.424419,42.4419
2026-06-02 01:00:00+00:00,Global/non-regional TLD,com,.com,global_gTLD,Global,902985,2722985,2196865,0.411033,41.1033
2026-06-02 02:00:00+00:00,Global/non-regional TLD,com,.com,global_gTLD,Global,918498,2858862,2173823,0.422527,42.2527
2026-06-02 03:00:00+00:00,Global/non-regional TLD,com,.com,global_gTLD,Global,944092,2877694,2216079,0.426019,42.6019
2026-06-02 04:00:00+00:00,Global/non-regional TLD,com,.com,global_gTLD,Global,1006763,3136271,2296685,0.438355,43.8355
2026-06-02 05:00:00+00:00,Global/non-regional TLD,com,.com,global_gTLD,Global,1013727,3115475,2273161,0.445955,44.5955
2026-06-02 06:00:00+00:00,Global/non-regional TLD,com,.com,global_gTLD,Global,997288,2958582,2148978,0.464075,46.4075
2026-06-02 07:00:00+00:00,Global/non-regional TLD,com,.com,global_gTLD,Global,934919,2870661,2088732,0.447601,44.7601
2026-06-02 08:00:00+00:00,Global/non-regional TLD,com,.com,global_gTLD,Global,967702,3133460,2148962,0.450311,45.0311
2026-06-02 09:00:00+00:00,Global/non-regional TLD,com,.com,global_gTLD,Global,1024649,3217555,2290072,0.447431,44.7431
2026-06-02 10:00:00+00:00,Global/non-regional TLD,com,.com,global_gTLD,Global,975218,3144657,2153192,0.452917,45.2917
2026-06-02 11:00:00+00:00,Global/non-regional TLD,com,.com,global_gTLD,Global,960386,3033542,2124459,0.452061,45.2061
2026-06-02 12:00:00+00:00,Global/non-regional TLD,com,.com,global_gTLD,Global,914879,3025191,2023353,0.45216,45.216
2026-06-02 13:00:00+00:00,Global/non-regional TLD,com,.com,global_gTLD,Global,929226,2986084,2060524,0.450966,45.0966
2026-06-02 14:00:00+00:00,Global/non-regional TLD,com,.com,global_gTLD,Global,930070,2956255,2061331,0.451199,45.1199
2026-06-02 15:00:00+00:00,Global/non-regional TLD,com,.com,global_gTLD,Global,940337,2967641,2086290,0.450722,45.0722
2026-06-02 16:00:00+00:00,Global/non-regional TLD,com,.com,global_gTLD,Global,979445,3218714,2202717,0.444653,44.4653
2026-06-02 17:00:00+00:00,Global/non-regional TLD,com,.com,global_gTLD,Global,1070774,3529668,2424665,0.441617,44.1617
2026-06-02 18:00:00+00:00,Global/non-regional TLD,com,.com,global_gTLD,Global,1022736,3541360,2298686,0.444922,44.4922
2026-06-02 19:00:00+00:00,Global/non-regional TLD,com,.com,global_gTLD,Global,952167,3255190,2132312,0.446542,44.6542
2026-06-02 20:00:00+00:00,Global/non-regional TLD,com,.com,global_gTLD,Global,958793,3229898,2161165,0.443646,44.3646
2026-06-02 21:00:00+00:00,Global/non-regional TLD,com,.com,global_gTLD,Global,941331,3125641,2160020,0.435797,43.5797
2026-06-02 22:00:00+00:00,Global/non-regional TLD,com,.com,global_gTLD,Global,945403,3055564,2113116,0.447398,44.7398
2026-06-02 23:00:00+00:00,Global/non-regional TLD,com,.com,global_gTLD,Global,906140,2985146,2020824,0.448401,44.8401
2026-06-03 00:00:00+00:00,Global/non-regional TLD,com,.com,global_gTLD,Global,962496,3390098,2246419,0.428458,42.8458
2026-06-03 01:00:00+00:00,Global/non-regional TLD,com,.com,global_gTLD,Global,969388,3314494,2309096,0.419813,41.9813
2026-06-03 02:00:00+00:00,Global/non-regional TLD,com,.com,global_gTLD,Global,948090,3188452,2250452,0.421289,42.1289
2026-06-03 03:00:00+00:00,Global/non-regional TLD,com,.com,global_gTLD,Global,994965,3240001,2356140,0.422286,42.2286
2026-06-03 04:00:00+00:00,Global/non-regional TLD,com,.com,global_gTLD,Global,1007621,3300394,2369542,0.425239,42.5239
2026-06-03 05:00:00+00:00,Global/non-regional TLD,com,.com,global_gTLD,Global,966666,3181381,2217957,0.435836,43.5836
2026-06-03 06:00:00+00:00,Global/non-regional TLD,com,.com,global_gTLD,Global,919119,2902195,2054870,0.447288,44.7288
2026-06-03 07:00:00+00:00,Global/non-regional TLD,com,.com,global_gTLD,Global,912678,2868270,2027905,0.45006,45.006
2026-06-03 08:00:00+00:00,Global/non-regional TLD,com,.com,global_gTLD,Global,900617,2748534,2049202,0.439496,43.9496
2026-06-03 09:00:00+00:00,Global/non-regional TLD,com,.com,global_gTLD,Global,874200,2639290,2009267,0.435084,43.5084
2026-06-03 10:00:00+00:00,Global/non-regional TLD,com,.com,global_gTLD,Global,861678,2610861,1965246,0.438458,43.8458
2026-06-03 11:00:00+00:00,Global/non-regional TLD,com,.com,global_gTLD,Global,1024849,3405758,2318995,0.441937,44.1937
2026-06-03 12:00:00+00:00,Global/non-regional TLD,com,.com,global_gTLD,Global,982182,3181097,2201845,0.446072,44.6072
2026-06-03 13:00:00+00:00,Global/non-regional TLD,com,.com,global_gTLD,Global,948011,3209203,2144200,0.442128,44.2128
2026-06-03 14:00:00+00:00,Global/non-regional TLD,com,.com,global_gTLD,Global,943662,3190872,2128313,0.443385,44.3385
2026-06-03 15:00:00+00:00,Global/non-regional TLD,com,.com,global_gTLD,Global,934851,3065535,2086575,0.448031,44.8031
2026-06-03 16:00:00+00:00,Global/non-regional TLD,com,.com,global_gTLD,Global,962289,3220898,2161287,0.445239,44.5239
2026-06-03 17:00:00+00:00,Global/non-regional TLD,com,.com,global_gTLD,Global,926475,3065096,2106235,0.439873,43.9873
2026-06-03 18:00:00+00:00,Global/non-regional TLD,com,.com,global_gTLD,Global,959619,3124576,2172410,0.44173,44.173
2026-06-03 19:00:00+00:00,Global/non-regional TLD,com,.com,global_gTLD,Global,950891,3041295,2151258,0.442016,44.2016
2026-06-03 20:00:00+00:00,Global/non-regional TLD,com,.com,global_gTLD,Global,963673,2997250,2141054,0.450093,45.0093
2026-06-03 21:00:00+00:00,Global/non-regional TLD,com,.com,global_gTLD,Global,954350,2973994,2137322,0.446517,44.6517
2026-06-03 22:00:00+00:00,Global/non-regional TLD,com,.com,global_gTLD,Global,960316,3092432,2151290,0.446391,44.6391
2026-06-03 23:00:00+00:00,Global/non-regional TLD,com,.com,global_gTLD,Global,966149,3073798,2163645,0.446538,44.6538
2026-06-04 00:00:00+00:00,Global/non-regional TLD,com,.com,global_gTLD,Global,1035737,3546669,2424116,0.427264,42.7264
2026-06-04 01:00:00+00:00,Global/non-regional TLD,com,.com,global_gTLD,Global,1013576,3322584,2417692,0.419233,41.9233
2026-06-04 02:00:00+00:00,Global/non-regional TLD,com,.com,global_gTLD,Global,1017681,3426311,2412098,0.421907,42.1907
2026-06-04 03:00:00+00:00,Global/non-regional TLD,com,.com,global_gTLD,Global,1029697,3229115,2404032,0.428321,42.8321
2026-06-04 04:00:00+00:00,Global/non-regional TLD,com,.com,global_gTLD,Global,1030327,3209820,2371524,0.434458,43.4458
2026-06-04 05:00:00+00:00,Global/non-regional TLD,com,.com,global_gTLD,Global,1028566,3192843,2320689,0.443216,44.3216
2026-06-04 06:00:00+00:00,Global/non-regional TLD,com,.com,global_gTLD,Global,1015239,3223799,2287783,0.443765,44.3765
2026-06-04 07:00:00+00:00,Global/non-regional TLD,com,.com,global_gTLD,Global,1013040,3326923,2347648,0.431513,43.1513
2026-06-04 08:00:00+00:00,Global/non-regional TLD,com,.com,global_gTLD,Global,1002837,3383162,2340562,0.42846,42.846
2026-06-04 09:00:00+00:00,Global/non-regional TLD,com,.com,global_gTLD,Global,992826,3413434,2340969,0.424109,42.4109
2026-06-04 10:00:00+00:00,Global/non-regional TLD,com,.com,global_gTLD,Global,1002531,3385528,2300655,0.435759,43.5759
2026-06-04 11:00:00+00:00,Global/non-regional TLD,com,.com,global_gTLD,Global,962491,2928664,2205874,0.436331,43.6331
2026-06-04 12:00:00+00:00,Global/non-regional TLD,com,.com,global_gTLD,Global,1037734,3124271,2375528,0.436844,43.6844
2026-06-04 13:00:00+00:00,Global/non-regional TLD,com,.com,global_gTLD,Global,969489,2985678,2248654,0.431142,43.1142
2026-06-04 14:00:00+00:00,Global/non-regional TLD,com,.com,global_gTLD,Global,926253,3034545,2118548,0.437211,43.7211
2026-06-04 15:00:00+00:00,Global/non-regional TLD,com,.com,global_gTLD,Global,1002628,3069747,2271272,0.441439,44.1439
2026-06-04 16:00:00+00:00,Global/non-regional TLD,com,.com,global_gTLD,Global,953865,3178005,2161557,0.441286,44.1286
2026-06-04 17:00:00+00:00,Global/non-regional TLD,com,.com,global_gTLD,Global,949491,2973657,2141359,0.443406,44.3406
2026-06-04 18:00:00+00:00,Global/non-regional TLD,com,.com,global_gTLD,Global,983683,3028171,2178286,0.451586,45.1586
2026-06-04 19:00:00+00:00,Global/non-regional TLD,com,.com,global_gTLD,Global,993023,3008413,2182910,0.454908,45.4908
2026-06-04 20:00:00+00:00,Global/non-regional TLD,com,.com,global_gTLD,Global,945856,2960828,2133405,0.443355,44.3355
2026-06-04 21:00:00+00:00,Global/non-regional TLD,com,.com,global_gTLD,Global,968612,2970966,2164108,0.44758,44.758
2026-06-04 22:00:00+00:00,Global/non-regional TLD,com,.com,global_gTLD,Global,933199,2986819,2124355,0.439286,43.9286
2026-06-04 23:00:00+00:00,Global/non-regional TLD,com,.com,global_gTLD,Global,942417,2838728,2131995,0.442035,44.2035
2026-06-05 00:00:00+00:00,Global/non-regional TLD,com,.com,global_gTLD,Global,997705,3181545,2339726,0.42642,42.642
2026-06-05 01:00:00+00:00,Global/non-regional TLD,com,.com,global_gTLD,Global,946810,2973212,2311351,0.409635,40.9635
2026-06-05 02:00:00+00:00,Global/non-regional TLD,com,.com,global_gTLD,Global,967526,2959963,2319839,0.417066,41.7066
2026-06-05 03:00:00+00:00,Global/non-regional TLD,com,.com,global_gTLD,Global,1041192,3069179,2494168,0.417451,41.7451
2026-06-05 04:00:00+00:00,Global/non-regional TLD,com,.com,global_gTLD,Global,1079111,3090586,2544102,0.424162,42.4162
2026-06-05 05:00:00+00:00,Global/non-regional TLD,com,.com,global_gTLD,Global,1053540,3054894,2480128,0.424793,42.4793
2026-06-05 06:00:00+00:00,Global/non-regional TLD,com,.com,global_gTLD,Global,1004836,3009991,2374806,0.423123,42.3123
2026-06-05 07:00:00+00:00,Global/non-regional TLD,com,.com,global_gTLD,Global,1045445,3134206,2442603,0.428004,42.8004
2026-06-05 08:00:00+00:00,Global/non-regional TLD,com,.com,global_gTLD,Global,1072829,3253120,2479097,0.43275,43.275
2026-06-05 09:00:00+00:00,Global/non-regional TLD,com,.com,global_gTLD,Global,1017242,3117842,2353082,0.432302,43.2302
2026-06-05 10:00:00+00:00,Global/non-regional TLD,com,.com,global_gTLD,Global,970048,3056960,2208803,0.439174,43.9174
2026-06-05 11:00:00+00:00,Global/non-regional TLD,com,.com,global_gTLD,Global,1051211,3185478,2420888,0.434225,43.4225
2026-06-05 12:00:00+00:00,Global/non-regional TLD,com,.com,global_gTLD,Global,966910,2956619,2252768,0.42921,42.921
2026-06-05 13:00:00+00:00,Global/non-regional TLD,com,.com,global_gTLD,Global,970231,2954225,2265254,0.42831,42.831
2026-06-05 14:00:00+00:00,Global/non-regional TLD,com,.com,global_gTLD,Global,884497,2924050,2067445,0.427821,42.7821
2026-06-05 15:00:00+00:00,Global/non-regional TLD,com,.com,global_gTLD,Global,901003,2868511,2091141,0.430867,43.0867
2026-06-05 16:00:00+00:00,Global/non-regional TLD,com,.com,global_gTLD,Global,951509,2986719,2197787,0.43294,43.294
2026-06-05 17:00:00+00:00,Global/non-regional TLD,com,.com,global_gTLD,Global,902137,2914082,2102137,0.429152,42.9152
2026-06-05 18:00:00+00:00,Global/non-regional TLD,com,.com,global_gTLD,Global,942274,2984064,2149997,0.438268,43.8268
2026-06-05 19:00:00+00:00,Global/non-regional TLD,com,.com,global_gTLD,Global,934753,3057065,2138840,0.437037,43.7037
2026-06-05 20:00:00+00:00,Global/non-regional TLD,com,.com,global_gTLD,Global,917138,2964064,2155639,0.42546,42.546
2026-06-05 21:00:00+00:00,Global/non-regional TLD,com,.com,global_gTLD,Global,881334,2926883,2073218,0.425104,42.5104
2026-05-29 22:00:00+00:00,Global/non-regional TLD,dev,.dev,global_gTLD,Global,191360,828309,2332928,0.082026,8.2026
2026-05-29 23:00:00+00:00,Global/non-regional TLD,dev,.dev,global_gTLD,Global,189915,818949,2295056,0.08275,8.275
2026-05-30 00:00:00+00:00,Global/non-regional TLD,dev,.dev,global_gTLD,Global,184553,771699,2362696,0.078111,7.8111
2026-05-30 01:00:00+00:00,Global/non-regional TLD,dev,.dev,global_gTLD,Global,173360,763706,2242080,0.077321,7.7321
2026-05-30 02:00:00+00:00,Global/non-regional TLD,dev,.dev,global_gTLD,Global,166069,759154,2133739,0.07783,7.783
2026-05-30 03:00:00+00:00,Global/non-regional TLD,dev,.dev,global_gTLD,Global,160178,703307,2120890,0.075524,7.5524
2026-05-30 04:00:00+00:00,Global/non-regional TLD,dev,.dev,global_gTLD,Global,160644,688338,2156725,0.074485,7.4485
2026-05-30 05:00:00+00:00,Global/non-regional TLD,dev,.dev,global_gTLD,Global,166305,731010,2142404,0.077625,7.7625
2026-05-30 06:00:00+00:00,Global/non-regional TLD,dev,.dev,global_gTLD,Global,164334,750816,2096051,0.078402,7.8402
2026-05-30 07:00:00+00:00,Global/non-regional TLD,dev,.dev,global_gTLD,Global,173508,776471,2140460,0.081061,8.1061
2026-05-30 08:00:00+00:00,Global/non-regional TLD,dev,.dev,global_gTLD,Global,168143,719207,2151140,0.078165,7.8165
2026-05-30 09:00:00+00:00,Global/non-regional TLD,dev,.dev,global_gTLD,Global,169538,742551,2139154,0.079255,7.9255
2026-05-30 10:00:00+00:00,Global/non-regional TLD,dev,.dev,global_gTLD,Global,172895,758703,2176792,0.079427,7.9427
2026-05-30 11:00:00+00:00,Global/non-regional TLD,dev,.dev,global_gTLD,Global,174102,776070,2108629,0.082566,8.2566
2026-05-30 12:00:00+00:00,Global/non-regional TLD,dev,.dev,global_gTLD,Global,172804,761055,2159135,0.080034,8.0034
2026-05-30 13:00:00+00:00,Global/non-regional TLD,dev,.dev,global_gTLD,Global,166397,753522,2074045,0.080228,8.0228
2026-05-30 14:00:00+00:00,Global/non-regional TLD,dev,.dev,global_gTLD,Global,167898,762288,2117010,0.079309,7.9309
2026-05-30 15:00:00+00:00,Global/non-regional TLD,dev,.dev,global_gTLD,Global,157367,685409,2105704,0.074734,7.4734
2026-05-30 16:00:00+00:00,Global/non-regional TLD,dev,.dev,global_gTLD,Global,160931,704867,2247521,0.071604,7.1604
2026-05-30 17:00:00+00:00,Global/non-regional TLD,dev,.dev,global_gTLD,Global,162244,701010,2262288,0.071717,7.1717
2026-05-30 18:00:00+00:00,Global/non-regional TLD,dev,.dev,global_gTLD,Global,159590,663797,2154411,0.074076,7.4076
2026-05-30 19:00:00+00:00,Global/non-regional TLD,dev,.dev,global_gTLD,Global,154755,655264,2170138,0.071311,7.1311
2026-05-30 20:00:00+00:00,Global/non-regional TLD,dev,.dev,global_gTLD,Global,155017,634675,2112649,0.073376,7.3376
2026-05-30 21:00:00+00:00,Global/non-regional TLD,dev,.dev,global_gTLD,Global,154461,658621,2105344,0.073366,7.3366
2026-05-30 22:00:00+00:00,Global/non-regional TLD,dev,.dev,global_gTLD,Global,159031,677888,2067390,0.076924,7.6924
2026-05-30 23:00:00+00:00,Global/non-regional TLD,dev,.dev,global_gTLD,Global,145696,606750,2047428,0.07116,7.116
2026-05-31 00:00:00+00:00,Global/non-regional TLD,dev,.dev,global_gTLD,Global,155179,631391,2154167,0.072037,7.2037
2026-05-31 01:00:00+00:00,Global/non-regional TLD,dev,.dev,global_gTLD,Global,161327,643847,2119543,0.076114,7.6114
2026-05-31 02:00:00+00:00,Global/non-regional TLD,dev,.dev,global_gTLD,Global,160673,653526,2238146,0.071788,7.1788
2026-05-31 03:00:00+00:00,Global/non-regional TLD,dev,.dev,global_gTLD,Global,157992,652206,2175300,0.07263,7.263
2026-05-31 04:00:00+00:00,Global/non-regional TLD,dev,.dev,global_gTLD,Global,170256,698464,2197100,0.077491,7.7491
2026-05-31 05:00:00+00:00,Global/non-regional TLD,dev,.dev,global_gTLD,Global,166099,670474,2206624,0.075273,7.5273
2026-05-31 06:00:00+00:00,Global/non-regional TLD,dev,.dev,global_gTLD,Global,170413,702092,2207397,0.077201,7.7201
2026-05-31 07:00:00+00:00,Global/non-regional TLD,dev,.dev,global_gTLD,Global,163885,673660,2240162,0.073158,7.3158
2026-05-31 08:00:00+00:00,Global/non-regional TLD,dev,.dev,global_gTLD,Global,168427,676526,2213538,0.07609,7.609
2026-05-31 09:00:00+00:00,Global/non-regional TLD,dev,.dev,global_gTLD,Global,162962,664904,2188991,0.074446,7.4446
2026-05-31 10:00:00+00:00,Global/non-regional TLD,dev,.dev,global_gTLD,Global,154000,632571,2163451,0.071183,7.1183
2026-05-31 11:00:00+00:00,Global/non-regional TLD,dev,.dev,global_gTLD,Global,153003,644546,2123605,0.072049,7.2049
2026-05-31 12:00:00+00:00,Global/non-regional TLD,dev,.dev,global_gTLD,Global,154222,668665,2113554,0.072968,7.2968
2026-05-31 13:00:00+00:00,Global/non-regional TLD,dev,.dev,global_gTLD,Global,160427,688543,2165273,0.074091,7.4091
2026-05-31 14:00:00+00:00,Global/non-regional TLD,dev,.dev,global_gTLD,Global,154422,633730,2154309,0.071681,7.1681
2026-05-31 15:00:00+00:00,Global/non-regional TLD,dev,.dev,global_gTLD,Global,157575,653069,2168629,0.072661,7.2661
2026-05-31 16:00:00+00:00,Global/non-regional TLD,dev,.dev,global_gTLD,Global,160747,664685,2198881,0.073104,7.3104
2026-05-31 17:00:00+00:00,Global/non-regional TLD,dev,.dev,global_gTLD,Global,162053,666421,2172192,0.074603,7.4603
2026-05-31 18:00:00+00:00,Global/non-regional TLD,dev,.dev,global_gTLD,Global,158889,639167,2149404,0.073922,7.3922
2026-05-31 19:00:00+00:00,Global/non-regional TLD,dev,.dev,global_gTLD,Global,159372,641828,2182144,0.073035,7.3035
2026-05-31 20:00:00+00:00,Global/non-regional TLD,dev,.dev,global_gTLD,Global,142890,580424,2041152,0.070005,7.0005
2026-05-31 21:00:00+00:00,Global/non-regional TLD,dev,.dev,global_gTLD,Global,146580,602127,2030089,0.072204,7.2204
2026-05-31 22:00:00+00:00,Global/non-regional TLD,dev,.dev,global_gTLD,Global,143878,599224,2046059,0.07032,7.032
2026-05-31 23:00:00+00:00,Global/non-regional TLD,dev,.dev,global_gTLD,Global,141217,602991,2018518,0.069961,6.9961
2026-06-01 00:00:00+00:00,Global/non-regional TLD,dev,.dev,global_gTLD,Global,140503,586608,2148359,0.0654,6.54
2026-06-01 01:00:00+00:00,Global/non-regional TLD,dev,.dev,global_gTLD,Global,139626,588988,2026865,0.068888,6.8888
2026-06-01 02:00:00+00:00,Global/non-regional TLD,dev,.dev,global_gTLD,Global,135728,540639,2005488,0.067678,6.7678
2026-06-01 03:00:00+00:00,Global/non-regional TLD,dev,.dev,global_gTLD,Global,152274,639688,2099572,0.072526,7.2526
2026-06-01 04:00:00+00:00,Global/non-regional TLD,dev,.dev,global_gTLD,Global,141834,596226,2020543,0.070196,7.0196
2026-06-01 05:00:00+00:00,Global/non-regional TLD,dev,.dev,global_gTLD,Global,147817,627787,2079677,0.071077,7.1077
2026-06-01 06:00:00+00:00,Global/non-regional TLD,dev,.dev,global_gTLD,Global,158954,651644,2137363,0.074369,7.4369
2026-06-01 07:00:00+00:00,Global/non-regional TLD,dev,.dev,global_gTLD,Global,156503,665661,2165659,0.072266,7.2266
2026-06-01 08:00:00+00:00,Global/non-regional TLD,dev,.dev,global_gTLD,Global,158893,672564,2174019,0.073087,7.3087
2026-06-01 09:00:00+00:00,Global/non-regional TLD,dev,.dev,global_gTLD,Global,159157,665466,2187339,0.072763,7.2763
2026-06-01 10:00:00+00:00,Global/non-regional TLD,dev,.dev,global_gTLD,Global,151933,641534,2141495,0.070947,7.0947
2026-06-01 11:00:00+00:00,Global/non-regional TLD,dev,.dev,global_gTLD,Global,155861,643069,2152631,0.072405,7.2405
2026-06-01 12:00:00+00:00,Global/non-regional TLD,dev,.dev,global_gTLD,Global,147015,604465,2081322,0.070635,7.0635
2026-06-01 13:00:00+00:00,Global/non-regional TLD,dev,.dev,global_gTLD,Global,141778,564082,2011862,0.070471,7.0471
2026-06-01 14:00:00+00:00,Global/non-regional TLD,dev,.dev,global_gTLD,Global,147297,641052,2082264,0.070739,7.0739
2026-06-01 15:00:00+00:00,Global/non-regional TLD,dev,.dev,global_gTLD,Global,148747,643731,2044469,0.072756,7.2756
2026-06-01 16:00:00+00:00,Global/non-regional TLD,dev,.dev,global_gTLD,Global,158836,702066,2084375,0.076203,7.6203
2026-06-01 17:00:00+00:00,Global/non-regional TLD,dev,.dev,global_gTLD,Global,176012,824681,2094102,0.084051,8.4051
2026-06-01 18:00:00+00:00,Global/non-regional TLD,dev,.dev,global_gTLD,Global,151592,634422,2041265,0.074264,7.4264
2026-06-01 19:00:00+00:00,Global/non-regional TLD,dev,.dev,global_gTLD,Global,160309,684925,2089976,0.076704,7.6704
2026-06-01 20:00:00+00:00,Global/non-regional TLD,dev,.dev,global_gTLD,Global,166648,698369,2032954,0.081973,8.1973
2026-06-01 21:00:00+00:00,Global/non-regional TLD,dev,.dev,global_gTLD,Global,169592,730707,2097478,0.080855,8.0855
2026-06-01 22:00:00+00:00,Global/non-regional TLD,dev,.dev,global_gTLD,Global,170618,753390,2094668,0.081453,8.1453
2026-06-01 23:00:00+00:00,Global/non-regional TLD,dev,.dev,global_gTLD,Global,164392,728652,2015548,0.081562,8.1562
2026-06-02 00:00:00+00:00,Global/non-regional TLD,dev,.dev,global_gTLD,Global,282772,1442424,2087394,0.135467,13.5467
2026-06-02 01:00:00+00:00,Global/non-regional TLD,dev,.dev,global_gTLD,Global,336968,1624597,2196865,0.153386,15.3386
2026-06-02 02:00:00+00:00,Global/non-regional TLD,dev,.dev,global_gTLD,Global,313440,1432054,2173823,0.144188,14.4188
2026-06-02 03:00:00+00:00,Global/non-regional TLD,dev,.dev,global_gTLD,Global,286694,1299720,2216079,0.12937,12.937
2026-06-02 04:00:00+00:00,Global/non-regional TLD,dev,.dev,global_gTLD,Global,259882,1056671,2296685,0.113155,11.3155
2026-06-02 05:00:00+00:00,Global/non-regional TLD,dev,.dev,global_gTLD,Global,233044,972472,2273161,0.10252,10.252
2026-06-02 06:00:00+00:00,Global/non-regional TLD,dev,.dev,global_gTLD,Global,182806,774037,2148978,0.085066,8.5066
2026-06-02 07:00:00+00:00,Global/non-regional TLD,dev,.dev,global_gTLD,Global,164021,740363,2088732,0.078527,7.8527
2026-06-02 08:00:00+00:00,Global/non-regional TLD,dev,.dev,global_gTLD,Global,177460,907684,2148962,0.082579,8.2579
2026-06-02 09:00:00+00:00,Global/non-regional TLD,dev,.dev,global_gTLD,Global,197514,1013004,2290072,0.086248,8.6248
2026-06-02 10:00:00+00:00,Global/non-regional TLD,dev,.dev,global_gTLD,Global,183208,903549,2153192,0.085087,8.5087
2026-06-02 11:00:00+00:00,Global/non-regional TLD,dev,.dev,global_gTLD,Global,185957,913321,2124459,0.087531,8.7531
2026-06-02 12:00:00+00:00,Global/non-regional TLD,dev,.dev,global_gTLD,Global,162506,851676,2023353,0.080315,8.0315
2026-06-02 13:00:00+00:00,Global/non-regional TLD,dev,.dev,global_gTLD,Global,175754,894840,2060524,0.085296,8.5296
2026-06-02 14:00:00+00:00,Global/non-regional TLD,dev,.dev,global_gTLD,Global,164183,802683,2061331,0.079649,7.9649
2026-06-02 15:00:00+00:00,Global/non-regional TLD,dev,.dev,global_gTLD,Global,173521,873875,2086290,0.083172,8.3172
2026-06-02 16:00:00+00:00,Global/non-regional TLD,dev,.dev,global_gTLD,Global,205905,1089107,2202717,0.093478,9.3478
2026-06-02 17:00:00+00:00,Global/non-regional TLD,dev,.dev,global_gTLD,Global,217188,1074077,2424665,0.089574,8.9574
2026-06-02 18:00:00+00:00,Global/non-regional TLD,dev,.dev,global_gTLD,Global,223963,1228136,2298686,0.097431,9.7431
2026-06-02 19:00:00+00:00,Global/non-regional TLD,dev,.dev,global_gTLD,Global,202279,1124910,2132312,0.094864,9.4864
2026-06-02 20:00:00+00:00,Global/non-regional TLD,dev,.dev,global_gTLD,Global,196037,1088529,2161165,0.090709,9.0709
2026-06-02 21:00:00+00:00,Global/non-regional TLD,dev,.dev,global_gTLD,Global,183689,975782,2160020,0.08504,8.504
2026-06-02 22:00:00+00:00,Global/non-regional TLD,dev,.dev,global_gTLD,Global,172020,885610,2113116,0.081406,8.1406
2026-06-02 23:00:00+00:00,Global/non-regional TLD,dev,.dev,global_gTLD,Global,170672,863029,2020824,0.084457,8.4457
2026-06-03 00:00:00+00:00,Global/non-regional TLD,dev,.dev,global_gTLD,Global,270258,1553565,2246419,0.120306,12.0306
2026-06-03 01:00:00+00:00,Global/non-regional TLD,dev,.dev,global_gTLD,Global,319731,1431329,2309096,0.138466,13.8466
2026-06-03 02:00:00+00:00,Global/non-regional TLD,dev,.dev,global_gTLD,Global,305971,1348022,2250452,0.13596,13.596
2026-06-03 03:00:00+00:00,Global/non-regional TLD,dev,.dev,global_gTLD,Global,313339,1391835,2356140,0.132988,13.2988
2026-06-03 04:00:00+00:00,Global/non-regional TLD,dev,.dev,global_gTLD,Global,269396,1087690,2369542,0.113691,11.3691
2026-06-03 05:00:00+00:00,Global/non-regional TLD,dev,.dev,global_gTLD,Global,226629,1008558,2217957,0.102179,10.2179
2026-06-03 06:00:00+00:00,Global/non-regional TLD,dev,.dev,global_gTLD,Global,213837,1040827,2054870,0.104064,10.4064
2026-06-03 07:00:00+00:00,Global/non-regional TLD,dev,.dev,global_gTLD,Global,195352,995094,2027905,0.096332,9.6332
2026-06-03 08:00:00+00:00,Global/non-regional TLD,dev,.dev,global_gTLD,Global,202305,1052654,2049202,0.098724,9.8724
2026-06-03 09:00:00+00:00,Global/non-regional TLD,dev,.dev,global_gTLD,Global,200472,1025217,2009267,0.099774,9.9774
2026-06-03 10:00:00+00:00,Global/non-regional TLD,dev,.dev,global_gTLD,Global,201999,1043269,1965246,0.102786,10.2786
2026-06-03 11:00:00+00:00,Global/non-regional TLD,dev,.dev,global_gTLD,Global,191173,990313,2318995,0.082438,8.2438
2026-06-03 12:00:00+00:00,Global/non-regional TLD,dev,.dev,global_gTLD,Global,169610,825554,2201845,0.077031,7.7031
2026-06-03 13:00:00+00:00,Global/non-regional TLD,dev,.dev,global_gTLD,Global,178258,912909,2144200,0.083135,8.3135
2026-06-03 14:00:00+00:00,Global/non-regional TLD,dev,.dev,global_gTLD,Global,182375,942779,2128313,0.08569,8.569
2026-06-03 15:00:00+00:00,Global/non-regional TLD,dev,.dev,global_gTLD,Global,175381,877118,2086575,0.084052,8.4052
2026-06-03 16:00:00+00:00,Global/non-regional TLD,dev,.dev,global_gTLD,Global,177086,899033,2161287,0.081935,8.1935
2026-06-03 17:00:00+00:00,Global/non-regional TLD,dev,.dev,global_gTLD,Global,183314,929232,2106235,0.087034,8.7034
2026-06-03 18:00:00+00:00,Global/non-regional TLD,dev,.dev,global_gTLD,Global,188555,959190,2172410,0.086795,8.6795
2026-06-03 19:00:00+00:00,Global/non-regional TLD,dev,.dev,global_gTLD,Global,181517,873712,2151258,0.084377,8.4377
2026-06-03 20:00:00+00:00,Global/non-regional TLD,dev,.dev,global_gTLD,Global,175355,852816,2141054,0.081901,8.1901
2026-06-03 21:00:00+00:00,Global/non-regional TLD,dev,.dev,global_gTLD,Global,169817,837690,2137322,0.079453,7.9453
2026-06-03 22:00:00+00:00,Global/non-regional TLD,dev,.dev,global_gTLD,Global,175448,856553,2151290,0.081555,8.1555
2026-06-03 23:00:00+00:00,Global/non-regional TLD,dev,.dev,global_gTLD,Global,182319,933684,2163645,0.084265,8.4265
2026-06-04 00:00:00+00:00,Global/non-regional TLD,dev,.dev,global_gTLD,Global,314191,1840943,2424116,0.129611,12.9611
2026-06-04 01:00:00+00:00,Global/non-regional TLD,dev,.dev,global_gTLD,Global,359579,1700593,2417692,0.148728,14.8728
2026-06-04 02:00:00+00:00,Global/non-regional TLD,dev,.dev,global_gTLD,Global,347384,1625768,2412098,0.144017,14.4017
2026-06-04 03:00:00+00:00,Global/non-regional TLD,dev,.dev,global_gTLD,Global,308135,1419311,2404032,0.128174,12.8174
2026-06-04 04:00:00+00:00,Global/non-regional TLD,dev,.dev,global_gTLD,Global,267531,1140606,2371524,0.11281,11.281
2026-06-04 05:00:00+00:00,Global/non-regional TLD,dev,.dev,global_gTLD,Global,249088,1063874,2320689,0.107334,10.7334
2026-06-04 06:00:00+00:00,Global/non-regional TLD,dev,.dev,global_gTLD,Global,212006,953803,2287783,0.092669,9.2669
2026-06-04 07:00:00+00:00,Global/non-regional TLD,dev,.dev,global_gTLD,Global,249163,1084727,2347648,0.106133,10.6133
2026-06-04 08:00:00+00:00,Global/non-regional TLD,dev,.dev,global_gTLD,Global,263942,1120547,2340562,0.112769,11.2769
2026-06-04 09:00:00+00:00,Global/non-regional TLD,dev,.dev,global_gTLD,Global,268848,1305747,2340969,0.114845,11.4845
2026-06-04 10:00:00+00:00,Global/non-regional TLD,dev,.dev,global_gTLD,Global,245616,1146500,2300655,0.106759,10.6759
2026-06-04 11:00:00+00:00,Global/non-regional TLD,dev,.dev,global_gTLD,Global,215825,866446,2205874,0.097841,9.7841
2026-06-04 12:00:00+00:00,Global/non-regional TLD,dev,.dev,global_gTLD,Global,234003,957460,2375528,0.098506,9.8506
2026-06-04 13:00:00+00:00,Global/non-regional TLD,dev,.dev,global_gTLD,Global,230895,959622,2248654,0.102681,10.2681
2026-06-04 14:00:00+00:00,Global/non-regional TLD,dev,.dev,global_gTLD,Global,201018,982254,2118548,0.094885,9.4885
2026-06-04 15:00:00+00:00,Global/non-regional TLD,dev,.dev,global_gTLD,Global,210215,1001153,2271272,0.092554,9.2554
2026-06-04 16:00:00+00:00,Global/non-regional TLD,dev,.dev,global_gTLD,Global,211204,1099785,2161557,0.097709,9.7709
2026-06-04 17:00:00+00:00,Global/non-regional TLD,dev,.dev,global_gTLD,Global,197994,951758,2141359,0.092462,9.2462
2026-06-04 18:00:00+00:00,Global/non-regional TLD,dev,.dev,global_gTLD,Global,200694,928281,2178286,0.092134,9.2134
2026-06-04 19:00:00+00:00,Global/non-regional TLD,dev,.dev,global_gTLD,Global,188281,884167,2182910,0.086252,8.6252
2026-06-04 20:00:00+00:00,Global/non-regional TLD,dev,.dev,global_gTLD,Global,197579,971007,2133405,0.092612,9.2612
2026-06-04 21:00:00+00:00,Global/non-regional TLD,dev,.dev,global_gTLD,Global,194608,986837,2164108,0.089925,8.9925
2026-06-04 22:00:00+00:00,Global/non-regional TLD,dev,.dev,global_gTLD,Global,207452,1053475,2124355,0.097654,9.7654
2026-06-04 23:00:00+00:00,Global/non-regional TLD,dev,.dev,global_gTLD,Global,203141,990397,2131995,0.095282,9.5282
2026-06-05 00:00:00+00:00,Global/non-regional TLD,dev,.dev,global_gTLD,Global,294176,1603786,2339726,0.125731,12.5731
2026-06-05 01:00:00+00:00,Global/non-regional TLD,dev,.dev,global_gTLD,Global,348488,1496749,2311351,0.150772,15.0772
2026-06-05 02:00:00+00:00,Global/non-regional TLD,dev,.dev,global_gTLD,Global,322281,1427360,2319839,0.138924,13.8924
2026-06-05 03:00:00+00:00,Global/non-regional TLD,dev,.dev,global_gTLD,Global,329722,1454618,2494168,0.132197,13.2197
2026-06-05 04:00:00+00:00,Global/non-regional TLD,dev,.dev,global_gTLD,Global,292607,1130838,2544102,0.115014,11.5014
2026-06-05 05:00:00+00:00,Global/non-regional TLD,dev,.dev,global_gTLD,Global,282104,1130463,2480128,0.113746,11.3746
2026-06-05 06:00:00+00:00,Global/non-regional TLD,dev,.dev,global_gTLD,Global,260280,1076164,2374806,0.109601,10.9601
2026-06-05 07:00:00+00:00,Global/non-regional TLD,dev,.dev,global_gTLD,Global,245230,1063475,2442603,0.100397,10.0397
2026-06-05 08:00:00+00:00,Global/non-regional TLD,dev,.dev,global_gTLD,Global,225555,1008632,2479097,0.090983,9.0983
2026-06-05 09:00:00+00:00,Global/non-regional TLD,dev,.dev,global_gTLD,Global,215228,1026384,2353082,0.091466,9.1466
2026-06-05 10:00:00+00:00,Global/non-regional TLD,dev,.dev,global_gTLD,Global,198258,925606,2208803,0.089758,8.9758
2026-06-05 11:00:00+00:00,Global/non-regional TLD,dev,.dev,global_gTLD,Global,228599,1029604,2420888,0.094428,9.4428
2026-06-05 12:00:00+00:00,Global/non-regional TLD,dev,.dev,global_gTLD,Global,216269,1028215,2252768,0.096001,9.6001
2026-06-05 13:00:00+00:00,Global/non-regional TLD,dev,.dev,global_gTLD,Global,218619,1064800,2265254,0.09651,9.651
2026-06-05 14:00:00+00:00,Global/non-regional TLD,dev,.dev,global_gTLD,Global,218246,1088549,2067445,0.105563,10.5563
2026-06-05 15:00:00+00:00,Global/non-regional TLD,dev,.dev,global_gTLD,Global,207737,999173,2091141,0.099341,9.9341
2026-06-05 16:00:00+00:00,Global/non-regional TLD,dev,.dev,global_gTLD,Global,201453,982175,2197787,0.091662,9.1662
2026-06-05 17:00:00+00:00,Global/non-regional TLD,dev,.dev,global_gTLD,Global,221813,1094311,2102137,0.105518,10.5518
2026-06-05 18:00:00+00:00,Global/non-regional TLD,dev,.dev,global_gTLD,Global,213930,1071496,2149997,0.099502,9.9502
2026-06-05 19:00:00+00:00,Global/non-regional TLD,dev,.dev,global_gTLD,Global,225699,1158932,2138840,0.105524,10.5524
2026-06-05 20:00:00+00:00,Global/non-regional TLD,dev,.dev,global_gTLD,Global,237077,1261147,2155639,0.10998,10.998
2026-06-05 21:00:00+00:00,Global/non-regional TLD,dev,.dev,global_gTLD,Global,229183,1236179,2073218,0.110545,11.0545
2026-05-29 22:00:00+00:00,Global/non-regional TLD,io,.io,globalized_ccTLD,Global,68145,183852,2332928,0.02921,2.921
2026-05-29 23:00:00+00:00,Global/non-regional TLD,io,.io,globalized_ccTLD,Global,64761,182301,2295056,0.028218,2.8218
2026-05-30 00:00:00+00:00,Global/non-regional TLD,io,.io,globalized_ccTLD,Global,65515,183390,2362696,0.027729,2.7729
2026-05-30 01:00:00+00:00,Global/non-regional TLD,io,.io,globalized_ccTLD,Global,61386,174600,2242080,0.027379,2.7379
2026-05-30 02:00:00+00:00,Global/non-regional TLD,io,.io,globalized_ccTLD,Global,60257,186123,2133739,0.02824,2.824
2026-05-30 03:00:00+00:00,Global/non-regional TLD,io,.io,globalized_ccTLD,Global,59768,161419,2120890,0.028181,2.8181
2026-05-30 04:00:00+00:00,Global/non-regional TLD,io,.io,globalized_ccTLD,Global,60817,167744,2156725,0.028199,2.8199
2026-05-30 05:00:00+00:00,Global/non-regional TLD,io,.io,globalized_ccTLD,Global,59580,167372,2142404,0.02781,2.781
2026-05-30 06:00:00+00:00,Global/non-regional TLD,io,.io,globalized_ccTLD,Global,62423,187265,2096051,0.029781,2.9781
2026-05-30 07:00:00+00:00,Global/non-regional TLD,io,.io,globalized_ccTLD,Global,66534,192407,2140460,0.031084,3.1084
2026-05-30 08:00:00+00:00,Global/non-regional TLD,io,.io,globalized_ccTLD,Global,59629,179480,2151140,0.02772,2.772
2026-05-30 09:00:00+00:00,Global/non-regional TLD,io,.io,globalized_ccTLD,Global,58766,171228,2139154,0.027472,2.7472
2026-05-30 10:00:00+00:00,Global/non-regional TLD,io,.io,globalized_ccTLD,Global,60791,183472,2176792,0.027927,2.7927
2026-05-30 11:00:00+00:00,Global/non-regional TLD,io,.io,globalized_ccTLD,Global,59348,176638,2108629,0.028145,2.8145
2026-05-30 12:00:00+00:00,Global/non-regional TLD,io,.io,globalized_ccTLD,Global,67172,202682,2159135,0.031111,3.1111
2026-05-30 13:00:00+00:00,Global/non-regional TLD,io,.io,globalized_ccTLD,Global,62676,187846,2074045,0.030219,3.0219
2026-05-30 14:00:00+00:00,Global/non-regional TLD,io,.io,globalized_ccTLD,Global,63768,187546,2117010,0.030122,3.0122
2026-05-30 15:00:00+00:00,Global/non-regional TLD,io,.io,globalized_ccTLD,Global,64191,190511,2105704,0.030484,3.0484
2026-05-30 16:00:00+00:00,Global/non-regional TLD,io,.io,globalized_ccTLD,Global,65523,197392,2247521,0.029153,2.9153
2026-05-30 17:00:00+00:00,Global/non-regional TLD,io,.io,globalized_ccTLD,Global,77018,245600,2262288,0.034044,3.4044
2026-05-30 18:00:00+00:00,Global/non-regional TLD,io,.io,globalized_ccTLD,Global,67726,212260,2154411,0.031436,3.1436
2026-05-30 19:00:00+00:00,Global/non-regional TLD,io,.io,globalized_ccTLD,Global,69978,210043,2170138,0.032246,3.2246
2026-05-30 20:00:00+00:00,Global/non-regional TLD,io,.io,globalized_ccTLD,Global,67527,197921,2112649,0.031963,3.1963
2026-05-30 21:00:00+00:00,Global/non-regional TLD,io,.io,globalized_ccTLD,Global,71033,208927,2105344,0.033739,3.3739
2026-05-30 22:00:00+00:00,Global/non-regional TLD,io,.io,globalized_ccTLD,Global,72903,220443,2067390,0.035263,3.5263
2026-05-30 23:00:00+00:00,Global/non-regional TLD,io,.io,globalized_ccTLD,Global,70338,198317,2047428,0.034354,3.4354
2026-05-31 00:00:00+00:00,Global/non-regional TLD,io,.io,globalized_ccTLD,Global,81098,241343,2154167,0.037647,3.7647
2026-05-31 01:00:00+00:00,Global/non-regional TLD,io,.io,globalized_ccTLD,Global,75639,220293,2119543,0.035686,3.5686
2026-05-31 02:00:00+00:00,Global/non-regional TLD,io,.io,globalized_ccTLD,Global,77159,232333,2238146,0.034475,3.4475
2026-05-31 03:00:00+00:00,Global/non-regional TLD,io,.io,globalized_ccTLD,Global,77768,225104,2175300,0.03575,3.575
2026-05-31 04:00:00+00:00,Global/non-regional TLD,io,.io,globalized_ccTLD,Global,77398,222300,2197100,0.035227,3.5227
2026-05-31 05:00:00+00:00,Global/non-regional TLD,io,.io,globalized_ccTLD,Global,81766,235929,2206624,0.037055,3.7055
2026-05-31 06:00:00+00:00,Global/non-regional TLD,io,.io,globalized_ccTLD,Global,82057,238156,2207397,0.037174,3.7174
2026-05-31 07:00:00+00:00,Global/non-regional TLD,io,.io,globalized_ccTLD,Global,82596,250098,2240162,0.036871,3.6871
2026-05-31 08:00:00+00:00,Global/non-regional TLD,io,.io,globalized_ccTLD,Global,79098,238457,2213538,0.035734,3.5734
2026-05-31 09:00:00+00:00,Global/non-regional TLD,io,.io,globalized_ccTLD,Global,83286,258262,2188991,0.038048,3.8048
2026-05-31 10:00:00+00:00,Global/non-regional TLD,io,.io,globalized_ccTLD,Global,78999,243146,2163451,0.036515,3.6515
2026-05-31 11:00:00+00:00,Global/non-regional TLD,io,.io,globalized_ccTLD,Global,83097,252735,2123605,0.03913,3.913
2026-05-31 12:00:00+00:00,Global/non-regional TLD,io,.io,globalized_ccTLD,Global,83761,273240,2113554,0.03963,3.963
2026-05-31 13:00:00+00:00,Global/non-regional TLD,io,.io,globalized_ccTLD,Global,84369,260273,2165273,0.038965,3.8965
2026-05-31 14:00:00+00:00,Global/non-regional TLD,io,.io,globalized_ccTLD,Global,79933,246540,2154309,0.037104,3.7104
2026-05-31 15:00:00+00:00,Global/non-regional TLD,io,.io,globalized_ccTLD,Global,80091,244199,2168629,0.036932,3.6932
2026-05-31 16:00:00+00:00,Global/non-regional TLD,io,.io,globalized_ccTLD,Global,82962,259339,2198881,0.037729,3.7729
2026-05-31 17:00:00+00:00,Global/non-regional TLD,io,.io,globalized_ccTLD,Global,87948,275431,2172192,0.040488,4.0488
2026-05-31 18:00:00+00:00,Global/non-regional TLD,io,.io,globalized_ccTLD,Global,80311,238039,2149404,0.037364,3.7364
2026-05-31 19:00:00+00:00,Global/non-regional TLD,io,.io,globalized_ccTLD,Global,79968,223315,2182144,0.036647,3.6647
2026-05-31 20:00:00+00:00,Global/non-regional TLD,io,.io,globalized_ccTLD,Global,80952,224498,2041152,0.03966,3.966
2026-05-31 21:00:00+00:00,Global/non-regional TLD,io,.io,globalized_ccTLD,Global,74043,209669,2030089,0.036473,3.6473
2026-05-31 22:00:00+00:00,Global/non-regional TLD,io,.io,globalized_ccTLD,Global,71974,214759,2046059,0.035177,3.5177
2026-05-31 23:00:00+00:00,Global/non-regional TLD,io,.io,globalized_ccTLD,Global,69999,208489,2018518,0.034678,3.4678
2026-06-01 00:00:00+00:00,Global/non-regional TLD,io,.io,globalized_ccTLD,Global,77344,229108,2148359,0.036001,3.6001
2026-06-01 01:00:00+00:00,Global/non-regional TLD,io,.io,globalized_ccTLD,Global,72737,211851,2026865,0.035886,3.5886
2026-06-01 02:00:00+00:00,Global/non-regional TLD,io,.io,globalized_ccTLD,Global,64909,201407,2005488,0.032366,3.2366
2026-06-01 03:00:00+00:00,Global/non-regional TLD,io,.io,globalized_ccTLD,Global,65628,198757,2099572,0.031258,3.1258
2026-06-01 04:00:00+00:00,Global/non-regional TLD,io,.io,globalized_ccTLD,Global,65231,202829,2020543,0.032284,3.2284
2026-06-01 05:00:00+00:00,Global/non-regional TLD,io,.io,globalized_ccTLD,Global,68623,201889,2079677,0.032997,3.2997
2026-06-01 06:00:00+00:00,Global/non-regional TLD,io,.io,globalized_ccTLD,Global,67011,207077,2137363,0.031352,3.1352
2026-06-01 07:00:00+00:00,Global/non-regional TLD,io,.io,globalized_ccTLD,Global,75270,241903,2165659,0.034756,3.4756
2026-06-01 08:00:00+00:00,Global/non-regional TLD,io,.io,globalized_ccTLD,Global,68026,216021,2174019,0.03129,3.129
2026-06-01 09:00:00+00:00,Global/non-regional TLD,io,.io,globalized_ccTLD,Global,69465,223247,2187339,0.031758,3.1758
2026-06-01 10:00:00+00:00,Global/non-regional TLD,io,.io,globalized_ccTLD,Global,69716,220305,2141495,0.032555,3.2555
2026-06-01 11:00:00+00:00,Global/non-regional TLD,io,.io,globalized_ccTLD,Global,67576,214603,2152631,0.031392,3.1392
2026-06-01 12:00:00+00:00,Global/non-regional TLD,io,.io,globalized_ccTLD,Global,69067,218814,2081322,0.033184,3.3184
2026-06-01 13:00:00+00:00,Global/non-regional TLD,io,.io,globalized_ccTLD,Global,63915,198800,2011862,0.031769,3.1769
2026-06-01 14:00:00+00:00,Global/non-regional TLD,io,.io,globalized_ccTLD,Global,62784,205623,2082264,0.030152,3.0152
2026-06-01 15:00:00+00:00,Global/non-regional TLD,io,.io,globalized_ccTLD,Global,64600,201071,2044469,0.031597,3.1597
2026-06-01 16:00:00+00:00,Global/non-regional TLD,io,.io,globalized_ccTLD,Global,62392,187272,2084375,0.029933,2.9933
2026-06-01 17:00:00+00:00,Global/non-regional TLD,io,.io,globalized_ccTLD,Global,64497,207000,2094102,0.030799,3.0799
2026-06-01 18:00:00+00:00,Global/non-regional TLD,io,.io,globalized_ccTLD,Global,61497,185679,2041265,0.030127,3.0127
2026-06-01 19:00:00+00:00,Global/non-regional TLD,io,.io,globalized_ccTLD,Global,59422,178801,2089976,0.028432,2.8432
2026-06-01 20:00:00+00:00,Global/non-regional TLD,io,.io,globalized_ccTLD,Global,57889,171338,2032954,0.028475,2.8475
2026-06-01 21:00:00+00:00,Global/non-regional TLD,io,.io,globalized_ccTLD,Global,58428,167609,2097478,0.027856,2.7856
2026-06-01 22:00:00+00:00,Global/non-regional TLD,io,.io,globalized_ccTLD,Global,56896,166219,2094668,0.027162,2.7162
2026-06-01 23:00:00+00:00,Global/non-regional TLD,io,.io,globalized_ccTLD,Global,55471,160718,2015548,0.027522,2.7522
2026-06-02 00:00:00+00:00,Global/non-regional TLD,io,.io,globalized_ccTLD,Global,54863,175605,2087394,0.026283,2.6283
2026-06-02 01:00:00+00:00,Global/non-regional TLD,io,.io,globalized_ccTLD,Global,56025,176144,2196865,0.025502,2.5502
2026-06-02 02:00:00+00:00,Global/non-regional TLD,io,.io,globalized_ccTLD,Global,56306,173756,2173823,0.025902,2.5902
2026-06-02 03:00:00+00:00,Global/non-regional TLD,io,.io,globalized_ccTLD,Global,55388,160596,2216079,0.024994,2.4994
2026-06-02 04:00:00+00:00,Global/non-regional TLD,io,.io,globalized_ccTLD,Global,55453,161337,2296685,0.024145,2.4145
2026-06-02 05:00:00+00:00,Global/non-regional TLD,io,.io,globalized_ccTLD,Global,56930,169873,2273161,0.025044,2.5044
2026-06-02 06:00:00+00:00,Global/non-regional TLD,io,.io,globalized_ccTLD,Global,60508,189358,2148978,0.028157,2.8157
2026-06-02 07:00:00+00:00,Global/non-regional TLD,io,.io,globalized_ccTLD,Global,57403,185832,2088732,0.027482,2.7482
2026-06-02 08:00:00+00:00,Global/non-regional TLD,io,.io,globalized_ccTLD,Global,57960,191464,2148962,0.026971,2.6971
2026-06-02 09:00:00+00:00,Global/non-regional TLD,io,.io,globalized_ccTLD,Global,64065,200550,2290072,0.027975,2.7975
2026-06-02 10:00:00+00:00,Global/non-regional TLD,io,.io,globalized_ccTLD,Global,57599,191401,2153192,0.026751,2.6751
2026-06-02 11:00:00+00:00,Global/non-regional TLD,io,.io,globalized_ccTLD,Global,58873,198193,2124459,0.027712,2.7712
2026-06-02 12:00:00+00:00,Global/non-regional TLD,io,.io,globalized_ccTLD,Global,65392,228261,2023353,0.032319,3.2319
2026-06-02 13:00:00+00:00,Global/non-regional TLD,io,.io,globalized_ccTLD,Global,61317,207180,2060524,0.029758,2.9758
2026-06-02 14:00:00+00:00,Global/non-regional TLD,io,.io,globalized_ccTLD,Global,61559,205644,2061331,0.029864,2.9864
2026-06-02 15:00:00+00:00,Global/non-regional TLD,io,.io,globalized_ccTLD,Global,57653,195360,2086290,0.027634,2.7634
2026-06-02 16:00:00+00:00,Global/non-regional TLD,io,.io,globalized_ccTLD,Global,56871,180677,2202717,0.025819,2.5819
2026-06-02 17:00:00+00:00,Global/non-regional TLD,io,.io,globalized_ccTLD,Global,71645,245696,2424665,0.029548,2.9548
2026-06-02 18:00:00+00:00,Global/non-regional TLD,io,.io,globalized_ccTLD,Global,58710,188589,2298686,0.025541,2.5541
2026-06-02 19:00:00+00:00,Global/non-regional TLD,io,.io,globalized_ccTLD,Global,56092,181878,2132312,0.026306,2.6306
2026-06-02 20:00:00+00:00,Global/non-regional TLD,io,.io,globalized_ccTLD,Global,56889,181217,2161165,0.026323,2.6323
2026-06-02 21:00:00+00:00,Global/non-regional TLD,io,.io,globalized_ccTLD,Global,54071,174336,2160020,0.025033,2.5033
2026-06-02 22:00:00+00:00,Global/non-regional TLD,io,.io,globalized_ccTLD,Global,54949,169604,2113116,0.026004,2.6004
2026-06-02 23:00:00+00:00,Global/non-regional TLD,io,.io,globalized_ccTLD,Global,51273,163690,2020824,0.025372,2.5372
2026-06-03 00:00:00+00:00,Global/non-regional TLD,io,.io,globalized_ccTLD,Global,56737,185478,2246419,0.025257,2.5257
2026-06-03 01:00:00+00:00,Global/non-regional TLD,io,.io,globalized_ccTLD,Global,56631,176581,2309096,0.024525,2.4525
2026-06-03 02:00:00+00:00,Global/non-regional TLD,io,.io,globalized_ccTLD,Global,56246,179618,2250452,0.024993,2.4993
2026-06-03 03:00:00+00:00,Global/non-regional TLD,io,.io,globalized_ccTLD,Global,55181,158653,2356140,0.02342,2.342
2026-06-03 04:00:00+00:00,Global/non-regional TLD,io,.io,globalized_ccTLD,Global,62234,179731,2369542,0.026264,2.6264
2026-06-03 05:00:00+00:00,Global/non-regional TLD,io,.io,globalized_ccTLD,Global,55079,167142,2217957,0.024833,2.4833
2026-06-03 06:00:00+00:00,Global/non-regional TLD,io,.io,globalized_ccTLD,Global,53086,147993,2054870,0.025834,2.5834
2026-06-03 07:00:00+00:00,Global/non-regional TLD,io,.io,globalized_ccTLD,Global,52770,146045,2027905,0.026022,2.6022
2026-06-03 08:00:00+00:00,Global/non-regional TLD,io,.io,globalized_ccTLD,Global,57062,160788,2049202,0.027846,2.7846
2026-06-03 09:00:00+00:00,Global/non-regional TLD,io,.io,globalized_ccTLD,Global,54868,152429,2009267,0.027307,2.7307
2026-06-03 10:00:00+00:00,Global/non-regional TLD,io,.io,globalized_ccTLD,Global,53506,144649,1965246,0.027226,2.7226
2026-06-03 11:00:00+00:00,Global/non-regional TLD,io,.io,globalized_ccTLD,Global,64915,218274,2318995,0.027993,2.7993
2026-06-03 12:00:00+00:00,Global/non-regional TLD,io,.io,globalized_ccTLD,Global,69031,236457,2201845,0.031351,3.1351
2026-06-03 13:00:00+00:00,Global/non-regional TLD,io,.io,globalized_ccTLD,Global,68907,252930,2144200,0.032136,3.2136
2026-06-03 14:00:00+00:00,Global/non-regional TLD,io,.io,globalized_ccTLD,Global,59104,206996,2128313,0.02777,2.777
2026-06-03 15:00:00+00:00,Global/non-regional TLD,io,.io,globalized_ccTLD,Global,57019,187334,2086575,0.027327,2.7327
2026-06-03 16:00:00+00:00,Global/non-regional TLD,io,.io,globalized_ccTLD,Global,60201,195539,2161287,0.027854,2.7854
2026-06-03 17:00:00+00:00,Global/non-regional TLD,io,.io,globalized_ccTLD,Global,60786,217015,2106235,0.02886,2.886
2026-06-03 18:00:00+00:00,Global/non-regional TLD,io,.io,globalized_ccTLD,Global,63682,210774,2172410,0.029314,2.9314
2026-06-03 19:00:00+00:00,Global/non-regional TLD,io,.io,globalized_ccTLD,Global,58932,190552,2151258,0.027394,2.7394
2026-06-03 20:00:00+00:00,Global/non-regional TLD,io,.io,globalized_ccTLD,Global,55426,174247,2141054,0.025887,2.5887
2026-06-03 21:00:00+00:00,Global/non-regional TLD,io,.io,globalized_ccTLD,Global,56478,174027,2137322,0.026425,2.6425
2026-06-03 22:00:00+00:00,Global/non-regional TLD,io,.io,globalized_ccTLD,Global,61177,178537,2151290,0.028437,2.8437
2026-06-03 23:00:00+00:00,Global/non-regional TLD,io,.io,globalized_ccTLD,Global,61187,176255,2163645,0.02828,2.828
2026-06-04 00:00:00+00:00,Global/non-regional TLD,io,.io,globalized_ccTLD,Global,66988,189080,2424116,0.027634,2.7634
2026-06-04 01:00:00+00:00,Global/non-regional TLD,io,.io,globalized_ccTLD,Global,61030,182130,2417692,0.025243,2.5243
2026-06-04 02:00:00+00:00,Global/non-regional TLD,io,.io,globalized_ccTLD,Global,56486,176321,2412098,0.023418,2.3418
2026-06-04 03:00:00+00:00,Global/non-regional TLD,io,.io,globalized_ccTLD,Global,59211,176277,2404032,0.02463,2.463
2026-06-04 04:00:00+00:00,Global/non-regional TLD,io,.io,globalized_ccTLD,Global,64648,196880,2371524,0.02726,2.726
2026-06-04 05:00:00+00:00,Global/non-regional TLD,io,.io,globalized_ccTLD,Global,65858,199164,2320689,0.028379,2.8379
2026-06-04 06:00:00+00:00,Global/non-regional TLD,io,.io,globalized_ccTLD,Global,66221,219450,2287783,0.028945,2.8945
2026-06-04 07:00:00+00:00,Global/non-regional TLD,io,.io,globalized_ccTLD,Global,67681,231866,2347648,0.028829,2.8829
2026-06-04 08:00:00+00:00,Global/non-regional TLD,io,.io,globalized_ccTLD,Global,76083,255118,2340562,0.032506,3.2506
2026-06-04 09:00:00+00:00,Global/non-regional TLD,io,.io,globalized_ccTLD,Global,74032,247615,2340969,0.031625,3.1625
2026-06-04 10:00:00+00:00,Global/non-regional TLD,io,.io,globalized_ccTLD,Global,73444,250029,2300655,0.031923,3.1923
2026-06-04 11:00:00+00:00,Global/non-regional TLD,io,.io,globalized_ccTLD,Global,72670,231692,2205874,0.032944,3.2944
2026-06-04 12:00:00+00:00,Global/non-regional TLD,io,.io,globalized_ccTLD,Global,79534,249799,2375528,0.033481,3.3481
2026-06-04 13:00:00+00:00,Global/non-regional TLD,io,.io,globalized_ccTLD,Global,76360,254867,2248654,0.033958,3.3958
2026-06-04 14:00:00+00:00,Global/non-regional TLD,io,.io,globalized_ccTLD,Global,63382,223238,2118548,0.029918,2.9918
2026-06-04 15:00:00+00:00,Global/non-regional TLD,io,.io,globalized_ccTLD,Global,69910,222368,2271272,0.03078,3.078
2026-06-04 16:00:00+00:00,Global/non-regional TLD,io,.io,globalized_ccTLD,Global,66481,224055,2161557,0.030756,3.0756
2026-06-04 17:00:00+00:00,Global/non-regional TLD,io,.io,globalized_ccTLD,Global,74973,252561,2141359,0.035012,3.5012
2026-06-04 18:00:00+00:00,Global/non-regional TLD,io,.io,globalized_ccTLD,Global,72712,226258,2178286,0.03338,3.338
2026-06-04 19:00:00+00:00,Global/non-regional TLD,io,.io,globalized_ccTLD,Global,71265,227584,2182910,0.032647,3.2647
2026-06-04 20:00:00+00:00,Global/non-regional TLD,io,.io,globalized_ccTLD,Global,71420,219571,2133405,0.033477,3.3477
2026-06-04 21:00:00+00:00,Global/non-regional TLD,io,.io,globalized_ccTLD,Global,71357,215345,2164108,0.032973,3.2973
2026-06-04 22:00:00+00:00,Global/non-regional TLD,io,.io,globalized_ccTLD,Global,67013,205518,2124355,0.031545,3.1545
2026-06-04 23:00:00+00:00,Global/non-regional TLD,io,.io,globalized_ccTLD,Global,69900,213517,2131995,0.032786,3.2786
2026-06-05 00:00:00+00:00,Global/non-regional TLD,io,.io,globalized_ccTLD,Global,72652,223267,2339726,0.031051,3.1051
2026-06-05 01:00:00+00:00,Global/non-regional TLD,io,.io,globalized_ccTLD,Global,69492,219091,2311351,0.030066,3.0066
2026-06-05 02:00:00+00:00,Global/non-regional TLD,io,.io,globalized_ccTLD,Global,75739,226179,2319839,0.032648,3.2648
2026-06-05 03:00:00+00:00,Global/non-regional TLD,io,.io,globalized_ccTLD,Global,82708,232884,2494168,0.033161,3.3161
2026-06-05 04:00:00+00:00,Global/non-regional TLD,io,.io,globalized_ccTLD,Global,92865,249603,2544102,0.036502,3.6502
2026-06-05 05:00:00+00:00,Global/non-regional TLD,io,.io,globalized_ccTLD,Global,98919,268966,2480128,0.039885,3.9885
2026-06-05 06:00:00+00:00,Global/non-regional TLD,io,.io,globalized_ccTLD,Global,101196,293014,2374806,0.042612,4.2612
2026-06-05 07:00:00+00:00,Global/non-regional TLD,io,.io,globalized_ccTLD,Global,99898,298020,2442603,0.040898,4.0898
2026-06-05 08:00:00+00:00,Global/non-regional TLD,io,.io,globalized_ccTLD,Global,111062,319884,2479097,0.044799,4.4799
2026-06-05 09:00:00+00:00,Global/non-regional TLD,io,.io,globalized_ccTLD,Global,95600,301937,2353082,0.040628,4.0628
2026-06-05 10:00:00+00:00,Global/non-regional TLD,io,.io,globalized_ccTLD,Global,87254,256119,2208803,0.039503,3.9503
2026-06-05 11:00:00+00:00,Global/non-regional TLD,io,.io,globalized_ccTLD,Global,97564,288646,2420888,0.040301,4.0301
2026-06-05 12:00:00+00:00,Global/non-regional TLD,io,.io,globalized_ccTLD,Global,90368,282693,2252768,0.040114,4.0114
2026-06-05 13:00:00+00:00,Global/non-regional TLD,io,.io,globalized_ccTLD,Global,84599,263890,2265254,0.037346,3.7346
2026-06-05 14:00:00+00:00,Global/non-regional TLD,io,.io,globalized_ccTLD,Global,70044,237735,2067445,0.033879,3.3879
2026-06-05 15:00:00+00:00,Global/non-regional TLD,io,.io,globalized_ccTLD,Global,71964,233328,2091141,0.034414,3.4414
2026-06-05 16:00:00+00:00,Global/non-regional TLD,io,.io,globalized_ccTLD,Global,79894,239560,2197787,0.036352,3.6352
2026-06-05 17:00:00+00:00,Global/non-regional TLD,io,.io,globalized_ccTLD,Global,68686,222501,2102137,0.032674,3.2674
2026-06-05 18:00:00+00:00,Global/non-regional TLD,io,.io,globalized_ccTLD,Global,65580,202128,2149997,0.030502,3.0502
2026-06-05 19:00:00+00:00,Global/non-regional TLD,io,.io,globalized_ccTLD,Global,61952,192212,2138840,0.028965,2.8965
2026-06-05 20:00:00+00:00,Global/non-regional TLD,io,.io,globalized_ccTLD,Global,64097,192222,2155639,0.029735,2.9735
2026-06-05 21:00:00+00:00,Global/non-regional TLD,io,.io,globalized_ccTLD,Global,58041,183635,2073218,0.027996,2.7996
2026-05-29 22:00:00+00:00,Global/non-regional TLD,net,.net,global_gTLD,Global,111146,276510,2332928,0.047642,4.7642
2026-05-29 23:00:00+00:00,Global/non-regional TLD,net,.net,global_gTLD,Global,110361,267866,2295056,0.048086,4.8086
2026-05-30 00:00:00+00:00,Global/non-regional TLD,net,.net,global_gTLD,Global,115267,300770,2362696,0.048786,4.8786
2026-05-30 01:00:00+00:00,Global/non-regional TLD,net,.net,global_gTLD,Global,115438,296232,2242080,0.051487,5.1487
2026-05-30 02:00:00+00:00,Global/non-regional TLD,net,.net,global_gTLD,Global,108296,303426,2133739,0.050754,5.0754
2026-05-30 03:00:00+00:00,Global/non-regional TLD,net,.net,global_gTLD,Global,111333,289436,2120890,0.052494,5.2494
2026-05-30 04:00:00+00:00,Global/non-regional TLD,net,.net,global_gTLD,Global,111390,284849,2156725,0.051648,5.1648
2026-05-30 05:00:00+00:00,Global/non-regional TLD,net,.net,global_gTLD,Global,109658,288779,2142404,0.051185,5.1185
2026-05-30 06:00:00+00:00,Global/non-regional TLD,net,.net,global_gTLD,Global,106634,289689,2096051,0.050874,5.0874
2026-05-30 07:00:00+00:00,Global/non-regional TLD,net,.net,global_gTLD,Global,107136,281320,2140460,0.050053,5.0053
2026-05-30 08:00:00+00:00,Global/non-regional TLD,net,.net,global_gTLD,Global,103476,258468,2151140,0.048103,4.8103
2026-05-30 09:00:00+00:00,Global/non-regional TLD,net,.net,global_gTLD,Global,101719,256635,2139154,0.047551,4.7551
2026-05-30 10:00:00+00:00,Global/non-regional TLD,net,.net,global_gTLD,Global,102147,254452,2176792,0.046925,4.6925
2026-05-30 11:00:00+00:00,Global/non-regional TLD,net,.net,global_gTLD,Global,106304,271691,2108629,0.050414,5.0414
2026-05-30 12:00:00+00:00,Global/non-regional TLD,net,.net,global_gTLD,Global,112487,284490,2159135,0.052098,5.2098
2026-05-30 13:00:00+00:00,Global/non-regional TLD,net,.net,global_gTLD,Global,105472,274235,2074045,0.050853,5.0853
2026-05-30 14:00:00+00:00,Global/non-regional TLD,net,.net,global_gTLD,Global,114647,300022,2117010,0.054155,5.4155
2026-05-30 15:00:00+00:00,Global/non-regional TLD,net,.net,global_gTLD,Global,111931,286156,2105704,0.053156,5.3156
2026-05-30 16:00:00+00:00,Global/non-regional TLD,net,.net,global_gTLD,Global,121565,329560,2247521,0.054088,5.4088
2026-05-30 17:00:00+00:00,Global/non-regional TLD,net,.net,global_gTLD,Global,120735,311341,2262288,0.053369,5.3369
2026-05-30 18:00:00+00:00,Global/non-regional TLD,net,.net,global_gTLD,Global,117618,290821,2154411,0.054594,5.4594
2026-05-30 19:00:00+00:00,Global/non-regional TLD,net,.net,global_gTLD,Global,111067,279548,2170138,0.05118,5.118
2026-05-30 20:00:00+00:00,Global/non-regional TLD,net,.net,global_gTLD,Global,103720,250501,2112649,0.049095,4.9095
2026-05-30 21:00:00+00:00,Global/non-regional TLD,net,.net,global_gTLD,Global,109038,273653,2105344,0.051791,5.1791
2026-05-30 22:00:00+00:00,Global/non-regional TLD,net,.net,global_gTLD,Global,99496,260890,2067390,0.048126,4.8126
2026-05-30 23:00:00+00:00,Global/non-regional TLD,net,.net,global_gTLD,Global,104037,247912,2047428,0.050814,5.0814
2026-05-31 00:00:00+00:00,Global/non-regional TLD,net,.net,global_gTLD,Global,106266,289824,2154167,0.04933,4.933
2026-05-31 01:00:00+00:00,Global/non-regional TLD,net,.net,global_gTLD,Global,102576,272220,2119543,0.048395,4.8395
2026-05-31 02:00:00+00:00,Global/non-regional TLD,net,.net,global_gTLD,Global,116657,302254,2238146,0.052122,5.2122
2026-05-31 03:00:00+00:00,Global/non-regional TLD,net,.net,global_gTLD,Global,110014,289541,2175300,0.050574,5.0574
2026-05-31 04:00:00+00:00,Global/non-regional TLD,net,.net,global_gTLD,Global,110635,278722,2197100,0.050355,5.0355
2026-05-31 05:00:00+00:00,Global/non-regional TLD,net,.net,global_gTLD,Global,113263,285662,2206624,0.051329,5.1329
2026-05-31 06:00:00+00:00,Global/non-regional TLD,net,.net,global_gTLD,Global,115684,290594,2207397,0.052407,5.2407
2026-05-31 07:00:00+00:00,Global/non-regional TLD,net,.net,global_gTLD,Global,118000,290193,2240162,0.052675,5.2675
2026-05-31 08:00:00+00:00,Global/non-regional TLD,net,.net,global_gTLD,Global,115678,282806,2213538,0.052259,5.2259
2026-05-31 09:00:00+00:00,Global/non-regional TLD,net,.net,global_gTLD,Global,117196,287252,2188991,0.053539,5.3539
2026-05-31 10:00:00+00:00,Global/non-regional TLD,net,.net,global_gTLD,Global,110112,265610,2163451,0.050896,5.0896
2026-05-31 11:00:00+00:00,Global/non-regional TLD,net,.net,global_gTLD,Global,115532,286360,2123605,0.054404,5.4404
2026-05-31 12:00:00+00:00,Global/non-regional TLD,net,.net,global_gTLD,Global,112856,293780,2113554,0.053396,5.3396
2026-05-31 13:00:00+00:00,Global/non-regional TLD,net,.net,global_gTLD,Global,115455,290015,2165273,0.053321,5.3321
2026-05-31 14:00:00+00:00,Global/non-regional TLD,net,.net,global_gTLD,Global,111457,274422,2154309,0.051737,5.1737
2026-05-31 15:00:00+00:00,Global/non-regional TLD,net,.net,global_gTLD,Global,130174,326078,2168629,0.060026,6.0026
2026-05-31 16:00:00+00:00,Global/non-regional TLD,net,.net,global_gTLD,Global,124943,314571,2198881,0.056821,5.6821
2026-05-31 17:00:00+00:00,Global/non-regional TLD,net,.net,global_gTLD,Global,124769,297892,2172192,0.057439,5.7439
2026-05-31 18:00:00+00:00,Global/non-regional TLD,net,.net,global_gTLD,Global,130282,310322,2149404,0.060613,6.0613
2026-05-31 19:00:00+00:00,Global/non-regional TLD,net,.net,global_gTLD,Global,129262,300339,2182144,0.059236,5.9236
2026-05-31 20:00:00+00:00,Global/non-regional TLD,net,.net,global_gTLD,Global,111316,263554,2041152,0.054536,5.4536
2026-05-31 21:00:00+00:00,Global/non-regional TLD,net,.net,global_gTLD,Global,111068,269541,2030089,0.054711,5.4711
2026-05-31 22:00:00+00:00,Global/non-regional TLD,net,.net,global_gTLD,Global,111399,277747,2046059,0.054446,5.4446
2026-05-31 23:00:00+00:00,Global/non-regional TLD,net,.net,global_gTLD,Global,108336,268298,2018518,0.053671,5.3671
2026-06-01 00:00:00+00:00,Global/non-regional TLD,net,.net,global_gTLD,Global,118166,311735,2148359,0.055003,5.5003
2026-06-01 01:00:00+00:00,Global/non-regional TLD,net,.net,global_gTLD,Global,115143,316886,2026865,0.056808,5.6808
2026-06-01 02:00:00+00:00,Global/non-regional TLD,net,.net,global_gTLD,Global,116405,295324,2005488,0.058043,5.8043
2026-06-01 03:00:00+00:00,Global/non-regional TLD,net,.net,global_gTLD,Global,113294,293239,2099572,0.053961,5.3961
2026-06-01 04:00:00+00:00,Global/non-regional TLD,net,.net,global_gTLD,Global,113518,291877,2020543,0.056182,5.6182
2026-06-01 05:00:00+00:00,Global/non-regional TLD,net,.net,global_gTLD,Global,117669,300103,2079677,0.05658,5.658
2026-06-01 06:00:00+00:00,Global/non-regional TLD,net,.net,global_gTLD,Global,118809,311245,2137363,0.055587,5.5587
2026-06-01 07:00:00+00:00,Global/non-regional TLD,net,.net,global_gTLD,Global,118072,307246,2165659,0.05452,5.452
2026-06-01 08:00:00+00:00,Global/non-regional TLD,net,.net,global_gTLD,Global,119277,304527,2174019,0.054865,5.4865
2026-06-01 09:00:00+00:00,Global/non-regional TLD,net,.net,global_gTLD,Global,121774,307034,2187339,0.055672,5.5672
2026-06-01 10:00:00+00:00,Global/non-regional TLD,net,.net,global_gTLD,Global,113980,284030,2141495,0.053224,5.3224
2026-06-01 11:00:00+00:00,Global/non-regional TLD,net,.net,global_gTLD,Global,122036,302665,2152631,0.056692,5.6692
2026-06-01 12:00:00+00:00,Global/non-regional TLD,net,.net,global_gTLD,Global,119519,293963,2081322,0.057425,5.7425
2026-06-01 13:00:00+00:00,Global/non-regional TLD,net,.net,global_gTLD,Global,128470,319526,2011862,0.063856,6.3856
2026-06-01 14:00:00+00:00,Global/non-regional TLD,net,.net,global_gTLD,Global,120101,312418,2082264,0.057678,5.7678
2026-06-01 15:00:00+00:00,Global/non-regional TLD,net,.net,global_gTLD,Global,118190,302292,2044469,0.05781,5.781
2026-06-01 16:00:00+00:00,Global/non-regional TLD,net,.net,global_gTLD,Global,113474,290390,2084375,0.05444,5.444
2026-06-01 17:00:00+00:00,Global/non-regional TLD,net,.net,global_gTLD,Global,115002,318343,2094102,0.054917,5.4917
2026-06-01 18:00:00+00:00,Global/non-regional TLD,net,.net,global_gTLD,Global,114905,320086,2041265,0.056291,5.6291
2026-06-01 19:00:00+00:00,Global/non-regional TLD,net,.net,global_gTLD,Global,118921,329489,2089976,0.056901,5.6901
2026-06-01 20:00:00+00:00,Global/non-regional TLD,net,.net,global_gTLD,Global,116743,322224,2032954,0.057425,5.7425
2026-06-01 21:00:00+00:00,Global/non-regional TLD,net,.net,global_gTLD,Global,120463,331142,2097478,0.057432,5.7432
2026-06-01 22:00:00+00:00,Global/non-regional TLD,net,.net,global_gTLD,Global,113376,329536,2094668,0.054126,5.4126
2026-06-01 23:00:00+00:00,Global/non-regional TLD,net,.net,global_gTLD,Global,111466,313783,2015548,0.055303,5.5303
2026-06-02 00:00:00+00:00,Global/non-regional TLD,net,.net,global_gTLD,Global,105800,336878,2087394,0.050685,5.0685
2026-06-02 01:00:00+00:00,Global/non-regional TLD,net,.net,global_gTLD,Global,115557,350435,2196865,0.052601,5.2601
2026-06-02 02:00:00+00:00,Global/non-regional TLD,net,.net,global_gTLD,Global,114127,341119,2173823,0.052501,5.2501
2026-06-02 03:00:00+00:00,Global/non-regional TLD,net,.net,global_gTLD,Global,120213,346130,2216079,0.054246,5.4246
2026-06-02 04:00:00+00:00,Global/non-regional TLD,net,.net,global_gTLD,Global,124375,362855,2296685,0.054154,5.4154
2026-06-02 05:00:00+00:00,Global/non-regional TLD,net,.net,global_gTLD,Global,126048,372791,2273161,0.055451,5.5451
2026-06-02 06:00:00+00:00,Global/non-regional TLD,net,.net,global_gTLD,Global,120100,357636,2148978,0.055887,5.5887
2026-06-02 07:00:00+00:00,Global/non-regional TLD,net,.net,global_gTLD,Global,117181,346738,2088732,0.056102,5.6102
2026-06-02 08:00:00+00:00,Global/non-regional TLD,net,.net,global_gTLD,Global,119951,380906,2148962,0.055818,5.5818
2026-06-02 09:00:00+00:00,Global/non-regional TLD,net,.net,global_gTLD,Global,122319,374875,2290072,0.053413,5.3413
2026-06-02 10:00:00+00:00,Global/non-regional TLD,net,.net,global_gTLD,Global,113944,340328,2153192,0.052919,5.2919
2026-06-02 11:00:00+00:00,Global/non-regional TLD,net,.net,global_gTLD,Global,114324,340206,2124459,0.053813,5.3813
2026-06-02 12:00:00+00:00,Global/non-regional TLD,net,.net,global_gTLD,Global,113857,364572,2023353,0.056271,5.6271
2026-06-02 13:00:00+00:00,Global/non-regional TLD,net,.net,global_gTLD,Global,113736,357467,2060524,0.055198,5.5198
2026-06-02 14:00:00+00:00,Global/non-regional TLD,net,.net,global_gTLD,Global,116262,348549,2061331,0.056401,5.6401
2026-06-02 15:00:00+00:00,Global/non-regional TLD,net,.net,global_gTLD,Global,118205,360113,2086290,0.056658,5.6658
2026-06-02 16:00:00+00:00,Global/non-regional TLD,net,.net,global_gTLD,Global,118693,376028,2202717,0.053885,5.3885
2026-06-02 17:00:00+00:00,Global/non-regional TLD,net,.net,global_gTLD,Global,131588,413662,2424665,0.054271,5.4271
2026-06-02 18:00:00+00:00,Global/non-regional TLD,net,.net,global_gTLD,Global,121539,396518,2298686,0.052873,5.2873
2026-06-02 19:00:00+00:00,Global/non-regional TLD,net,.net,global_gTLD,Global,116417,372479,2132312,0.054597,5.4597
2026-06-02 20:00:00+00:00,Global/non-regional TLD,net,.net,global_gTLD,Global,119684,391306,2161165,0.055379,5.5379
2026-06-02 21:00:00+00:00,Global/non-regional TLD,net,.net,global_gTLD,Global,130687,443102,2160020,0.060503,6.0503
2026-06-02 22:00:00+00:00,Global/non-regional TLD,net,.net,global_gTLD,Global,125006,394427,2113116,0.059157,5.9157
2026-06-02 23:00:00+00:00,Global/non-regional TLD,net,.net,global_gTLD,Global,112064,356183,2020824,0.055455,5.5455
2026-06-03 00:00:00+00:00,Global/non-regional TLD,net,.net,global_gTLD,Global,119446,390915,2246419,0.053172,5.3172
2026-06-03 01:00:00+00:00,Global/non-regional TLD,net,.net,global_gTLD,Global,131283,431031,2309096,0.056855,5.6855
2026-06-03 02:00:00+00:00,Global/non-regional TLD,net,.net,global_gTLD,Global,122631,397581,2250452,0.054492,5.4492
2026-06-03 03:00:00+00:00,Global/non-regional TLD,net,.net,global_gTLD,Global,127553,398147,2356140,0.054136,5.4136
2026-06-03 04:00:00+00:00,Global/non-regional TLD,net,.net,global_gTLD,Global,134414,408384,2369542,0.056726,5.6726
2026-06-03 05:00:00+00:00,Global/non-regional TLD,net,.net,global_gTLD,Global,128535,399926,2217957,0.057952,5.7952
2026-06-03 06:00:00+00:00,Global/non-regional TLD,net,.net,global_gTLD,Global,118756,355725,2054870,0.057792,5.7792
2026-06-03 07:00:00+00:00,Global/non-regional TLD,net,.net,global_gTLD,Global,119375,353434,2027905,0.058866,5.8866
2026-06-03 08:00:00+00:00,Global/non-regional TLD,net,.net,global_gTLD,Global,119409,352424,2049202,0.058271,5.8271
2026-06-03 09:00:00+00:00,Global/non-regional TLD,net,.net,global_gTLD,Global,121187,348854,2009267,0.060314,6.0314
2026-06-03 10:00:00+00:00,Global/non-regional TLD,net,.net,global_gTLD,Global,116198,332405,1965246,0.059126,5.9126
2026-06-03 11:00:00+00:00,Global/non-regional TLD,net,.net,global_gTLD,Global,135766,401016,2318995,0.058545,5.8545
2026-06-03 12:00:00+00:00,Global/non-regional TLD,net,.net,global_gTLD,Global,131288,392406,2201845,0.059626,5.9626
2026-06-03 13:00:00+00:00,Global/non-regional TLD,net,.net,global_gTLD,Global,126504,392977,2144200,0.058998,5.8998
2026-06-03 14:00:00+00:00,Global/non-regional TLD,net,.net,global_gTLD,Global,128019,402550,2128313,0.06015,6.015
2026-06-03 15:00:00+00:00,Global/non-regional TLD,net,.net,global_gTLD,Global,123543,376547,2086575,0.059209,5.9209
2026-06-03 16:00:00+00:00,Global/non-regional TLD,net,.net,global_gTLD,Global,131859,405840,2161287,0.061009,6.1009
2026-06-03 17:00:00+00:00,Global/non-regional TLD,net,.net,global_gTLD,Global,125192,381159,2106235,0.059439,5.9439
2026-06-03 18:00:00+00:00,Global/non-regional TLD,net,.net,global_gTLD,Global,130631,399243,2172410,0.060132,6.0132
2026-06-03 19:00:00+00:00,Global/non-regional TLD,net,.net,global_gTLD,Global,136844,403209,2151258,0.063611,6.3611
2026-06-03 20:00:00+00:00,Global/non-regional TLD,net,.net,global_gTLD,Global,134366,388428,2141054,0.062757,6.2757
2026-06-03 21:00:00+00:00,Global/non-regional TLD,net,.net,global_gTLD,Global,133294,397121,2137322,0.062365,6.2365
2026-06-03 22:00:00+00:00,Global/non-regional TLD,net,.net,global_gTLD,Global,130196,401703,2151290,0.06052,6.052
2026-06-03 23:00:00+00:00,Global/non-regional TLD,net,.net,global_gTLD,Global,131889,381313,2163645,0.060957,6.0957
2026-06-04 00:00:00+00:00,Global/non-regional TLD,net,.net,global_gTLD,Global,128130,403700,2424116,0.052856,5.2856
2026-06-04 01:00:00+00:00,Global/non-regional TLD,net,.net,global_gTLD,Global,126707,396778,2417692,0.052408,5.2408
2026-06-04 02:00:00+00:00,Global/non-regional TLD,net,.net,global_gTLD,Global,130082,409138,2412098,0.053929,5.3929
2026-06-04 03:00:00+00:00,Global/non-regional TLD,net,.net,global_gTLD,Global,134305,392612,2404032,0.055867,5.5867
2026-06-04 04:00:00+00:00,Global/non-regional TLD,net,.net,global_gTLD,Global,138828,407996,2371524,0.05854,5.854
2026-06-04 05:00:00+00:00,Global/non-regional TLD,net,.net,global_gTLD,Global,132865,398691,2320689,0.057252,5.7252
2026-06-04 06:00:00+00:00,Global/non-regional TLD,net,.net,global_gTLD,Global,135779,417152,2287783,0.05935,5.935
2026-06-04 07:00:00+00:00,Global/non-regional TLD,net,.net,global_gTLD,Global,132699,415579,2347648,0.056524,5.6524
2026-06-04 08:00:00+00:00,Global/non-regional TLD,net,.net,global_gTLD,Global,127920,406900,2340562,0.054654,5.4654
2026-06-04 09:00:00+00:00,Global/non-regional TLD,net,.net,global_gTLD,Global,127123,418136,2340969,0.054304,5.4304
2026-06-04 10:00:00+00:00,Global/non-regional TLD,net,.net,global_gTLD,Global,125624,394818,2300655,0.054604,5.4604
2026-06-04 11:00:00+00:00,Global/non-regional TLD,net,.net,global_gTLD,Global,126902,376997,2205874,0.057529,5.7529
2026-06-04 12:00:00+00:00,Global/non-regional TLD,net,.net,global_gTLD,Global,139242,392783,2375528,0.058615,5.8615
2026-06-04 13:00:00+00:00,Global/non-regional TLD,net,.net,global_gTLD,Global,131093,379431,2248654,0.058298,5.8298
2026-06-04 14:00:00+00:00,Global/non-regional TLD,net,.net,global_gTLD,Global,124377,396887,2118548,0.058709,5.8709
2026-06-04 15:00:00+00:00,Global/non-regional TLD,net,.net,global_gTLD,Global,129929,394490,2271272,0.057205,5.7205
2026-06-04 16:00:00+00:00,Global/non-regional TLD,net,.net,global_gTLD,Global,122097,371928,2161557,0.056486,5.6486
2026-06-04 17:00:00+00:00,Global/non-regional TLD,net,.net,global_gTLD,Global,124968,376401,2141359,0.058359,5.8359
2026-06-04 18:00:00+00:00,Global/non-regional TLD,net,.net,global_gTLD,Global,128633,379056,2178286,0.059052,5.9052
2026-06-04 19:00:00+00:00,Global/non-regional TLD,net,.net,global_gTLD,Global,125818,375838,2182910,0.057638,5.7638
2026-06-04 20:00:00+00:00,Global/non-regional TLD,net,.net,global_gTLD,Global,122820,363383,2133405,0.05757,5.757
2026-06-04 21:00:00+00:00,Global/non-regional TLD,net,.net,global_gTLD,Global,125243,370154,2164108,0.057873,5.7873
2026-06-04 22:00:00+00:00,Global/non-regional TLD,net,.net,global_gTLD,Global,123443,383833,2124355,0.058108,5.8108
2026-06-04 23:00:00+00:00,Global/non-regional TLD,net,.net,global_gTLD,Global,129228,387083,2131995,0.060614,6.0614
2026-06-05 00:00:00+00:00,Global/non-regional TLD,net,.net,global_gTLD,Global,128395,390872,2339726,0.054876,5.4876
2026-06-05 01:00:00+00:00,Global/non-regional TLD,net,.net,global_gTLD,Global,135682,411176,2311351,0.058702,5.8702
2026-06-05 02:00:00+00:00,Global/non-regional TLD,net,.net,global_gTLD,Global,137856,399176,2319839,0.059425,5.9425
2026-06-05 03:00:00+00:00,Global/non-regional TLD,net,.net,global_gTLD,Global,153373,417472,2494168,0.061493,6.1493
2026-06-05 04:00:00+00:00,Global/non-regional TLD,net,.net,global_gTLD,Global,156911,403767,2544102,0.061676,6.1676
2026-06-05 05:00:00+00:00,Global/non-regional TLD,net,.net,global_gTLD,Global,155571,408018,2480128,0.062727,6.2727
2026-06-05 06:00:00+00:00,Global/non-regional TLD,net,.net,global_gTLD,Global,155850,416155,2374806,0.065626,6.5626
2026-06-05 07:00:00+00:00,Global/non-regional TLD,net,.net,global_gTLD,Global,160835,440019,2442603,0.065846,6.5846
2026-06-05 08:00:00+00:00,Global/non-regional TLD,net,.net,global_gTLD,Global,154347,430260,2479097,0.062259,6.2259
2026-06-05 09:00:00+00:00,Global/non-regional TLD,net,.net,global_gTLD,Global,137407,400504,2353082,0.058394,5.8394
2026-06-05 10:00:00+00:00,Global/non-regional TLD,net,.net,global_gTLD,Global,124759,356684,2208803,0.056483,5.6483
2026-06-05 11:00:00+00:00,Global/non-regional TLD,net,.net,global_gTLD,Global,138844,394856,2420888,0.057353,5.7353
2026-06-05 12:00:00+00:00,Global/non-regional TLD,net,.net,global_gTLD,Global,136730,387310,2252768,0.060694,6.0694
2026-06-05 13:00:00+00:00,Global/non-regional TLD,net,.net,global_gTLD,Global,138831,392266,2265254,0.061287,6.1287
2026-06-05 14:00:00+00:00,Global/non-regional TLD,net,.net,global_gTLD,Global,123040,380169,2067445,0.059513,5.9513
2026-06-05 15:00:00+00:00,Global/non-regional TLD,net,.net,global_gTLD,Global,133726,406916,2091141,0.063949,6.3949
2026-06-05 16:00:00+00:00,Global/non-regional TLD,net,.net,global_gTLD,Global,142753,418202,2197787,0.064953,6.4953
2026-06-05 17:00:00+00:00,Global/non-regional TLD,net,.net,global_gTLD,Global,127382,386001,2102137,0.060596,6.0596
2026-06-05 18:00:00+00:00,Global/non-regional TLD,net,.net,global_gTLD,Global,130060,380559,2149997,0.060493,6.0493
2026-06-05 19:00:00+00:00,Global/non-regional TLD,net,.net,global_gTLD,Global,126731,383562,2138840,0.059252,5.9252
2026-06-05 20:00:00+00:00,Global/non-regional TLD,net,.net,global_gTLD,Global,131850,393009,2155639,0.061165,6.1165
2026-06-05 21:00:00+00:00,Global/non-regional TLD,net,.net,global_gTLD,Global,123766,386538,2073218,0.059698,5.9698
2026-05-29 22:00:00+00:00,Global/non-regional TLD,org,.org,global_gTLD,Global,62962,183502,2332928,0.026988,2.6988
2026-05-29 23:00:00+00:00,Global/non-regional TLD,org,.org,global_gTLD,Global,62563,177866,2295056,0.02726,2.726
2026-05-30 00:00:00+00:00,Global/non-regional TLD,org,.org,global_gTLD,Global,65875,193712,2362696,0.027881,2.7881
2026-05-30 01:00:00+00:00,Global/non-regional TLD,org,.org,global_gTLD,Global,62682,184991,2242080,0.027957,2.7957
2026-05-30 02:00:00+00:00,Global/non-regional TLD,org,.org,global_gTLD,Global,59908,184829,2133739,0.028077,2.8077
2026-05-30 03:00:00+00:00,Global/non-regional TLD,org,.org,global_gTLD,Global,59080,170755,2120890,0.027856,2.7856
2026-05-30 04:00:00+00:00,Global/non-regional TLD,org,.org,global_gTLD,Global,61921,172289,2156725,0.028711,2.8711
2026-05-30 05:00:00+00:00,Global/non-regional TLD,org,.org,global_gTLD,Global,61849,174605,2142404,0.028869,2.8869
2026-05-30 06:00:00+00:00,Global/non-regional TLD,org,.org,global_gTLD,Global,59695,174690,2096051,0.02848,2.848
2026-05-30 07:00:00+00:00,Global/non-regional TLD,org,.org,global_gTLD,Global,59054,171817,2140460,0.027589,2.7589
2026-05-30 08:00:00+00:00,Global/non-regional TLD,org,.org,global_gTLD,Global,60162,169754,2151140,0.027967,2.7967
2026-05-30 09:00:00+00:00,Global/non-regional TLD,org,.org,global_gTLD,Global,57907,166636,2139154,0.02707,2.707
2026-05-30 10:00:00+00:00,Global/non-regional TLD,org,.org,global_gTLD,Global,58965,169282,2176792,0.027088,2.7088
2026-05-30 11:00:00+00:00,Global/non-regional TLD,org,.org,global_gTLD,Global,57533,164037,2108629,0.027285,2.7285
2026-05-30 12:00:00+00:00,Global/non-regional TLD,org,.org,global_gTLD,Global,62000,170613,2159135,0.028715,2.8715
2026-05-30 13:00:00+00:00,Global/non-regional TLD,org,.org,global_gTLD,Global,60497,175272,2074045,0.029169,2.9169
2026-05-30 14:00:00+00:00,Global/non-regional TLD,org,.org,global_gTLD,Global,60149,176475,2117010,0.028412,2.8412
2026-05-30 15:00:00+00:00,Global/non-regional TLD,org,.org,global_gTLD,Global,58885,170071,2105704,0.027965,2.7965
2026-05-30 16:00:00+00:00,Global/non-regional TLD,org,.org,global_gTLD,Global,64503,197148,2247521,0.0287,2.87
2026-05-30 17:00:00+00:00,Global/non-regional TLD,org,.org,global_gTLD,Global,65843,193795,2262288,0.029105,2.9105
2026-05-30 18:00:00+00:00,Global/non-regional TLD,org,.org,global_gTLD,Global,60412,167440,2154411,0.028041,2.8041
2026-05-30 19:00:00+00:00,Global/non-regional TLD,org,.org,global_gTLD,Global,60729,169390,2170138,0.027984,2.7984
2026-05-30 20:00:00+00:00,Global/non-regional TLD,org,.org,global_gTLD,Global,60306,160223,2112649,0.028545,2.8545
2026-05-30 21:00:00+00:00,Global/non-regional TLD,org,.org,global_gTLD,Global,60727,160767,2105344,0.028844,2.8844
2026-05-30 22:00:00+00:00,Global/non-regional TLD,org,.org,global_gTLD,Global,57806,165475,2067390,0.027961,2.7961
2026-05-30 23:00:00+00:00,Global/non-regional TLD,org,.org,global_gTLD,Global,58637,153390,2047428,0.028639,2.8639
2026-05-31 00:00:00+00:00,Global/non-regional TLD,org,.org,global_gTLD,Global,59406,172411,2154167,0.027577,2.7577
2026-05-31 01:00:00+00:00,Global/non-regional TLD,org,.org,global_gTLD,Global,59258,170273,2119543,0.027958,2.7958
2026-05-31 02:00:00+00:00,Global/non-regional TLD,org,.org,global_gTLD,Global,62538,181007,2238146,0.027942,2.7942
2026-05-31 03:00:00+00:00,Global/non-regional TLD,org,.org,global_gTLD,Global,59752,175077,2175300,0.027468,2.7468
2026-05-31 04:00:00+00:00,Global/non-regional TLD,org,.org,global_gTLD,Global,61303,177806,2197100,0.027902,2.7902
2026-05-31 05:00:00+00:00,Global/non-regional TLD,org,.org,global_gTLD,Global,60279,171447,2206624,0.027317,2.7317
2026-05-31 06:00:00+00:00,Global/non-regional TLD,org,.org,global_gTLD,Global,60666,171119,2207397,0.027483,2.7483
2026-05-31 07:00:00+00:00,Global/non-regional TLD,org,.org,global_gTLD,Global,61403,171779,2240162,0.02741,2.741
2026-05-31 08:00:00+00:00,Global/non-regional TLD,org,.org,global_gTLD,Global,60672,170292,2213538,0.02741,2.741
2026-05-31 09:00:00+00:00,Global/non-regional TLD,org,.org,global_gTLD,Global,61464,173681,2188991,0.028079,2.8079
2026-05-31 10:00:00+00:00,Global/non-regional TLD,org,.org,global_gTLD,Global,60538,168349,2163451,0.027982,2.7982
2026-05-31 11:00:00+00:00,Global/non-regional TLD,org,.org,global_gTLD,Global,61848,171493,2123605,0.029124,2.9124
2026-05-31 12:00:00+00:00,Global/non-regional TLD,org,.org,global_gTLD,Global,60568,174374,2113554,0.028657,2.8657
2026-05-31 13:00:00+00:00,Global/non-regional TLD,org,.org,global_gTLD,Global,61638,171909,2165273,0.028467,2.8467
2026-05-31 14:00:00+00:00,Global/non-regional TLD,org,.org,global_gTLD,Global,61589,170142,2154309,0.028589,2.8589
2026-05-31 15:00:00+00:00,Global/non-regional TLD,org,.org,global_gTLD,Global,61414,174411,2168629,0.028319,2.8319
2026-05-31 16:00:00+00:00,Global/non-regional TLD,org,.org,global_gTLD,Global,63002,181650,2198881,0.028652,2.8652
2026-05-31 17:00:00+00:00,Global/non-regional TLD,org,.org,global_gTLD,Global,61551,173019,2172192,0.028336,2.8336
2026-05-31 18:00:00+00:00,Global/non-regional TLD,org,.org,global_gTLD,Global,62401,174476,2149404,0.029032,2.9032
2026-05-31 19:00:00+00:00,Global/non-regional TLD,org,.org,global_gTLD,Global,62326,170020,2182144,0.028562,2.8562
2026-05-31 20:00:00+00:00,Global/non-regional TLD,org,.org,global_gTLD,Global,57721,160581,2041152,0.028279,2.8279
2026-05-31 21:00:00+00:00,Global/non-regional TLD,org,.org,global_gTLD,Global,55624,157820,2030089,0.0274,2.74
2026-05-31 22:00:00+00:00,Global/non-regional TLD,org,.org,global_gTLD,Global,57551,165970,2046059,0.028128,2.8128
2026-05-31 23:00:00+00:00,Global/non-regional TLD,org,.org,global_gTLD,Global,59533,167870,2018518,0.029493,2.9493
2026-06-01 00:00:00+00:00,Global/non-regional TLD,org,.org,global_gTLD,Global,63127,193077,2148359,0.029384,2.9384
2026-06-01 01:00:00+00:00,Global/non-regional TLD,org,.org,global_gTLD,Global,58320,174910,2026865,0.028773,2.8773
2026-06-01 02:00:00+00:00,Global/non-regional TLD,org,.org,global_gTLD,Global,57843,166965,2005488,0.028842,2.8842
2026-06-01 03:00:00+00:00,Global/non-regional TLD,org,.org,global_gTLD,Global,60570,182513,2099572,0.028849,2.8849
2026-06-01 04:00:00+00:00,Global/non-regional TLD,org,.org,global_gTLD,Global,59270,176168,2020543,0.029334,2.9334
2026-06-01 05:00:00+00:00,Global/non-regional TLD,org,.org,global_gTLD,Global,59294,175115,2079677,0.028511,2.8511
2026-06-01 06:00:00+00:00,Global/non-regional TLD,org,.org,global_gTLD,Global,61251,175197,2137363,0.028657,2.8657
2026-06-01 07:00:00+00:00,Global/non-regional TLD,org,.org,global_gTLD,Global,62525,187737,2165659,0.028871,2.8871
2026-06-01 08:00:00+00:00,Global/non-regional TLD,org,.org,global_gTLD,Global,59325,173671,2174019,0.027288,2.7288
2026-06-01 09:00:00+00:00,Global/non-regional TLD,org,.org,global_gTLD,Global,61779,185323,2187339,0.028244,2.8244
2026-06-01 10:00:00+00:00,Global/non-regional TLD,org,.org,global_gTLD,Global,58449,171988,2141495,0.027294,2.7294
2026-06-01 11:00:00+00:00,Global/non-regional TLD,org,.org,global_gTLD,Global,61736,178743,2152631,0.028679,2.8679
2026-06-01 12:00:00+00:00,Global/non-regional TLD,org,.org,global_gTLD,Global,57765,162599,2081322,0.027754,2.7754
2026-06-01 13:00:00+00:00,Global/non-regional TLD,org,.org,global_gTLD,Global,56169,155137,2011862,0.027919,2.7919
2026-06-01 14:00:00+00:00,Global/non-regional TLD,org,.org,global_gTLD,Global,59133,177816,2082264,0.028398,2.8398
2026-06-01 15:00:00+00:00,Global/non-regional TLD,org,.org,global_gTLD,Global,60689,174866,2044469,0.029684,2.9684
2026-06-01 16:00:00+00:00,Global/non-regional TLD,org,.org,global_gTLD,Global,60788,179583,2084375,0.029164,2.9164
2026-06-01 17:00:00+00:00,Global/non-regional TLD,org,.org,global_gTLD,Global,60225,181450,2094102,0.028759,2.8759
2026-06-01 18:00:00+00:00,Global/non-regional TLD,org,.org,global_gTLD,Global,59274,161396,2041265,0.029038,2.9038
2026-06-01 19:00:00+00:00,Global/non-regional TLD,org,.org,global_gTLD,Global,58478,165511,2089976,0.02798,2.798
2026-06-01 20:00:00+00:00,Global/non-regional TLD,org,.org,global_gTLD,Global,58801,168277,2032954,0.028924,2.8924
2026-06-01 21:00:00+00:00,Global/non-regional TLD,org,.org,global_gTLD,Global,60076,172577,2097478,0.028642,2.8642
2026-06-01 22:00:00+00:00,Global/non-regional TLD,org,.org,global_gTLD,Global,62251,178290,2094668,0.029719,2.9719
2026-06-01 23:00:00+00:00,Global/non-regional TLD,org,.org,global_gTLD,Global,62738,181423,2015548,0.031127,3.1127
2026-06-02 00:00:00+00:00,Global/non-regional TLD,org,.org,global_gTLD,Global,59133,191990,2087394,0.028329,2.8329
2026-06-02 01:00:00+00:00,Global/non-regional TLD,org,.org,global_gTLD,Global,60843,192072,2196865,0.027695,2.7695
2026-06-02 02:00:00+00:00,Global/non-regional TLD,org,.org,global_gTLD,Global,61094,194371,2173823,0.028104,2.8104
2026-06-02 03:00:00+00:00,Global/non-regional TLD,org,.org,global_gTLD,Global,64076,198152,2216079,0.028914,2.8914
2026-06-02 04:00:00+00:00,Global/non-regional TLD,org,.org,global_gTLD,Global,67462,205850,2296685,0.029374,2.9374
2026-06-02 05:00:00+00:00,Global/non-regional TLD,org,.org,global_gTLD,Global,67892,202345,2273161,0.029867,2.9867
2026-06-02 06:00:00+00:00,Global/non-regional TLD,org,.org,global_gTLD,Global,61286,169602,2148978,0.028519,2.8519
2026-06-02 07:00:00+00:00,Global/non-regional TLD,org,.org,global_gTLD,Global,59222,163815,2088732,0.028353,2.8353
2026-06-02 08:00:00+00:00,Global/non-regional TLD,org,.org,global_gTLD,Global,66354,201318,2148962,0.030877,3.0877
2026-06-02 09:00:00+00:00,Global/non-regional TLD,org,.org,global_gTLD,Global,65490,204046,2290072,0.028597,2.8597
2026-06-02 10:00:00+00:00,Global/non-regional TLD,org,.org,global_gTLD,Global,61201,184266,2153192,0.028423,2.8423
2026-06-02 11:00:00+00:00,Global/non-regional TLD,org,.org,global_gTLD,Global,60644,183389,2124459,0.028546,2.8546
2026-06-02 12:00:00+00:00,Global/non-regional TLD,org,.org,global_gTLD,Global,57904,183320,2023353,0.028618,2.8618
2026-06-02 13:00:00+00:00,Global/non-regional TLD,org,.org,global_gTLD,Global,56896,175087,2060524,0.027612,2.7612
2026-06-02 14:00:00+00:00,Global/non-regional TLD,org,.org,global_gTLD,Global,57561,174629,2061331,0.027924,2.7924
2026-06-02 15:00:00+00:00,Global/non-regional TLD,org,.org,global_gTLD,Global,58702,183990,2086290,0.028137,2.8137
2026-06-02 16:00:00+00:00,Global/non-regional TLD,org,.org,global_gTLD,Global,63519,211880,2202717,0.028837,2.8837
2026-06-02 17:00:00+00:00,Global/non-regional TLD,org,.org,global_gTLD,Global,70387,244785,2424665,0.02903,2.903
2026-06-02 18:00:00+00:00,Global/non-regional TLD,org,.org,global_gTLD,Global,66614,238693,2298686,0.028979,2.8979
2026-06-02 19:00:00+00:00,Global/non-regional TLD,org,.org,global_gTLD,Global,60701,212075,2132312,0.028467,2.8467
2026-06-02 20:00:00+00:00,Global/non-regional TLD,org,.org,global_gTLD,Global,61952,212731,2161165,0.028666,2.8666
2026-06-02 21:00:00+00:00,Global/non-regional TLD,org,.org,global_gTLD,Global,60777,202294,2160020,0.028137,2.8137
2026-06-02 22:00:00+00:00,Global/non-regional TLD,org,.org,global_gTLD,Global,61527,198572,2113116,0.029117,2.9117
2026-06-02 23:00:00+00:00,Global/non-regional TLD,org,.org,global_gTLD,Global,59521,194654,2020824,0.029454,2.9454
2026-06-03 00:00:00+00:00,Global/non-regional TLD,org,.org,global_gTLD,Global,62961,219443,2246419,0.028027,2.8027
2026-06-03 01:00:00+00:00,Global/non-regional TLD,org,.org,global_gTLD,Global,63130,214703,2309096,0.02734,2.734
2026-06-03 02:00:00+00:00,Global/non-regional TLD,org,.org,global_gTLD,Global,61824,206407,2250452,0.027472,2.7472
2026-06-03 03:00:00+00:00,Global/non-regional TLD,org,.org,global_gTLD,Global,63536,207526,2356140,0.026966,2.6966
2026-06-03 04:00:00+00:00,Global/non-regional TLD,org,.org,global_gTLD,Global,67080,216034,2369542,0.028309,2.8309
2026-06-03 05:00:00+00:00,Global/non-regional TLD,org,.org,global_gTLD,Global,62552,201082,2217957,0.028203,2.8203
2026-06-03 06:00:00+00:00,Global/non-regional TLD,org,.org,global_gTLD,Global,54984,163565,2054870,0.026758,2.6758
2026-06-03 07:00:00+00:00,Global/non-regional TLD,org,.org,global_gTLD,Global,52110,155832,2027905,0.025696,2.5696
2026-06-03 08:00:00+00:00,Global/non-regional TLD,org,.org,global_gTLD,Global,56375,163868,2049202,0.027511,2.7511
2026-06-03 09:00:00+00:00,Global/non-regional TLD,org,.org,global_gTLD,Global,53685,154228,2009267,0.026719,2.6719
2026-06-03 10:00:00+00:00,Global/non-regional TLD,org,.org,global_gTLD,Global,51968,149325,1965246,0.026444,2.6444
2026-06-03 11:00:00+00:00,Global/non-regional TLD,org,.org,global_gTLD,Global,63367,199079,2318995,0.027325,2.7325
2026-06-03 12:00:00+00:00,Global/non-regional TLD,org,.org,global_gTLD,Global,60172,184501,2201845,0.027328,2.7328
2026-06-03 13:00:00+00:00,Global/non-regional TLD,org,.org,global_gTLD,Global,58012,184785,2144200,0.027055,2.7055
2026-06-03 14:00:00+00:00,Global/non-regional TLD,org,.org,global_gTLD,Global,57161,184312,2128313,0.026857,2.6857
2026-06-03 15:00:00+00:00,Global/non-regional TLD,org,.org,global_gTLD,Global,58307,180694,2086575,0.027944,2.7944
2026-06-03 16:00:00+00:00,Global/non-regional TLD,org,.org,global_gTLD,Global,63521,200928,2161287,0.02939,2.939
2026-06-03 17:00:00+00:00,Global/non-regional TLD,org,.org,global_gTLD,Global,61439,202908,2106235,0.02917,2.917
2026-06-03 18:00:00+00:00,Global/non-regional TLD,org,.org,global_gTLD,Global,63242,200257,2172410,0.029111,2.9111
2026-06-03 19:00:00+00:00,Global/non-regional TLD,org,.org,global_gTLD,Global,61601,193359,2151258,0.028635,2.8635
2026-06-03 20:00:00+00:00,Global/non-regional TLD,org,.org,global_gTLD,Global,61896,188937,2141054,0.028909,2.8909
2026-06-03 21:00:00+00:00,Global/non-regional TLD,org,.org,global_gTLD,Global,61771,187451,2137322,0.028901,2.8901
2026-06-03 22:00:00+00:00,Global/non-regional TLD,org,.org,global_gTLD,Global,61115,187729,2151290,0.028409,2.8409
2026-06-03 23:00:00+00:00,Global/non-regional TLD,org,.org,global_gTLD,Global,62429,196828,2163645,0.028854,2.8854
2026-06-04 00:00:00+00:00,Global/non-regional TLD,org,.org,global_gTLD,Global,72127,245421,2424116,0.029754,2.9754
2026-06-04 01:00:00+00:00,Global/non-regional TLD,org,.org,global_gTLD,Global,64926,215415,2417692,0.026855,2.6855
2026-06-04 02:00:00+00:00,Global/non-regional TLD,org,.org,global_gTLD,Global,65492,216742,2412098,0.027151,2.7151
2026-06-04 03:00:00+00:00,Global/non-regional TLD,org,.org,global_gTLD,Global,66057,206258,2404032,0.027478,2.7478
2026-06-04 04:00:00+00:00,Global/non-regional TLD,org,.org,global_gTLD,Global,67458,208185,2371524,0.028445,2.8445
2026-06-04 05:00:00+00:00,Global/non-regional TLD,org,.org,global_gTLD,Global,64941,197355,2320689,0.027983,2.7983
2026-06-04 06:00:00+00:00,Global/non-regional TLD,org,.org,global_gTLD,Global,62958,197244,2287783,0.027519,2.7519
2026-06-04 07:00:00+00:00,Global/non-regional TLD,org,.org,global_gTLD,Global,64126,211403,2347648,0.027315,2.7315
2026-06-04 08:00:00+00:00,Global/non-regional TLD,org,.org,global_gTLD,Global,62630,208031,2340562,0.026759,2.6759
2026-06-04 09:00:00+00:00,Global/non-regional TLD,org,.org,global_gTLD,Global,64399,225618,2340969,0.02751,2.751
2026-06-04 10:00:00+00:00,Global/non-regional TLD,org,.org,global_gTLD,Global,62647,203253,2300655,0.02723,2.723
2026-06-04 11:00:00+00:00,Global/non-regional TLD,org,.org,global_gTLD,Global,61653,179268,2205874,0.027949,2.7949
2026-06-04 12:00:00+00:00,Global/non-regional TLD,org,.org,global_gTLD,Global,65516,187378,2375528,0.02758,2.758
2026-06-04 13:00:00+00:00,Global/non-regional TLD,org,.org,global_gTLD,Global,62033,183768,2248654,0.027587,2.7587
2026-06-04 14:00:00+00:00,Global/non-regional TLD,org,.org,global_gTLD,Global,59134,188592,2118548,0.027913,2.7913
2026-06-04 15:00:00+00:00,Global/non-regional TLD,org,.org,global_gTLD,Global,64144,194799,2271272,0.028241,2.8241
2026-06-04 16:00:00+00:00,Global/non-regional TLD,org,.org,global_gTLD,Global,62491,201378,2161557,0.02891,2.891
2026-06-04 17:00:00+00:00,Global/non-regional TLD,org,.org,global_gTLD,Global,60716,185619,2141359,0.028354,2.8354
2026-06-04 18:00:00+00:00,Global/non-regional TLD,org,.org,global_gTLD,Global,60838,183739,2178286,0.027929,2.7929
2026-06-04 19:00:00+00:00,Global/non-regional TLD,org,.org,global_gTLD,Global,61301,185539,2182910,0.028082,2.8082
2026-06-04 20:00:00+00:00,Global/non-regional TLD,org,.org,global_gTLD,Global,57616,174517,2133405,0.027007,2.7007
2026-06-04 21:00:00+00:00,Global/non-regional TLD,org,.org,global_gTLD,Global,60011,182137,2164108,0.02773,2.773
2026-06-04 22:00:00+00:00,Global/non-regional TLD,org,.org,global_gTLD,Global,60941,193184,2124355,0.028687,2.8687
2026-06-04 23:00:00+00:00,Global/non-regional TLD,org,.org,global_gTLD,Global,62952,188397,2131995,0.029527,2.9527
2026-06-05 00:00:00+00:00,Global/non-regional TLD,org,.org,global_gTLD,Global,62762,195862,2339726,0.026825,2.6825
2026-06-05 01:00:00+00:00,Global/non-regional TLD,org,.org,global_gTLD,Global,61930,192279,2311351,0.026794,2.6794
2026-06-05 02:00:00+00:00,Global/non-regional TLD,org,.org,global_gTLD,Global,61561,183857,2319839,0.026537,2.6537
2026-06-05 03:00:00+00:00,Global/non-regional TLD,org,.org,global_gTLD,Global,69892,206450,2494168,0.028022,2.8022
2026-06-05 04:00:00+00:00,Global/non-regional TLD,org,.org,global_gTLD,Global,74187,209951,2544102,0.02916,2.916
2026-06-05 05:00:00+00:00,Global/non-regional TLD,org,.org,global_gTLD,Global,74360,208855,2480128,0.029982,2.9982
2026-06-05 06:00:00+00:00,Global/non-regional TLD,org,.org,global_gTLD,Global,67939,200969,2374806,0.028608,2.8608
2026-06-05 07:00:00+00:00,Global/non-regional TLD,org,.org,global_gTLD,Global,69981,206160,2442603,0.02865,2.865
2026-06-05 08:00:00+00:00,Global/non-regional TLD,org,.org,global_gTLD,Global,69132,199535,2479097,0.027886,2.7886
2026-06-05 09:00:00+00:00,Global/non-regional TLD,org,.org,global_gTLD,Global,66829,201487,2353082,0.028401,2.8401
2026-06-05 10:00:00+00:00,Global/non-regional TLD,org,.org,global_gTLD,Global,61129,177075,2208803,0.027675,2.7675
2026-06-05 11:00:00+00:00,Global/non-regional TLD,org,.org,global_gTLD,Global,67442,195525,2420888,0.027858,2.7858
2026-06-05 12:00:00+00:00,Global/non-regional TLD,org,.org,global_gTLD,Global,63023,192408,2252768,0.027976,2.7976
2026-06-05 13:00:00+00:00,Global/non-regional TLD,org,.org,global_gTLD,Global,64402,196107,2265254,0.02843,2.843
2026-06-05 14:00:00+00:00,Global/non-regional TLD,org,.org,global_gTLD,Global,57686,187449,2067445,0.027902,2.7902
2026-06-05 15:00:00+00:00,Global/non-regional TLD,org,.org,global_gTLD,Global,60898,191477,2091141,0.029122,2.9122
2026-06-05 16:00:00+00:00,Global/non-regional TLD,org,.org,global_gTLD,Global,63761,201325,2197787,0.029011,2.9011
2026-06-05 17:00:00+00:00,Global/non-regional TLD,org,.org,global_gTLD,Global,59606,191183,2102137,0.028355,2.8355
2026-06-05 18:00:00+00:00,Global/non-regional TLD,org,.org,global_gTLD,Global,60254,193441,2149997,0.028025,2.8025
2026-06-05 19:00:00+00:00,Global/non-regional TLD,org,.org,global_gTLD,Global,60382,196367,2138840,0.028231,2.8231
2026-06-05 20:00:00+00:00,Global/non-regional TLD,org,.org,global_gTLD,Global,60842,199485,2155639,0.028225,2.8225
2026-06-05 21:00:00+00:00,Global/non-regional TLD,org,.org,global_gTLD,Global,59605,197194,2073218,0.02875,2.875
2026-05-29 22:00:00+00:00,ccTLD/geographic TLD,br,.br,ccTLD,Americas,29659,84622,2332928,0.012713,1.2713
2026-05-29 23:00:00+00:00,ccTLD/geographic TLD,br,.br,ccTLD,Americas,28855,84158,2295056,0.012573,1.2573
2026-05-30 00:00:00+00:00,ccTLD/geographic TLD,br,.br,ccTLD,Americas,28993,84456,2362696,0.012271,1.2271
2026-05-30 01:00:00+00:00,ccTLD/geographic TLD,br,.br,ccTLD,Americas,28466,82335,2242080,0.012696,1.2696
2026-05-30 02:00:00+00:00,ccTLD/geographic TLD,br,.br,ccTLD,Americas,25307,75720,2133739,0.01186,1.186
2026-05-30 03:00:00+00:00,ccTLD/geographic TLD,br,.br,ccTLD,Americas,27448,83453,2120890,0.012942,1.2942
2026-05-30 04:00:00+00:00,ccTLD/geographic TLD,br,.br,ccTLD,Americas,26099,75987,2156725,0.012101,1.2101
2026-05-30 05:00:00+00:00,ccTLD/geographic TLD,br,.br,ccTLD,Americas,25866,73572,2142404,0.012073,1.2073
2026-05-30 06:00:00+00:00,ccTLD/geographic TLD,br,.br,ccTLD,Americas,27247,85224,2096051,0.012999,1.2999
2026-05-30 07:00:00+00:00,ccTLD/geographic TLD,br,.br,ccTLD,Americas,27790,92859,2140460,0.012983,1.2983
2026-05-30 08:00:00+00:00,ccTLD/geographic TLD,br,.br,ccTLD,Americas,25725,70807,2151140,0.011959,1.1959
2026-05-30 09:00:00+00:00,ccTLD/geographic TLD,br,.br,ccTLD,Americas,25094,68092,2139154,0.011731,1.1731
2026-05-30 10:00:00+00:00,ccTLD/geographic TLD,br,.br,ccTLD,Americas,26982,75026,2176792,0.012395,1.2395
2026-05-30 11:00:00+00:00,ccTLD/geographic TLD,br,.br,ccTLD,Americas,24730,66983,2108629,0.011728,1.1728
2026-05-30 12:00:00+00:00,ccTLD/geographic TLD,br,.br,ccTLD,Americas,26454,76257,2159135,0.012252,1.2252
2026-05-30 13:00:00+00:00,ccTLD/geographic TLD,br,.br,ccTLD,Americas,26139,77125,2074045,0.012603,1.2603
2026-05-30 14:00:00+00:00,ccTLD/geographic TLD,br,.br,ccTLD,Americas,24361,72882,2117010,0.011507,1.1507
2026-05-30 15:00:00+00:00,ccTLD/geographic TLD,br,.br,ccTLD,Americas,25576,79633,2105704,0.012146,1.2146
2026-05-30 16:00:00+00:00,ccTLD/geographic TLD,br,.br,ccTLD,Americas,24091,72451,2247521,0.010719,1.0719
2026-05-30 17:00:00+00:00,ccTLD/geographic TLD,br,.br,ccTLD,Americas,26225,78286,2262288,0.011592,1.1592
2026-05-30 18:00:00+00:00,ccTLD/geographic TLD,br,.br,ccTLD,Americas,26545,79686,2154411,0.012321,1.2321
2026-05-30 19:00:00+00:00,ccTLD/geographic TLD,br,.br,ccTLD,Americas,25726,77558,2170138,0.011855,1.1855
2026-05-30 20:00:00+00:00,ccTLD/geographic TLD,br,.br,ccTLD,Americas,24234,69903,2112649,0.011471,1.1471
2026-05-30 21:00:00+00:00,ccTLD/geographic TLD,br,.br,ccTLD,Americas,25765,77759,2105344,0.012238,1.2238
2026-05-30 22:00:00+00:00,ccTLD/geographic TLD,br,.br,ccTLD,Americas,25800,75892,2067390,0.01248,1.248
2026-05-30 23:00:00+00:00,ccTLD/geographic TLD,br,.br,ccTLD,Americas,26985,82065,2047428,0.01318,1.318
2026-05-31 00:00:00+00:00,ccTLD/geographic TLD,br,.br,ccTLD,Americas,26470,81706,2154167,0.012288,1.2288
2026-05-31 01:00:00+00:00,ccTLD/geographic TLD,br,.br,ccTLD,Americas,24831,73868,2119543,0.011715,1.1715
2026-05-31 02:00:00+00:00,ccTLD/geographic TLD,br,.br,ccTLD,Americas,24737,75167,2238146,0.011052,1.1052
2026-05-31 03:00:00+00:00,ccTLD/geographic TLD,br,.br,ccTLD,Americas,27072,88779,2175300,0.012445,1.2445
2026-05-31 04:00:00+00:00,ccTLD/geographic TLD,br,.br,ccTLD,Americas,25760,74386,2197100,0.011725,1.1725
2026-05-31 05:00:00+00:00,ccTLD/geographic TLD,br,.br,ccTLD,Americas,24747,69613,2206624,0.011215,1.1215
2026-05-31 06:00:00+00:00,ccTLD/geographic TLD,br,.br,ccTLD,Americas,26573,75616,2207397,0.012038,1.2038
2026-05-31 07:00:00+00:00,ccTLD/geographic TLD,br,.br,ccTLD,Americas,26552,79456,2240162,0.011853,1.1853
2026-05-31 08:00:00+00:00,ccTLD/geographic TLD,br,.br,ccTLD,Americas,24501,63280,2213538,0.011069,1.1069
2026-05-31 09:00:00+00:00,ccTLD/geographic TLD,br,.br,ccTLD,Americas,25184,65335,2188991,0.011505,1.1505
2026-05-31 10:00:00+00:00,ccTLD/geographic TLD,br,.br,ccTLD,Americas,23924,66165,2163451,0.011058,1.1058
2026-05-31 11:00:00+00:00,ccTLD/geographic TLD,br,.br,ccTLD,Americas,22809,61371,2123605,0.010741,1.0741
2026-05-31 12:00:00+00:00,ccTLD/geographic TLD,br,.br,ccTLD,Americas,24232,71548,2113554,0.011465,1.1465
2026-05-31 13:00:00+00:00,ccTLD/geographic TLD,br,.br,ccTLD,Americas,25687,74041,2165273,0.011863,1.1863
2026-05-31 14:00:00+00:00,ccTLD/geographic TLD,br,.br,ccTLD,Americas,26764,74317,2154309,0.012423,1.2423
2026-05-31 15:00:00+00:00,ccTLD/geographic TLD,br,.br,ccTLD,Americas,26545,77194,2168629,0.01224,1.224
2026-05-31 16:00:00+00:00,ccTLD/geographic TLD,br,.br,ccTLD,Americas,24302,71942,2198881,0.011052,1.1052
2026-05-31 17:00:00+00:00,ccTLD/geographic TLD,br,.br,ccTLD,Americas,26598,77939,2172192,0.012245,1.2245
2026-05-31 18:00:00+00:00,ccTLD/geographic TLD,br,.br,ccTLD,Americas,25858,78254,2149404,0.01203,1.203
2026-05-31 19:00:00+00:00,ccTLD/geographic TLD,br,.br,ccTLD,Americas,25478,75937,2182144,0.011676,1.1676
2026-05-31 20:00:00+00:00,ccTLD/geographic TLD,br,.br,ccTLD,Americas,23163,72259,2041152,0.011348,1.1348
2026-05-31 21:00:00+00:00,ccTLD/geographic TLD,br,.br,ccTLD,Americas,23423,75684,2030089,0.011538,1.1538
2026-05-31 22:00:00+00:00,ccTLD/geographic TLD,br,.br,ccTLD,Americas,22932,74243,2046059,0.011208,1.1208
2026-05-31 23:00:00+00:00,ccTLD/geographic TLD,br,.br,ccTLD,Americas,24000,76092,2018518,0.01189,1.189
2026-06-01 00:00:00+00:00,ccTLD/geographic TLD,br,.br,ccTLD,Americas,25479,83981,2148359,0.01186,1.186
2026-06-01 01:00:00+00:00,ccTLD/geographic TLD,br,.br,ccTLD,Americas,24312,79046,2026865,0.011995,1.1995
2026-06-01 02:00:00+00:00,ccTLD/geographic TLD,br,.br,ccTLD,Americas,23193,72511,2005488,0.011565,1.1565
2026-06-01 03:00:00+00:00,ccTLD/geographic TLD,br,.br,ccTLD,Americas,26803,96065,2099572,0.012766,1.2766
2026-06-01 04:00:00+00:00,ccTLD/geographic TLD,br,.br,ccTLD,Americas,24246,78224,2020543,0.012,1.2
2026-06-01 05:00:00+00:00,ccTLD/geographic TLD,br,.br,ccTLD,Americas,26362,84554,2079677,0.012676,1.2676
2026-06-01 06:00:00+00:00,ccTLD/geographic TLD,br,.br,ccTLD,Americas,25617,78820,2137363,0.011985,1.1985
2026-06-01 07:00:00+00:00,ccTLD/geographic TLD,br,.br,ccTLD,Americas,25495,95014,2165659,0.011772,1.1772
2026-06-01 08:00:00+00:00,ccTLD/geographic TLD,br,.br,ccTLD,Americas,22445,62831,2174019,0.010324,1.0324
2026-06-01 09:00:00+00:00,ccTLD/geographic TLD,br,.br,ccTLD,Americas,23780,68221,2187339,0.010872,1.0872
2026-06-01 10:00:00+00:00,ccTLD/geographic TLD,br,.br,ccTLD,Americas,23341,70147,2141495,0.010899,1.0899
2026-06-01 11:00:00+00:00,ccTLD/geographic TLD,br,.br,ccTLD,Americas,23141,67635,2152631,0.01075,1.075
2026-06-01 12:00:00+00:00,ccTLD/geographic TLD,br,.br,ccTLD,Americas,24419,78815,2081322,0.011732,1.1732
2026-06-01 13:00:00+00:00,ccTLD/geographic TLD,br,.br,ccTLD,Americas,24921,77835,2011862,0.012387,1.2387
2026-06-01 14:00:00+00:00,ccTLD/geographic TLD,br,.br,ccTLD,Americas,24965,80566,2082264,0.011989,1.1989
2026-06-01 15:00:00+00:00,ccTLD/geographic TLD,br,.br,ccTLD,Americas,25698,84713,2044469,0.01257,1.257
2026-06-01 16:00:00+00:00,ccTLD/geographic TLD,br,.br,ccTLD,Americas,26464,85572,2084375,0.012696,1.2696
2026-06-01 17:00:00+00:00,ccTLD/geographic TLD,br,.br,ccTLD,Americas,26171,87721,2094102,0.012497,1.2497
2026-06-01 18:00:00+00:00,ccTLD/geographic TLD,br,.br,ccTLD,Americas,26779,88211,2041265,0.013119,1.3119
2026-06-01 19:00:00+00:00,ccTLD/geographic TLD,br,.br,ccTLD,Americas,27821,89218,2089976,0.013312,1.3312
2026-06-01 20:00:00+00:00,ccTLD/geographic TLD,br,.br,ccTLD,Americas,27738,86510,2032954,0.013644,1.3644
2026-06-01 21:00:00+00:00,ccTLD/geographic TLD,br,.br,ccTLD,Americas,28271,90638,2097478,0.013479,1.3479
2026-06-01 22:00:00+00:00,ccTLD/geographic TLD,br,.br,ccTLD,Americas,26410,84936,2094668,0.012608,1.2608
2026-06-01 23:00:00+00:00,ccTLD/geographic TLD,br,.br,ccTLD,Americas,26828,86861,2015548,0.013311,1.3311
2026-06-02 00:00:00+00:00,ccTLD/geographic TLD,br,.br,ccTLD,Americas,26224,91420,2087394,0.012563,1.2563
2026-06-02 01:00:00+00:00,ccTLD/geographic TLD,br,.br,ccTLD,Americas,26224,88011,2196865,0.011937,1.1937
2026-06-02 02:00:00+00:00,ccTLD/geographic TLD,br,.br,ccTLD,Americas,26123,85918,2173823,0.012017,1.2017
2026-06-02 03:00:00+00:00,ccTLD/geographic TLD,br,.br,ccTLD,Americas,28228,98335,2216079,0.012738,1.2738
2026-06-02 04:00:00+00:00,ccTLD/geographic TLD,br,.br,ccTLD,Americas,26789,94544,2296685,0.011664,1.1664
2026-06-02 05:00:00+00:00,ccTLD/geographic TLD,br,.br,ccTLD,Americas,27107,88866,2273161,0.011925,1.1925
2026-06-02 06:00:00+00:00,ccTLD/geographic TLD,br,.br,ccTLD,Americas,25478,83273,2148978,0.011856,1.1856
2026-06-02 07:00:00+00:00,ccTLD/geographic TLD,br,.br,ccTLD,Americas,26114,91647,2088732,0.012502,1.2502
2026-06-02 08:00:00+00:00,ccTLD/geographic TLD,br,.br,ccTLD,Americas,23391,73556,2148962,0.010885,1.0885
2026-06-02 09:00:00+00:00,ccTLD/geographic TLD,br,.br,ccTLD,Americas,25061,81181,2290072,0.010943,1.0943
2026-06-02 10:00:00+00:00,ccTLD/geographic TLD,br,.br,ccTLD,Americas,23301,77143,2153192,0.010822,1.0822
2026-06-02 11:00:00+00:00,ccTLD/geographic TLD,br,.br,ccTLD,Americas,23831,79095,2124459,0.011217,1.1217
2026-06-02 12:00:00+00:00,ccTLD/geographic TLD,br,.br,ccTLD,Americas,24272,85807,2023353,0.011996,1.1996
2026-06-02 13:00:00+00:00,ccTLD/geographic TLD,br,.br,ccTLD,Americas,25518,91922,2060524,0.012384,1.2384
2026-06-02 14:00:00+00:00,ccTLD/geographic TLD,br,.br,ccTLD,Americas,24516,80998,2061331,0.011893,1.1893
2026-06-02 15:00:00+00:00,ccTLD/geographic TLD,br,.br,ccTLD,Americas,25823,86253,2086290,0.012377,1.2377
2026-06-02 16:00:00+00:00,ccTLD/geographic TLD,br,.br,ccTLD,Americas,26224,92742,2202717,0.011905,1.1905
2026-06-02 17:00:00+00:00,ccTLD/geographic TLD,br,.br,ccTLD,Americas,32225,114939,2424665,0.01329,1.329
2026-06-02 18:00:00+00:00,ccTLD/geographic TLD,br,.br,ccTLD,Americas,31184,116978,2298686,0.013566,1.3566
2026-06-02 19:00:00+00:00,ccTLD/geographic TLD,br,.br,ccTLD,Americas,28117,106718,2132312,0.013186,1.3186
2026-06-02 20:00:00+00:00,ccTLD/geographic TLD,br,.br,ccTLD,Americas,26640,97549,2161165,0.012327,1.2327
2026-06-02 21:00:00+00:00,ccTLD/geographic TLD,br,.br,ccTLD,Americas,26014,93122,2160020,0.012043,1.2043
2026-06-02 22:00:00+00:00,ccTLD/geographic TLD,br,.br,ccTLD,Americas,27502,94112,2113116,0.013015,1.3015
2026-06-02 23:00:00+00:00,ccTLD/geographic TLD,br,.br,ccTLD,Americas,26160,92885,2020824,0.012945,1.2945
2026-06-03 00:00:00+00:00,ccTLD/geographic TLD,br,.br,ccTLD,Americas,27882,106531,2246419,0.012412,1.2412
2026-06-03 01:00:00+00:00,ccTLD/geographic TLD,br,.br,ccTLD,Americas,26883,99689,2309096,0.011642,1.1642
2026-06-03 02:00:00+00:00,ccTLD/geographic TLD,br,.br,ccTLD,Americas,24304,84653,2250452,0.0108,1.08
2026-06-03 03:00:00+00:00,ccTLD/geographic TLD,br,.br,ccTLD,Americas,25732,94494,2356140,0.010921,1.0921
2026-06-03 04:00:00+00:00,ccTLD/geographic TLD,br,.br,ccTLD,Americas,23969,85954,2369542,0.010115,1.0115
2026-06-03 05:00:00+00:00,ccTLD/geographic TLD,br,.br,ccTLD,Americas,22999,78894,2217957,0.010369,1.0369
2026-06-03 06:00:00+00:00,ccTLD/geographic TLD,br,.br,ccTLD,Americas,20729,67590,2054870,0.010088,1.0088
2026-06-03 07:00:00+00:00,ccTLD/geographic TLD,br,.br,ccTLD,Americas,19854,65923,2027905,0.00979,0.979
2026-06-03 08:00:00+00:00,ccTLD/geographic TLD,br,.br,ccTLD,Americas,19426,58218,2049202,0.00948,0.948
2026-06-03 09:00:00+00:00,ccTLD/geographic TLD,br,.br,ccTLD,Americas,20796,61797,2009267,0.01035,1.035
2026-06-03 10:00:00+00:00,ccTLD/geographic TLD,br,.br,ccTLD,Americas,20420,60456,1965246,0.010391,1.0391
2026-06-03 11:00:00+00:00,ccTLD/geographic TLD,br,.br,ccTLD,Americas,25668,85697,2318995,0.011069,1.1069
2026-06-03 12:00:00+00:00,ccTLD/geographic TLD,br,.br,ccTLD,Americas,27686,92059,2201845,0.012574,1.2574
2026-06-03 13:00:00+00:00,ccTLD/geographic TLD,br,.br,ccTLD,Americas,26450,90335,2144200,0.012336,1.2336
2026-06-03 14:00:00+00:00,ccTLD/geographic TLD,br,.br,ccTLD,Americas,25635,85721,2128313,0.012045,1.2045
2026-06-03 15:00:00+00:00,ccTLD/geographic TLD,br,.br,ccTLD,Americas,26772,90466,2086575,0.012831,1.2831
2026-06-03 16:00:00+00:00,ccTLD/geographic TLD,br,.br,ccTLD,Americas,25091,86168,2161287,0.011609,1.1609
2026-06-03 17:00:00+00:00,ccTLD/geographic TLD,br,.br,ccTLD,Americas,25979,92276,2106235,0.012334,1.2334
2026-06-03 18:00:00+00:00,ccTLD/geographic TLD,br,.br,ccTLD,Americas,27825,95982,2172410,0.012808,1.2808
2026-06-03 19:00:00+00:00,ccTLD/geographic TLD,br,.br,ccTLD,Americas,26267,87309,2151258,0.01221,1.221
2026-06-03 20:00:00+00:00,ccTLD/geographic TLD,br,.br,ccTLD,Americas,26315,86980,2141054,0.012291,1.2291
2026-06-03 21:00:00+00:00,ccTLD/geographic TLD,br,.br,ccTLD,Americas,25466,86910,2137322,0.011915,1.1915
2026-06-03 22:00:00+00:00,ccTLD/geographic TLD,br,.br,ccTLD,Americas,26166,89061,2151290,0.012163,1.2163
2026-06-03 23:00:00+00:00,ccTLD/geographic TLD,br,.br,ccTLD,Americas,27004,92283,2163645,0.012481,1.2481
2026-06-04 00:00:00+00:00,ccTLD/geographic TLD,br,.br,ccTLD,Americas,28042,101350,2424116,0.011568,1.1568
2026-06-04 01:00:00+00:00,ccTLD/geographic TLD,br,.br,ccTLD,Americas,27956,93507,2417692,0.011563,1.1563
2026-06-04 02:00:00+00:00,ccTLD/geographic TLD,br,.br,ccTLD,Americas,27073,94239,2412098,0.011224,1.1224
2026-06-04 03:00:00+00:00,ccTLD/geographic TLD,br,.br,ccTLD,Americas,29786,104985,2404032,0.01239,1.239
2026-06-04 04:00:00+00:00,ccTLD/geographic TLD,br,.br,ccTLD,Americas,25059,82827,2371524,0.010567,1.0567
2026-06-04 05:00:00+00:00,ccTLD/geographic TLD,br,.br,ccTLD,Americas,25854,87378,2320689,0.011141,1.1141
2026-06-04 06:00:00+00:00,ccTLD/geographic TLD,br,.br,ccTLD,Americas,27409,95429,2287783,0.011981,1.1981
2026-06-04 07:00:00+00:00,ccTLD/geographic TLD,br,.br,ccTLD,Americas,27848,104244,2347648,0.011862,1.1862
2026-06-04 08:00:00+00:00,ccTLD/geographic TLD,br,.br,ccTLD,Americas,25183,83715,2340562,0.010759,1.0759
2026-06-04 09:00:00+00:00,ccTLD/geographic TLD,br,.br,ccTLD,Americas,23953,86252,2340969,0.010232,1.0232
2026-06-04 10:00:00+00:00,ccTLD/geographic TLD,br,.br,ccTLD,Americas,26274,89076,2300655,0.01142,1.142
2026-06-04 11:00:00+00:00,ccTLD/geographic TLD,br,.br,ccTLD,Americas,24358,69299,2205874,0.011042,1.1042
2026-06-04 12:00:00+00:00,ccTLD/geographic TLD,br,.br,ccTLD,Americas,27443,82251,2375528,0.011552,1.1552
2026-06-04 13:00:00+00:00,ccTLD/geographic TLD,br,.br,ccTLD,Americas,26102,82483,2248654,0.011608,1.1608
2026-06-04 14:00:00+00:00,ccTLD/geographic TLD,br,.br,ccTLD,Americas,24618,84781,2118548,0.01162,1.162
2026-06-04 15:00:00+00:00,ccTLD/geographic TLD,br,.br,ccTLD,Americas,26112,83419,2271272,0.011497,1.1497
2026-06-04 16:00:00+00:00,ccTLD/geographic TLD,br,.br,ccTLD,Americas,25021,85442,2161557,0.011575,1.1575
2026-06-04 17:00:00+00:00,ccTLD/geographic TLD,br,.br,ccTLD,Americas,25103,79147,2141359,0.011723,1.1723
2026-06-04 18:00:00+00:00,ccTLD/geographic TLD,br,.br,ccTLD,Americas,28502,97475,2178286,0.013085,1.3085
2026-06-04 19:00:00+00:00,ccTLD/geographic TLD,br,.br,ccTLD,Americas,27181,87765,2182910,0.012452,1.2452
2026-06-04 20:00:00+00:00,ccTLD/geographic TLD,br,.br,ccTLD,Americas,28248,94950,2133405,0.013241,1.3241
2026-06-04 21:00:00+00:00,ccTLD/geographic TLD,br,.br,ccTLD,Americas,25885,85977,2164108,0.011961,1.1961
2026-06-04 22:00:00+00:00,ccTLD/geographic TLD,br,.br,ccTLD,Americas,23618,79989,2124355,0.011118,1.1118
2026-06-04 23:00:00+00:00,ccTLD/geographic TLD,br,.br,ccTLD,Americas,24467,78650,2131995,0.011476,1.1476
2026-06-05 00:00:00+00:00,ccTLD/geographic TLD,br,.br,ccTLD,Americas,26374,89269,2339726,0.011272,1.1272
2026-06-05 01:00:00+00:00,ccTLD/geographic TLD,br,.br,ccTLD,Americas,24419,77409,2311351,0.010565,1.0565
2026-06-05 02:00:00+00:00,ccTLD/geographic TLD,br,.br,ccTLD,Americas,25209,80829,2319839,0.010867,1.0867
2026-06-05 03:00:00+00:00,ccTLD/geographic TLD,br,.br,ccTLD,Americas,29808,103327,2494168,0.011951,1.1951
2026-06-05 04:00:00+00:00,ccTLD/geographic TLD,br,.br,ccTLD,Americas,28503,88654,2544102,0.011204,1.1204
2026-06-05 05:00:00+00:00,ccTLD/geographic TLD,br,.br,ccTLD,Americas,25108,75528,2480128,0.010124,1.0124
2026-06-05 06:00:00+00:00,ccTLD/geographic TLD,br,.br,ccTLD,Americas,24648,78559,2374806,0.010379,1.0379
2026-06-05 07:00:00+00:00,ccTLD/geographic TLD,br,.br,ccTLD,Americas,26036,89710,2442603,0.010659,1.0659
2026-06-05 08:00:00+00:00,ccTLD/geographic TLD,br,.br,ccTLD,Americas,24770,71169,2479097,0.009992,0.9992
2026-06-05 09:00:00+00:00,ccTLD/geographic TLD,br,.br,ccTLD,Americas,22863,68626,2353082,0.009716,0.9716
2026-06-05 10:00:00+00:00,ccTLD/geographic TLD,br,.br,ccTLD,Americas,22456,69107,2208803,0.010167,1.0167
2026-06-05 11:00:00+00:00,ccTLD/geographic TLD,br,.br,ccTLD,Americas,25149,72454,2420888,0.010388,1.0388
2026-06-05 12:00:00+00:00,ccTLD/geographic TLD,br,.br,ccTLD,Americas,24857,80540,2252768,0.011034,1.1034
2026-06-05 13:00:00+00:00,ccTLD/geographic TLD,br,.br,ccTLD,Americas,26740,88396,2265254,0.011804,1.1804
2026-06-05 14:00:00+00:00,ccTLD/geographic TLD,br,.br,ccTLD,Americas,25526,92857,2067445,0.012347,1.2347
2026-06-05 15:00:00+00:00,ccTLD/geographic TLD,br,.br,ccTLD,Americas,25971,92803,2091141,0.01242,1.242
2026-06-05 16:00:00+00:00,ccTLD/geographic TLD,br,.br,ccTLD,Americas,26447,84262,2197787,0.012033,1.2033
2026-06-05 17:00:00+00:00,ccTLD/geographic TLD,br,.br,ccTLD,Americas,26065,86582,2102137,0.012399,1.2399
2026-06-05 18:00:00+00:00,ccTLD/geographic TLD,br,.br,ccTLD,Americas,28231,96663,2149997,0.013131,1.3131
2026-06-05 19:00:00+00:00,ccTLD/geographic TLD,br,.br,ccTLD,Americas,27923,99828,2138840,0.013055,1.3055
2026-06-05 20:00:00+00:00,ccTLD/geographic TLD,br,.br,ccTLD,Americas,28377,98755,2155639,0.013164,1.3164
2026-06-05 21:00:00+00:00,ccTLD/geographic TLD,br,.br,ccTLD,Americas,26495,92584,2073218,0.01278,1.278
2026-05-29 22:00:00+00:00,ccTLD/geographic TLD,cn,.cn,ccTLD,Asia,23166,72205,2332928,0.00993,0.993
2026-05-29 23:00:00+00:00,ccTLD/geographic TLD,cn,.cn,ccTLD,Asia,27167,82045,2295056,0.011837,1.1837
2026-05-30 00:00:00+00:00,ccTLD/geographic TLD,cn,.cn,ccTLD,Asia,27481,83397,2362696,0.011631,1.1631
2026-05-30 01:00:00+00:00,ccTLD/geographic TLD,cn,.cn,ccTLD,Asia,24513,82771,2242080,0.010933,1.0933
2026-05-30 02:00:00+00:00,ccTLD/geographic TLD,cn,.cn,ccTLD,Asia,25168,91273,2133739,0.011795,1.1795
2026-05-30 03:00:00+00:00,ccTLD/geographic TLD,cn,.cn,ccTLD,Asia,25191,86403,2120890,0.011878,1.1878
2026-05-30 04:00:00+00:00,ccTLD/geographic TLD,cn,.cn,ccTLD,Asia,28888,95576,2156725,0.013394,1.3394
2026-05-30 05:00:00+00:00,ccTLD/geographic TLD,cn,.cn,ccTLD,Asia,26159,93989,2142404,0.01221,1.221
2026-05-30 06:00:00+00:00,ccTLD/geographic TLD,cn,.cn,ccTLD,Asia,27390,105009,2096051,0.013067,1.3067
2026-05-30 07:00:00+00:00,ccTLD/geographic TLD,cn,.cn,ccTLD,Asia,26088,90377,2140460,0.012188,1.2188
2026-05-30 08:00:00+00:00,ccTLD/geographic TLD,cn,.cn,ccTLD,Asia,25942,86097,2151140,0.01206,1.206
2026-05-30 09:00:00+00:00,ccTLD/geographic TLD,cn,.cn,ccTLD,Asia,23036,76457,2139154,0.010769,1.0769
2026-05-30 10:00:00+00:00,ccTLD/geographic TLD,cn,.cn,ccTLD,Asia,22554,73420,2176792,0.010361,1.0361
2026-05-30 11:00:00+00:00,ccTLD/geographic TLD,cn,.cn,ccTLD,Asia,20921,69592,2108629,0.009922,0.9922
2026-05-30 12:00:00+00:00,ccTLD/geographic TLD,cn,.cn,ccTLD,Asia,23672,79932,2159135,0.010964,1.0964
2026-05-30 13:00:00+00:00,ccTLD/geographic TLD,cn,.cn,ccTLD,Asia,23366,87068,2074045,0.011266,1.1266
2026-05-30 14:00:00+00:00,ccTLD/geographic TLD,cn,.cn,ccTLD,Asia,25225,90944,2117010,0.011915,1.1915
2026-05-30 15:00:00+00:00,ccTLD/geographic TLD,cn,.cn,ccTLD,Asia,23380,80940,2105704,0.011103,1.1103
2026-05-30 16:00:00+00:00,ccTLD/geographic TLD,cn,.cn,ccTLD,Asia,27423,100216,2247521,0.012201,1.2201
2026-05-30 17:00:00+00:00,ccTLD/geographic TLD,cn,.cn,ccTLD,Asia,23811,80739,2262288,0.010525,1.0525
2026-05-30 18:00:00+00:00,ccTLD/geographic TLD,cn,.cn,ccTLD,Asia,22757,72130,2154411,0.010563,1.0563
2026-05-30 19:00:00+00:00,ccTLD/geographic TLD,cn,.cn,ccTLD,Asia,22923,74567,2170138,0.010563,1.0563
2026-05-30 20:00:00+00:00,ccTLD/geographic TLD,cn,.cn,ccTLD,Asia,21075,64499,2112649,0.009976,0.9976
2026-05-30 21:00:00+00:00,ccTLD/geographic TLD,cn,.cn,ccTLD,Asia,21700,69672,2105344,0.010307,1.0307
2026-05-30 22:00:00+00:00,ccTLD/geographic TLD,cn,.cn,ccTLD,Asia,22045,70064,2067390,0.010663,1.0663
2026-05-30 23:00:00+00:00,ccTLD/geographic TLD,cn,.cn,ccTLD,Asia,20615,60327,2047428,0.010069,1.0069
2026-05-31 00:00:00+00:00,ccTLD/geographic TLD,cn,.cn,ccTLD,Asia,22258,70500,2154167,0.010333,1.0333
2026-05-31 01:00:00+00:00,ccTLD/geographic TLD,cn,.cn,ccTLD,Asia,21963,65231,2119543,0.010362,1.0362
2026-05-31 02:00:00+00:00,ccTLD/geographic TLD,cn,.cn,ccTLD,Asia,23797,75177,2238146,0.010632,1.0632
2026-05-31 03:00:00+00:00,ccTLD/geographic TLD,cn,.cn,ccTLD,Asia,20701,66437,2175300,0.009516,0.9516
2026-05-31 04:00:00+00:00,ccTLD/geographic TLD,cn,.cn,ccTLD,Asia,22821,76077,2197100,0.010387,1.0387
2026-05-31 05:00:00+00:00,ccTLD/geographic TLD,cn,.cn,ccTLD,Asia,23037,74198,2206624,0.01044,1.044
2026-05-31 06:00:00+00:00,ccTLD/geographic TLD,cn,.cn,ccTLD,Asia,24777,80895,2207397,0.011225,1.1225
2026-05-31 07:00:00+00:00,ccTLD/geographic TLD,cn,.cn,ccTLD,Asia,26483,90320,2240162,0.011822,1.1822
2026-05-31 08:00:00+00:00,ccTLD/geographic TLD,cn,.cn,ccTLD,Asia,25593,84593,2213538,0.011562,1.1562
2026-05-31 09:00:00+00:00,ccTLD/geographic TLD,cn,.cn,ccTLD,Asia,26195,84754,2188991,0.011967,1.1967
2026-05-31 10:00:00+00:00,ccTLD/geographic TLD,cn,.cn,ccTLD,Asia,25980,83099,2163451,0.012009,1.2009
2026-05-31 11:00:00+00:00,ccTLD/geographic TLD,cn,.cn,ccTLD,Asia,23759,77842,2123605,0.011188,1.1188
2026-05-31 12:00:00+00:00,ccTLD/geographic TLD,cn,.cn,ccTLD,Asia,22910,74816,2113554,0.01084,1.084
2026-05-31 13:00:00+00:00,ccTLD/geographic TLD,cn,.cn,ccTLD,Asia,23646,76204,2165273,0.010921,1.0921
2026-05-31 14:00:00+00:00,ccTLD/geographic TLD,cn,.cn,ccTLD,Asia,24416,77465,2154309,0.011334,1.1334
2026-05-31 15:00:00+00:00,ccTLD/geographic TLD,cn,.cn,ccTLD,Asia,23269,73680,2168629,0.01073,1.073
2026-05-31 16:00:00+00:00,ccTLD/geographic TLD,cn,.cn,ccTLD,Asia,24985,87642,2198881,0.011363,1.1363
2026-05-31 17:00:00+00:00,ccTLD/geographic TLD,cn,.cn,ccTLD,Asia,22665,74662,2172192,0.010434,1.0434
2026-05-31 18:00:00+00:00,ccTLD/geographic TLD,cn,.cn,ccTLD,Asia,21895,67524,2149404,0.010187,1.0187
2026-05-31 19:00:00+00:00,ccTLD/geographic TLD,cn,.cn,ccTLD,Asia,22570,72261,2182144,0.010343,1.0343
2026-05-31 20:00:00+00:00,ccTLD/geographic TLD,cn,.cn,ccTLD,Asia,20836,63511,2041152,0.010208,1.0208
2026-05-31 21:00:00+00:00,ccTLD/geographic TLD,cn,.cn,ccTLD,Asia,21654,69542,2030089,0.010667,1.0667
2026-05-31 22:00:00+00:00,ccTLD/geographic TLD,cn,.cn,ccTLD,Asia,20244,65849,2046059,0.009894,0.9894
2026-05-31 23:00:00+00:00,ccTLD/geographic TLD,cn,.cn,ccTLD,Asia,20867,66588,2018518,0.010338,1.0338
2026-06-01 00:00:00+00:00,ccTLD/geographic TLD,cn,.cn,ccTLD,Asia,21561,75023,2148359,0.010036,1.0036
2026-06-01 01:00:00+00:00,ccTLD/geographic TLD,cn,.cn,ccTLD,Asia,20582,74021,2026865,0.010155,1.0155
2026-06-01 02:00:00+00:00,ccTLD/geographic TLD,cn,.cn,ccTLD,Asia,21053,75398,2005488,0.010498,1.0498
2026-06-01 03:00:00+00:00,ccTLD/geographic TLD,cn,.cn,ccTLD,Asia,21006,75135,2099572,0.010005,1.0005
2026-06-01 04:00:00+00:00,ccTLD/geographic TLD,cn,.cn,ccTLD,Asia,20470,73382,2020543,0.010131,1.0131
2026-06-01 05:00:00+00:00,ccTLD/geographic TLD,cn,.cn,ccTLD,Asia,20845,81553,2079677,0.010023,1.0023
2026-06-01 06:00:00+00:00,ccTLD/geographic TLD,cn,.cn,ccTLD,Asia,23966,88906,2137363,0.011213,1.1213
2026-06-01 07:00:00+00:00,ccTLD/geographic TLD,cn,.cn,ccTLD,Asia,23342,91634,2165659,0.010778,1.0778
2026-06-01 08:00:00+00:00,ccTLD/geographic TLD,cn,.cn,ccTLD,Asia,25021,106658,2174019,0.011509,1.1509
2026-06-01 09:00:00+00:00,ccTLD/geographic TLD,cn,.cn,ccTLD,Asia,25104,97196,2187339,0.011477,1.1477
2026-06-01 10:00:00+00:00,ccTLD/geographic TLD,cn,.cn,ccTLD,Asia,22666,83915,2141495,0.010584,1.0584
2026-06-01 11:00:00+00:00,ccTLD/geographic TLD,cn,.cn,ccTLD,Asia,26726,95744,2152631,0.012416,1.2416
2026-06-01 12:00:00+00:00,ccTLD/geographic TLD,cn,.cn,ccTLD,Asia,28830,104562,2081322,0.013852,1.3852
2026-06-01 13:00:00+00:00,ccTLD/geographic TLD,cn,.cn,ccTLD,Asia,23523,81584,2011862,0.011692,1.1692
2026-06-01 14:00:00+00:00,ccTLD/geographic TLD,cn,.cn,ccTLD,Asia,27910,98197,2082264,0.013404,1.3404
2026-06-01 15:00:00+00:00,ccTLD/geographic TLD,cn,.cn,ccTLD,Asia,21386,77544,2044469,0.01046,1.046
2026-06-01 16:00:00+00:00,ccTLD/geographic TLD,cn,.cn,ccTLD,Asia,22990,85836,2084375,0.01103,1.103
2026-06-01 17:00:00+00:00,ccTLD/geographic TLD,cn,.cn,ccTLD,Asia,24084,90599,2094102,0.011501,1.1501
2026-06-01 18:00:00+00:00,ccTLD/geographic TLD,cn,.cn,ccTLD,Asia,21333,73158,2041265,0.010451,1.0451
2026-06-01 19:00:00+00:00,ccTLD/geographic TLD,cn,.cn,ccTLD,Asia,22847,83078,2089976,0.010932,1.0932
2026-06-01 20:00:00+00:00,ccTLD/geographic TLD,cn,.cn,ccTLD,Asia,21090,76588,2032954,0.010374,1.0374
2026-06-01 21:00:00+00:00,ccTLD/geographic TLD,cn,.cn,ccTLD,Asia,22864,82929,2097478,0.010901,1.0901
2026-06-01 22:00:00+00:00,ccTLD/geographic TLD,cn,.cn,ccTLD,Asia,21919,77151,2094668,0.010464,1.0464
2026-06-01 23:00:00+00:00,ccTLD/geographic TLD,cn,.cn,ccTLD,Asia,21540,74256,2015548,0.010687,1.0687
2026-06-02 00:00:00+00:00,ccTLD/geographic TLD,cn,.cn,ccTLD,Asia,23807,89431,2087394,0.011405,1.1405
2026-06-02 01:00:00+00:00,ccTLD/geographic TLD,cn,.cn,ccTLD,Asia,22901,88837,2196865,0.010424,1.0424
2026-06-02 02:00:00+00:00,ccTLD/geographic TLD,cn,.cn,ccTLD,Asia,21084,77531,2173823,0.009699,0.9699
2026-06-02 03:00:00+00:00,ccTLD/geographic TLD,cn,.cn,ccTLD,Asia,22005,86408,2216079,0.00993,0.993
2026-06-02 04:00:00+00:00,ccTLD/geographic TLD,cn,.cn,ccTLD,Asia,22185,82543,2296685,0.00966,0.966
2026-06-02 05:00:00+00:00,ccTLD/geographic TLD,cn,.cn,ccTLD,Asia,21811,78682,2273161,0.009595,0.9595
2026-06-02 06:00:00+00:00,ccTLD/geographic TLD,cn,.cn,ccTLD,Asia,21246,75658,2148978,0.009887,0.9887
2026-06-02 07:00:00+00:00,ccTLD/geographic TLD,cn,.cn,ccTLD,Asia,22419,84738,2088732,0.010733,1.0733
2026-06-02 08:00:00+00:00,ccTLD/geographic TLD,cn,.cn,ccTLD,Asia,22609,89048,2148962,0.010521,1.0521
2026-06-02 09:00:00+00:00,ccTLD/geographic TLD,cn,.cn,ccTLD,Asia,26418,107029,2290072,0.011536,1.1536
2026-06-02 10:00:00+00:00,ccTLD/geographic TLD,cn,.cn,ccTLD,Asia,24331,94520,2153192,0.0113,1.13
2026-06-02 11:00:00+00:00,ccTLD/geographic TLD,cn,.cn,ccTLD,Asia,25939,102461,2124459,0.01221,1.221
2026-06-02 12:00:00+00:00,ccTLD/geographic TLD,cn,.cn,ccTLD,Asia,24188,97435,2023353,0.011954,1.1954
2026-06-02 13:00:00+00:00,ccTLD/geographic TLD,cn,.cn,ccTLD,Asia,25495,98796,2060524,0.012373,1.2373
2026-06-02 14:00:00+00:00,ccTLD/geographic TLD,cn,.cn,ccTLD,Asia,25060,93227,2061331,0.012157,1.2157
2026-06-02 15:00:00+00:00,ccTLD/geographic TLD,cn,.cn,ccTLD,Asia,26977,102063,2086290,0.012931,1.2931
2026-06-02 16:00:00+00:00,ccTLD/geographic TLD,cn,.cn,ccTLD,Asia,25852,100904,2202717,0.011736,1.1736
2026-06-02 17:00:00+00:00,ccTLD/geographic TLD,cn,.cn,ccTLD,Asia,26996,93497,2424665,0.011134,1.1134
2026-06-02 18:00:00+00:00,ccTLD/geographic TLD,cn,.cn,ccTLD,Asia,25916,103460,2298686,0.011274,1.1274
2026-06-02 19:00:00+00:00,ccTLD/geographic TLD,cn,.cn,ccTLD,Asia,23255,89521,2132312,0.010906,1.0906
2026-06-02 20:00:00+00:00,ccTLD/geographic TLD,cn,.cn,ccTLD,Asia,23207,89003,2161165,0.010738,1.0738
2026-06-02 21:00:00+00:00,ccTLD/geographic TLD,cn,.cn,ccTLD,Asia,36247,188289,2160020,0.016781,1.6781
2026-06-02 22:00:00+00:00,ccTLD/geographic TLD,cn,.cn,ccTLD,Asia,23410,85265,2113116,0.011078,1.1078
2026-06-02 23:00:00+00:00,ccTLD/geographic TLD,cn,.cn,ccTLD,Asia,21592,82452,2020824,0.010685,1.0685
2026-06-03 00:00:00+00:00,ccTLD/geographic TLD,cn,.cn,ccTLD,Asia,23184,91010,2246419,0.01032,1.032
2026-06-03 01:00:00+00:00,ccTLD/geographic TLD,cn,.cn,ccTLD,Asia,26164,103978,2309096,0.011331,1.1331
2026-06-03 02:00:00+00:00,ccTLD/geographic TLD,cn,.cn,ccTLD,Asia,27499,101367,2250452,0.012219,1.2219
2026-06-03 03:00:00+00:00,ccTLD/geographic TLD,cn,.cn,ccTLD,Asia,27066,100484,2356140,0.011487,1.1487
2026-06-03 04:00:00+00:00,ccTLD/geographic TLD,cn,.cn,ccTLD,Asia,27800,103142,2369542,0.011732,1.1732
2026-06-03 05:00:00+00:00,ccTLD/geographic TLD,cn,.cn,ccTLD,Asia,26059,98520,2217957,0.011749,1.1749
2026-06-03 06:00:00+00:00,ccTLD/geographic TLD,cn,.cn,ccTLD,Asia,24841,93769,2054870,0.012089,1.2089
2026-06-03 07:00:00+00:00,ccTLD/geographic TLD,cn,.cn,ccTLD,Asia,26650,97716,2027905,0.013142,1.3142
2026-06-03 08:00:00+00:00,ccTLD/geographic TLD,cn,.cn,ccTLD,Asia,24158,86298,2049202,0.011789,1.1789
2026-06-03 09:00:00+00:00,ccTLD/geographic TLD,cn,.cn,ccTLD,Asia,23657,82117,2009267,0.011774,1.1774
2026-06-03 10:00:00+00:00,ccTLD/geographic TLD,cn,.cn,ccTLD,Asia,24941,81570,1965246,0.012691,1.2691
2026-06-03 11:00:00+00:00,ccTLD/geographic TLD,cn,.cn,ccTLD,Asia,26272,94303,2318995,0.011329,1.1329
2026-06-03 12:00:00+00:00,ccTLD/geographic TLD,cn,.cn,ccTLD,Asia,26145,96831,2201845,0.011874,1.1874
2026-06-03 13:00:00+00:00,ccTLD/geographic TLD,cn,.cn,ccTLD,Asia,24318,90909,2144200,0.011341,1.1341
2026-06-03 14:00:00+00:00,ccTLD/geographic TLD,cn,.cn,ccTLD,Asia,23351,87856,2128313,0.010972,1.0972
2026-06-03 15:00:00+00:00,ccTLD/geographic TLD,cn,.cn,ccTLD,Asia,23488,81099,2086575,0.011257,1.1257
2026-06-03 16:00:00+00:00,ccTLD/geographic TLD,cn,.cn,ccTLD,Asia,25316,92344,2161287,0.011713,1.1713
2026-06-03 17:00:00+00:00,ccTLD/geographic TLD,cn,.cn,ccTLD,Asia,25083,89863,2106235,0.011909,1.1909
2026-06-03 18:00:00+00:00,ccTLD/geographic TLD,cn,.cn,ccTLD,Asia,27150,98614,2172410,0.012498,1.2498
2026-06-03 19:00:00+00:00,ccTLD/geographic TLD,cn,.cn,ccTLD,Asia,26080,93123,2151258,0.012123,1.2123
2026-06-03 20:00:00+00:00,ccTLD/geographic TLD,cn,.cn,ccTLD,Asia,23201,79892,2141054,0.010836,1.0836
2026-06-03 21:00:00+00:00,ccTLD/geographic TLD,cn,.cn,ccTLD,Asia,24591,80249,2137322,0.011506,1.1506
2026-06-03 22:00:00+00:00,ccTLD/geographic TLD,cn,.cn,ccTLD,Asia,21553,72887,2151290,0.010019,1.0019
2026-06-03 23:00:00+00:00,ccTLD/geographic TLD,cn,.cn,ccTLD,Asia,22196,74601,2163645,0.010259,1.0259
2026-06-04 00:00:00+00:00,ccTLD/geographic TLD,cn,.cn,ccTLD,Asia,23153,86178,2424116,0.009551,0.9551
2026-06-04 01:00:00+00:00,ccTLD/geographic TLD,cn,.cn,ccTLD,Asia,23097,85231,2417692,0.009553,0.9553
2026-06-04 02:00:00+00:00,ccTLD/geographic TLD,cn,.cn,ccTLD,Asia,25907,95956,2412098,0.01074,1.074
2026-06-04 03:00:00+00:00,ccTLD/geographic TLD,cn,.cn,ccTLD,Asia,25992,95698,2404032,0.010812,1.0812
2026-06-04 04:00:00+00:00,ccTLD/geographic TLD,cn,.cn,ccTLD,Asia,26914,106289,2371524,0.011349,1.1349
2026-06-04 05:00:00+00:00,ccTLD/geographic TLD,cn,.cn,ccTLD,Asia,25902,101155,2320689,0.011161,1.1161
2026-06-04 06:00:00+00:00,ccTLD/geographic TLD,cn,.cn,ccTLD,Asia,25422,100694,2287783,0.011112,1.1112
2026-06-04 07:00:00+00:00,ccTLD/geographic TLD,cn,.cn,ccTLD,Asia,25459,97532,2347648,0.010844,1.0844
2026-06-04 08:00:00+00:00,ccTLD/geographic TLD,cn,.cn,ccTLD,Asia,26185,101433,2340562,0.011187,1.1187
2026-06-04 09:00:00+00:00,ccTLD/geographic TLD,cn,.cn,ccTLD,Asia,29171,121371,2340969,0.012461,1.2461
2026-06-04 10:00:00+00:00,ccTLD/geographic TLD,cn,.cn,ccTLD,Asia,25379,95938,2300655,0.011031,1.1031
2026-06-04 11:00:00+00:00,ccTLD/geographic TLD,cn,.cn,ccTLD,Asia,23736,84814,2205874,0.01076,1.076
2026-06-04 12:00:00+00:00,ccTLD/geographic TLD,cn,.cn,ccTLD,Asia,26139,91518,2375528,0.011003,1.1003
2026-06-04 13:00:00+00:00,ccTLD/geographic TLD,cn,.cn,ccTLD,Asia,24211,88286,2248654,0.010767,1.0767
2026-06-04 14:00:00+00:00,ccTLD/geographic TLD,cn,.cn,ccTLD,Asia,23867,97990,2118548,0.011266,1.1266
2026-06-04 15:00:00+00:00,ccTLD/geographic TLD,cn,.cn,ccTLD,Asia,24870,96793,2271272,0.01095,1.095
2026-06-04 16:00:00+00:00,ccTLD/geographic TLD,cn,.cn,ccTLD,Asia,23525,93479,2161557,0.010883,1.0883
2026-06-04 17:00:00+00:00,ccTLD/geographic TLD,cn,.cn,ccTLD,Asia,21995,79242,2141359,0.010272,1.0272
2026-06-04 18:00:00+00:00,ccTLD/geographic TLD,cn,.cn,ccTLD,Asia,21577,74774,2178286,0.009905,0.9905
2026-06-04 19:00:00+00:00,ccTLD/geographic TLD,cn,.cn,ccTLD,Asia,21572,76665,2182910,0.009882,0.9882
2026-06-04 20:00:00+00:00,ccTLD/geographic TLD,cn,.cn,ccTLD,Asia,21678,80601,2133405,0.010161,1.0161
2026-06-04 21:00:00+00:00,ccTLD/geographic TLD,cn,.cn,ccTLD,Asia,22945,85344,2164108,0.010603,1.0603
2026-06-04 22:00:00+00:00,ccTLD/geographic TLD,cn,.cn,ccTLD,Asia,22069,87343,2124355,0.010389,1.0389
2026-06-04 23:00:00+00:00,ccTLD/geographic TLD,cn,.cn,ccTLD,Asia,21883,82195,2131995,0.010264,1.0264
2026-06-05 00:00:00+00:00,ccTLD/geographic TLD,cn,.cn,ccTLD,Asia,24965,89942,2339726,0.01067,1.067
2026-06-05 01:00:00+00:00,ccTLD/geographic TLD,cn,.cn,ccTLD,Asia,25444,96692,2311351,0.011008,1.1008
2026-06-05 02:00:00+00:00,ccTLD/geographic TLD,cn,.cn,ccTLD,Asia,30865,105393,2319839,0.013305,1.3305
2026-06-05 03:00:00+00:00,ccTLD/geographic TLD,cn,.cn,ccTLD,Asia,34168,117383,2494168,0.013699,1.3699
2026-06-05 04:00:00+00:00,ccTLD/geographic TLD,cn,.cn,ccTLD,Asia,32962,111982,2544102,0.012956,1.2956
2026-06-05 05:00:00+00:00,ccTLD/geographic TLD,cn,.cn,ccTLD,Asia,28449,96786,2480128,0.011471,1.1471
2026-06-05 06:00:00+00:00,ccTLD/geographic TLD,cn,.cn,ccTLD,Asia,29269,102239,2374806,0.012325,1.2325
2026-06-05 07:00:00+00:00,ccTLD/geographic TLD,cn,.cn,ccTLD,Asia,29433,106121,2442603,0.01205,1.205
2026-06-05 08:00:00+00:00,ccTLD/geographic TLD,cn,.cn,ccTLD,Asia,29283,105630,2479097,0.011812,1.1812
2026-06-05 09:00:00+00:00,ccTLD/geographic TLD,cn,.cn,ccTLD,Asia,28590,110444,2353082,0.01215,1.215
2026-06-05 10:00:00+00:00,ccTLD/geographic TLD,cn,.cn,ccTLD,Asia,24946,88936,2208803,0.011294,1.1294
2026-06-05 11:00:00+00:00,ccTLD/geographic TLD,cn,.cn,ccTLD,Asia,30875,106421,2420888,0.012754,1.2754
2026-06-05 12:00:00+00:00,ccTLD/geographic TLD,cn,.cn,ccTLD,Asia,27807,102666,2252768,0.012343,1.2343
2026-06-05 13:00:00+00:00,ccTLD/geographic TLD,cn,.cn,ccTLD,Asia,28281,118072,2265254,0.012485,1.2485
2026-06-05 14:00:00+00:00,ccTLD/geographic TLD,cn,.cn,ccTLD,Asia,22869,96861,2067445,0.011061,1.1061
2026-06-05 15:00:00+00:00,ccTLD/geographic TLD,cn,.cn,ccTLD,Asia,21160,90627,2091141,0.010119,1.0119
2026-06-05 16:00:00+00:00,ccTLD/geographic TLD,cn,.cn,ccTLD,Asia,24602,94639,2197787,0.011194,1.1194
2026-06-05 17:00:00+00:00,ccTLD/geographic TLD,cn,.cn,ccTLD,Asia,22212,89258,2102137,0.010566,1.0566
2026-06-05 18:00:00+00:00,ccTLD/geographic TLD,cn,.cn,ccTLD,Asia,23698,92409,2149997,0.011022,1.1022
2026-06-05 19:00:00+00:00,ccTLD/geographic TLD,cn,.cn,ccTLD,Asia,23344,94333,2138840,0.010914,1.0914
2026-06-05 20:00:00+00:00,ccTLD/geographic TLD,cn,.cn,ccTLD,Asia,24624,91324,2155639,0.011423,1.1423
2026-06-05 21:00:00+00:00,ccTLD/geographic TLD,cn,.cn,ccTLD,Asia,22625,87757,2073218,0.010913,1.0913
2026-05-29 22:00:00+00:00,ccTLD/geographic TLD,de,.de,ccTLD,Europe,56793,166664,2332928,0.024344,2.4344
2026-05-29 23:00:00+00:00,ccTLD/geographic TLD,de,.de,ccTLD,Europe,50063,140553,2295056,0.021813,2.1813
2026-05-30 00:00:00+00:00,ccTLD/geographic TLD,de,.de,ccTLD,Europe,51297,151831,2362696,0.021711,2.1711
2026-05-30 01:00:00+00:00,ccTLD/geographic TLD,de,.de,ccTLD,Europe,49191,155735,2242080,0.02194,2.194
2026-05-30 02:00:00+00:00,ccTLD/geographic TLD,de,.de,ccTLD,Europe,44708,151474,2133739,0.020953,2.0953
2026-05-30 03:00:00+00:00,ccTLD/geographic TLD,de,.de,ccTLD,Europe,43770,130842,2120890,0.020638,2.0638
2026-05-30 04:00:00+00:00,ccTLD/geographic TLD,de,.de,ccTLD,Europe,47775,131036,2156725,0.022152,2.2152
2026-05-30 05:00:00+00:00,ccTLD/geographic TLD,de,.de,ccTLD,Europe,46007,130297,2142404,0.021474,2.1474
2026-05-30 06:00:00+00:00,ccTLD/geographic TLD,de,.de,ccTLD,Europe,48345,148922,2096051,0.023065,2.3065
2026-05-30 07:00:00+00:00,ccTLD/geographic TLD,de,.de,ccTLD,Europe,45082,128758,2140460,0.021062,2.1062
2026-05-30 08:00:00+00:00,ccTLD/geographic TLD,de,.de,ccTLD,Europe,44218,121775,2151140,0.020556,2.0556
2026-05-30 09:00:00+00:00,ccTLD/geographic TLD,de,.de,ccTLD,Europe,48877,147492,2139154,0.022849,2.2849
2026-05-30 10:00:00+00:00,ccTLD/geographic TLD,de,.de,ccTLD,Europe,51344,151312,2176792,0.023587,2.3587
2026-05-30 11:00:00+00:00,ccTLD/geographic TLD,de,.de,ccTLD,Europe,49710,136027,2108629,0.023575,2.3575
2026-05-30 12:00:00+00:00,ccTLD/geographic TLD,de,.de,ccTLD,Europe,47986,133444,2159135,0.022225,2.2225
2026-05-30 13:00:00+00:00,ccTLD/geographic TLD,de,.de,ccTLD,Europe,44197,126133,2074045,0.02131,2.131
2026-05-30 14:00:00+00:00,ccTLD/geographic TLD,de,.de,ccTLD,Europe,45373,135943,2117010,0.021433,2.1433
2026-05-30 15:00:00+00:00,ccTLD/geographic TLD,de,.de,ccTLD,Europe,45888,130744,2105704,0.021792,2.1792
2026-05-30 16:00:00+00:00,ccTLD/geographic TLD,de,.de,ccTLD,Europe,51650,158772,2247521,0.022981,2.2981
2026-05-30 17:00:00+00:00,ccTLD/geographic TLD,de,.de,ccTLD,Europe,50194,151816,2262288,0.022187,2.2187
2026-05-30 18:00:00+00:00,ccTLD/geographic TLD,de,.de,ccTLD,Europe,50194,145560,2154411,0.023298,2.3298
2026-05-30 19:00:00+00:00,ccTLD/geographic TLD,de,.de,ccTLD,Europe,49019,139329,2170138,0.022588,2.2588
2026-05-30 20:00:00+00:00,ccTLD/geographic TLD,de,.de,ccTLD,Europe,47711,141073,2112649,0.022583,2.2583
2026-05-30 21:00:00+00:00,ccTLD/geographic TLD,de,.de,ccTLD,Europe,46044,129783,2105344,0.02187,2.187
2026-05-30 22:00:00+00:00,ccTLD/geographic TLD,de,.de,ccTLD,Europe,53249,168217,2067390,0.025757,2.5757
2026-05-30 23:00:00+00:00,ccTLD/geographic TLD,de,.de,ccTLD,Europe,45545,131544,2047428,0.022245,2.2245
2026-05-31 00:00:00+00:00,ccTLD/geographic TLD,de,.de,ccTLD,Europe,48874,158494,2154167,0.022688,2.2688
2026-05-31 01:00:00+00:00,ccTLD/geographic TLD,de,.de,ccTLD,Europe,51432,184766,2119543,0.024266,2.4266
2026-05-31 02:00:00+00:00,ccTLD/geographic TLD,de,.de,ccTLD,Europe,60556,222011,2238146,0.027056,2.7056
2026-05-31 03:00:00+00:00,ccTLD/geographic TLD,de,.de,ccTLD,Europe,51361,159096,2175300,0.023611,2.3611
2026-05-31 04:00:00+00:00,ccTLD/geographic TLD,de,.de,ccTLD,Europe,49020,154172,2197100,0.022311,2.2311
2026-05-31 05:00:00+00:00,ccTLD/geographic TLD,de,.de,ccTLD,Europe,48392,138297,2206624,0.02193,2.193
2026-05-31 06:00:00+00:00,ccTLD/geographic TLD,de,.de,ccTLD,Europe,48301,141383,2207397,0.021881,2.1881
2026-05-31 07:00:00+00:00,ccTLD/geographic TLD,de,.de,ccTLD,Europe,50682,151888,2240162,0.022624,2.2624
2026-05-31 08:00:00+00:00,ccTLD/geographic TLD,de,.de,ccTLD,Europe,50951,153729,2213538,0.023018,2.3018
2026-05-31 09:00:00+00:00,ccTLD/geographic TLD,de,.de,ccTLD,Europe,50385,150773,2188991,0.023017,2.3017
2026-05-31 10:00:00+00:00,ccTLD/geographic TLD,de,.de,ccTLD,Europe,50007,153574,2163451,0.023114,2.3114
2026-05-31 11:00:00+00:00,ccTLD/geographic TLD,de,.de,ccTLD,Europe,50244,149243,2123605,0.02366,2.366
2026-05-31 12:00:00+00:00,ccTLD/geographic TLD,de,.de,ccTLD,Europe,47342,135709,2113554,0.022399,2.2399
2026-05-31 13:00:00+00:00,ccTLD/geographic TLD,de,.de,ccTLD,Europe,47563,133678,2165273,0.021966,2.1966
2026-05-31 14:00:00+00:00,ccTLD/geographic TLD,de,.de,ccTLD,Europe,46277,132275,2154309,0.021481,2.1481
2026-05-31 15:00:00+00:00,ccTLD/geographic TLD,de,.de,ccTLD,Europe,44418,123447,2168629,0.020482,2.0482
2026-05-31 16:00:00+00:00,ccTLD/geographic TLD,de,.de,ccTLD,Europe,49924,147192,2198881,0.022704,2.2704
2026-05-31 17:00:00+00:00,ccTLD/geographic TLD,de,.de,ccTLD,Europe,47121,128131,2172192,0.021693,2.1693
2026-05-31 18:00:00+00:00,ccTLD/geographic TLD,de,.de,ccTLD,Europe,52033,140544,2149404,0.024208,2.4208
2026-05-31 19:00:00+00:00,ccTLD/geographic TLD,de,.de,ccTLD,Europe,51668,142987,2182144,0.023678,2.3678
2026-05-31 20:00:00+00:00,ccTLD/geographic TLD,de,.de,ccTLD,Europe,50730,169328,2041152,0.024854,2.4854
2026-05-31 21:00:00+00:00,ccTLD/geographic TLD,de,.de,ccTLD,Europe,48839,156630,2030089,0.024058,2.4058
2026-05-31 22:00:00+00:00,ccTLD/geographic TLD,de,.de,ccTLD,Europe,58034,193188,2046059,0.028364,2.8364
2026-05-31 23:00:00+00:00,ccTLD/geographic TLD,de,.de,ccTLD,Europe,54562,165811,2018518,0.027031,2.7031
2026-06-01 00:00:00+00:00,ccTLD/geographic TLD,de,.de,ccTLD,Europe,61067,213212,2148359,0.028425,2.8425
2026-06-01 01:00:00+00:00,ccTLD/geographic TLD,de,.de,ccTLD,Europe,56484,289830,2026865,0.027868,2.7868
2026-06-01 02:00:00+00:00,ccTLD/geographic TLD,de,.de,ccTLD,Europe,51650,162035,2005488,0.025754,2.5754
2026-06-01 03:00:00+00:00,ccTLD/geographic TLD,de,.de,ccTLD,Europe,47660,146086,2099572,0.0227,2.27
2026-06-01 04:00:00+00:00,ccTLD/geographic TLD,de,.de,ccTLD,Europe,46207,137914,2020543,0.022869,2.2869
2026-06-01 05:00:00+00:00,ccTLD/geographic TLD,de,.de,ccTLD,Europe,45716,131277,2079677,0.021982,2.1982
2026-06-01 06:00:00+00:00,ccTLD/geographic TLD,de,.de,ccTLD,Europe,48389,141669,2137363,0.02264,2.264
2026-06-01 07:00:00+00:00,ccTLD/geographic TLD,de,.de,ccTLD,Europe,47731,143779,2165659,0.02204,2.204
2026-06-01 08:00:00+00:00,ccTLD/geographic TLD,de,.de,ccTLD,Europe,51088,152920,2174019,0.023499,2.3499
2026-06-01 09:00:00+00:00,ccTLD/geographic TLD,de,.de,ccTLD,Europe,53170,163178,2187339,0.024308,2.4308
2026-06-01 10:00:00+00:00,ccTLD/geographic TLD,de,.de,ccTLD,Europe,49424,153005,2141495,0.023079,2.3079
2026-06-01 11:00:00+00:00,ccTLD/geographic TLD,de,.de,ccTLD,Europe,48693,146192,2152631,0.02262,2.262
2026-06-01 12:00:00+00:00,ccTLD/geographic TLD,de,.de,ccTLD,Europe,48824,147782,2081322,0.023458,2.3458
2026-06-01 13:00:00+00:00,ccTLD/geographic TLD,de,.de,ccTLD,Europe,44227,129446,2011862,0.021983,2.1983
2026-06-01 14:00:00+00:00,ccTLD/geographic TLD,de,.de,ccTLD,Europe,48458,146059,2082264,0.023272,2.3272
2026-06-01 15:00:00+00:00,ccTLD/geographic TLD,de,.de,ccTLD,Europe,44269,129176,2044469,0.021653,2.1653
2026-06-01 16:00:00+00:00,ccTLD/geographic TLD,de,.de,ccTLD,Europe,49997,147957,2084375,0.023987,2.3987
2026-06-01 17:00:00+00:00,ccTLD/geographic TLD,de,.de,ccTLD,Europe,47093,130878,2094102,0.022488,2.2488
2026-06-01 18:00:00+00:00,ccTLD/geographic TLD,de,.de,ccTLD,Europe,48486,136915,2041265,0.023753,2.3753
2026-06-01 19:00:00+00:00,ccTLD/geographic TLD,de,.de,ccTLD,Europe,45940,131111,2089976,0.021981,2.1981
2026-06-01 20:00:00+00:00,ccTLD/geographic TLD,de,.de,ccTLD,Europe,44749,130661,2032954,0.022012,2.2012
2026-06-01 21:00:00+00:00,ccTLD/geographic TLD,de,.de,ccTLD,Europe,47090,136320,2097478,0.022451,2.2451
2026-06-01 22:00:00+00:00,ccTLD/geographic TLD,de,.de,ccTLD,Europe,53392,165905,2094668,0.025489,2.5489
2026-06-01 23:00:00+00:00,ccTLD/geographic TLD,de,.de,ccTLD,Europe,46091,132320,2015548,0.022868,2.2868
2026-06-02 00:00:00+00:00,ccTLD/geographic TLD,de,.de,ccTLD,Europe,44331,140867,2087394,0.021237,2.1237
2026-06-02 01:00:00+00:00,ccTLD/geographic TLD,de,.de,ccTLD,Europe,46863,143206,2196865,0.021332,2.1332
2026-06-02 02:00:00+00:00,ccTLD/geographic TLD,de,.de,ccTLD,Europe,45985,144697,2173823,0.021154,2.1154
2026-06-02 03:00:00+00:00,ccTLD/geographic TLD,de,.de,ccTLD,Europe,51303,151283,2216079,0.02315,2.315
2026-06-02 04:00:00+00:00,ccTLD/geographic TLD,de,.de,ccTLD,Europe,53267,162846,2296685,0.023193,2.3193
2026-06-02 05:00:00+00:00,ccTLD/geographic TLD,de,.de,ccTLD,Europe,50675,148531,2273161,0.022293,2.2293
2026-06-02 06:00:00+00:00,ccTLD/geographic TLD,de,.de,ccTLD,Europe,47026,135308,2148978,0.021883,2.1883
2026-06-02 07:00:00+00:00,ccTLD/geographic TLD,de,.de,ccTLD,Europe,45575,134731,2088732,0.021819,2.1819
2026-06-02 08:00:00+00:00,ccTLD/geographic TLD,de,.de,ccTLD,Europe,48671,147227,2148962,0.022649,2.2649
2026-06-02 09:00:00+00:00,ccTLD/geographic TLD,de,.de,ccTLD,Europe,52997,164642,2290072,0.023142,2.3142
2026-06-02 10:00:00+00:00,ccTLD/geographic TLD,de,.de,ccTLD,Europe,50981,156390,2153192,0.023677,2.3677
2026-06-02 11:00:00+00:00,ccTLD/geographic TLD,de,.de,ccTLD,Europe,45288,136279,2124459,0.021317,2.1317
2026-06-02 12:00:00+00:00,ccTLD/geographic TLD,de,.de,ccTLD,Europe,42146,134349,2023353,0.02083,2.083
2026-06-02 13:00:00+00:00,ccTLD/geographic TLD,de,.de,ccTLD,Europe,43013,138630,2060524,0.020875,2.0875
2026-06-02 14:00:00+00:00,ccTLD/geographic TLD,de,.de,ccTLD,Europe,46422,161471,2061331,0.02252,2.252
2026-06-02 15:00:00+00:00,ccTLD/geographic TLD,de,.de,ccTLD,Europe,46500,161241,2086290,0.022288,2.2288
2026-06-02 16:00:00+00:00,ccTLD/geographic TLD,de,.de,ccTLD,Europe,48048,165203,2202717,0.021813,2.1813
2026-06-02 17:00:00+00:00,ccTLD/geographic TLD,de,.de,ccTLD,Europe,52046,223219,2424665,0.021465,2.1465
2026-06-02 18:00:00+00:00,ccTLD/geographic TLD,de,.de,ccTLD,Europe,48731,218360,2298686,0.0212,2.12
2026-06-02 19:00:00+00:00,ccTLD/geographic TLD,de,.de,ccTLD,Europe,46368,205532,2132312,0.021745,2.1745
2026-06-02 20:00:00+00:00,ccTLD/geographic TLD,de,.de,ccTLD,Europe,46103,197160,2161165,0.021332,2.1332
2026-06-02 21:00:00+00:00,ccTLD/geographic TLD,de,.de,ccTLD,Europe,46501,203773,2160020,0.021528,2.1528
2026-06-02 22:00:00+00:00,ccTLD/geographic TLD,de,.de,ccTLD,Europe,49671,182080,2113116,0.023506,2.3506
2026-06-02 23:00:00+00:00,ccTLD/geographic TLD,de,.de,ccTLD,Europe,45097,166681,2020824,0.022316,2.2316
2026-06-03 00:00:00+00:00,ccTLD/geographic TLD,de,.de,ccTLD,Europe,46836,195944,2246419,0.020849,2.0849
2026-06-03 01:00:00+00:00,ccTLD/geographic TLD,de,.de,ccTLD,Europe,47071,205132,2309096,0.020385,2.0385
2026-06-03 02:00:00+00:00,ccTLD/geographic TLD,de,.de,ccTLD,Europe,48349,201020,2250452,0.021484,2.1484
2026-06-03 03:00:00+00:00,ccTLD/geographic TLD,de,.de,ccTLD,Europe,51295,214294,2356140,0.021771,2.1771
2026-06-03 04:00:00+00:00,ccTLD/geographic TLD,de,.de,ccTLD,Europe,55529,226003,2369542,0.023434,2.3434
2026-06-03 05:00:00+00:00,ccTLD/geographic TLD,de,.de,ccTLD,Europe,52237,195681,2217957,0.023552,2.3552
2026-06-03 06:00:00+00:00,ccTLD/geographic TLD,de,.de,ccTLD,Europe,43294,131113,2054870,0.021069,2.1069
2026-06-03 07:00:00+00:00,ccTLD/geographic TLD,de,.de,ccTLD,Europe,44350,139054,2027905,0.02187,2.187
2026-06-03 08:00:00+00:00,ccTLD/geographic TLD,de,.de,ccTLD,Europe,47659,140357,2049202,0.023257,2.3257
2026-06-03 09:00:00+00:00,ccTLD/geographic TLD,de,.de,ccTLD,Europe,43600,134094,2009267,0.021699,2.1699
2026-06-03 10:00:00+00:00,ccTLD/geographic TLD,de,.de,ccTLD,Europe,42444,129959,1965246,0.021597,2.1597
2026-06-03 11:00:00+00:00,ccTLD/geographic TLD,de,.de,ccTLD,Europe,54839,201644,2318995,0.023648,2.3648
2026-06-03 12:00:00+00:00,ccTLD/geographic TLD,de,.de,ccTLD,Europe,51406,189624,2201845,0.023347,2.3347
2026-06-03 13:00:00+00:00,ccTLD/geographic TLD,de,.de,ccTLD,Europe,46982,171206,2144200,0.021911,2.1911
2026-06-03 14:00:00+00:00,ccTLD/geographic TLD,de,.de,ccTLD,Europe,46672,168724,2128313,0.021929,2.1929
2026-06-03 15:00:00+00:00,ccTLD/geographic TLD,de,.de,ccTLD,Europe,44335,161428,2086575,0.021248,2.1248
2026-06-03 16:00:00+00:00,ccTLD/geographic TLD,de,.de,ccTLD,Europe,48139,161982,2161287,0.022273,2.2273
2026-06-03 17:00:00+00:00,ccTLD/geographic TLD,de,.de,ccTLD,Europe,48254,164821,2106235,0.02291,2.291
2026-06-03 18:00:00+00:00,ccTLD/geographic TLD,de,.de,ccTLD,Europe,51436,171336,2172410,0.023677,2.3677
2026-06-03 19:00:00+00:00,ccTLD/geographic TLD,de,.de,ccTLD,Europe,46058,164571,2151258,0.02141,2.141
2026-06-03 20:00:00+00:00,ccTLD/geographic TLD,de,.de,ccTLD,Europe,49119,170757,2141054,0.022942,2.2942
2026-06-03 21:00:00+00:00,ccTLD/geographic TLD,de,.de,ccTLD,Europe,51429,166497,2137322,0.024062,2.4062
2026-06-03 22:00:00+00:00,ccTLD/geographic TLD,de,.de,ccTLD,Europe,53889,182079,2151290,0.02505,2.505
2026-06-03 23:00:00+00:00,ccTLD/geographic TLD,de,.de,ccTLD,Europe,50036,158298,2163645,0.023126,2.3126
2026-06-04 00:00:00+00:00,ccTLD/geographic TLD,de,.de,ccTLD,Europe,51315,172530,2424116,0.021169,2.1169
2026-06-04 01:00:00+00:00,ccTLD/geographic TLD,de,.de,ccTLD,Europe,49244,163065,2417692,0.020368,2.0368
2026-06-04 02:00:00+00:00,ccTLD/geographic TLD,de,.de,ccTLD,Europe,48083,157693,2412098,0.019934,1.9934
2026-06-04 03:00:00+00:00,ccTLD/geographic TLD,de,.de,ccTLD,Europe,50939,162170,2404032,0.021189,2.1189
2026-06-04 04:00:00+00:00,ccTLD/geographic TLD,de,.de,ccTLD,Europe,49161,154605,2371524,0.02073,2.073
2026-06-04 05:00:00+00:00,ccTLD/geographic TLD,de,.de,ccTLD,Europe,47280,148211,2320689,0.020373,2.0373
2026-06-04 06:00:00+00:00,ccTLD/geographic TLD,de,.de,ccTLD,Europe,50345,155218,2287783,0.022006,2.2006
2026-06-04 07:00:00+00:00,ccTLD/geographic TLD,de,.de,ccTLD,Europe,52488,174482,2347648,0.022358,2.2358
2026-06-04 08:00:00+00:00,ccTLD/geographic TLD,de,.de,ccTLD,Europe,56298,186913,2340562,0.024053,2.4053
2026-06-04 09:00:00+00:00,ccTLD/geographic TLD,de,.de,ccTLD,Europe,50806,171389,2340969,0.021703,2.1703
2026-06-04 10:00:00+00:00,ccTLD/geographic TLD,de,.de,ccTLD,Europe,49985,163548,2300655,0.021726,2.1726
2026-06-04 11:00:00+00:00,ccTLD/geographic TLD,de,.de,ccTLD,Europe,50414,158432,2205874,0.022854,2.2854
2026-06-04 12:00:00+00:00,ccTLD/geographic TLD,de,.de,ccTLD,Europe,51681,166076,2375528,0.021756,2.1756
2026-06-04 13:00:00+00:00,ccTLD/geographic TLD,de,.de,ccTLD,Europe,52791,161533,2248654,0.023477,2.3477
2026-06-04 14:00:00+00:00,ccTLD/geographic TLD,de,.de,ccTLD,Europe,50222,158138,2118548,0.023706,2.3706
2026-06-04 15:00:00+00:00,ccTLD/geographic TLD,de,.de,ccTLD,Europe,53260,157802,2271272,0.023449,2.3449
2026-06-04 16:00:00+00:00,ccTLD/geographic TLD,de,.de,ccTLD,Europe,50095,162575,2161557,0.023175,2.3175
2026-06-04 17:00:00+00:00,ccTLD/geographic TLD,de,.de,ccTLD,Europe,48566,155457,2141359,0.02268,2.268
2026-06-04 18:00:00+00:00,ccTLD/geographic TLD,de,.de,ccTLD,Europe,49257,153570,2178286,0.022613,2.2613
2026-06-04 19:00:00+00:00,ccTLD/geographic TLD,de,.de,ccTLD,Europe,45776,146016,2182910,0.02097,2.097
2026-06-04 20:00:00+00:00,ccTLD/geographic TLD,de,.de,ccTLD,Europe,45303,145618,2133405,0.021235,2.1235
2026-06-04 21:00:00+00:00,ccTLD/geographic TLD,de,.de,ccTLD,Europe,47401,157860,2164108,0.021903,2.1903
2026-06-04 22:00:00+00:00,ccTLD/geographic TLD,de,.de,ccTLD,Europe,47518,160565,2124355,0.022368,2.2368
2026-06-04 23:00:00+00:00,ccTLD/geographic TLD,de,.de,ccTLD,Europe,45195,143483,2131995,0.021198,2.1198
2026-06-05 00:00:00+00:00,ccTLD/geographic TLD,de,.de,ccTLD,Europe,47232,159477,2339726,0.020187,2.0187
2026-06-05 01:00:00+00:00,ccTLD/geographic TLD,de,.de,ccTLD,Europe,50528,164635,2311351,0.021861,2.1861
2026-06-05 02:00:00+00:00,ccTLD/geographic TLD,de,.de,ccTLD,Europe,50748,163510,2319839,0.021876,2.1876
2026-06-05 03:00:00+00:00,ccTLD/geographic TLD,de,.de,ccTLD,Europe,52436,165464,2494168,0.021023,2.1023
2026-06-05 04:00:00+00:00,ccTLD/geographic TLD,de,.de,ccTLD,Europe,54661,164000,2544102,0.021485,2.1485
2026-06-05 05:00:00+00:00,ccTLD/geographic TLD,de,.de,ccTLD,Europe,54202,159334,2480128,0.021855,2.1855
2026-06-05 06:00:00+00:00,ccTLD/geographic TLD,de,.de,ccTLD,Europe,52667,160957,2374806,0.022177,2.2177
2026-06-05 07:00:00+00:00,ccTLD/geographic TLD,de,.de,ccTLD,Europe,53020,165715,2442603,0.021706,2.1706
2026-06-05 08:00:00+00:00,ccTLD/geographic TLD,de,.de,ccTLD,Europe,54973,166238,2479097,0.022175,2.2175
2026-06-05 09:00:00+00:00,ccTLD/geographic TLD,de,.de,ccTLD,Europe,54433,171266,2353082,0.023133,2.3133
2026-06-05 10:00:00+00:00,ccTLD/geographic TLD,de,.de,ccTLD,Europe,51580,163368,2208803,0.023352,2.3352
2026-06-05 11:00:00+00:00,ccTLD/geographic TLD,de,.de,ccTLD,Europe,54751,169860,2420888,0.022616,2.2616
2026-06-05 12:00:00+00:00,ccTLD/geographic TLD,de,.de,ccTLD,Europe,47359,143862,2252768,0.021023,2.1023
2026-06-05 13:00:00+00:00,ccTLD/geographic TLD,de,.de,ccTLD,Europe,51050,161543,2265254,0.022536,2.2536
2026-06-05 14:00:00+00:00,ccTLD/geographic TLD,de,.de,ccTLD,Europe,45818,142219,2067445,0.022162,2.2162
2026-06-05 15:00:00+00:00,ccTLD/geographic TLD,de,.de,ccTLD,Europe,45719,146266,2091141,0.021863,2.1863
2026-06-05 16:00:00+00:00,ccTLD/geographic TLD,de,.de,ccTLD,Europe,45165,147295,2197787,0.02055,2.055
2026-06-05 17:00:00+00:00,ccTLD/geographic TLD,de,.de,ccTLD,Europe,43601,151838,2102137,0.020741,2.0741
2026-06-05 18:00:00+00:00,ccTLD/geographic TLD,de,.de,ccTLD,Europe,45597,152444,2149997,0.021208,2.1208
2026-06-05 19:00:00+00:00,ccTLD/geographic TLD,de,.de,ccTLD,Europe,44410,149160,2138840,0.020764,2.0764
2026-06-05 20:00:00+00:00,ccTLD/geographic TLD,de,.de,ccTLD,Europe,47577,160201,2155639,0.022071,2.2071
2026-06-05 21:00:00+00:00,ccTLD/geographic TLD,de,.de,ccTLD,Europe,45755,162629,2073218,0.02207,2.207
2026-05-29 22:00:00+00:00,ccTLD/geographic TLD,ru,.ru,ccTLD,Europe,25362,65800,2332928,0.010871,1.0871
2026-05-29 23:00:00+00:00,ccTLD/geographic TLD,ru,.ru,ccTLD,Europe,28107,71255,2295056,0.012247,1.2247
2026-05-30 00:00:00+00:00,ccTLD/geographic TLD,ru,.ru,ccTLD,Europe,39378,143378,2362696,0.016667,1.6667
2026-05-30 01:00:00+00:00,ccTLD/geographic TLD,ru,.ru,ccTLD,Europe,25359,65668,2242080,0.01131,1.131
2026-05-30 02:00:00+00:00,ccTLD/geographic TLD,ru,.ru,ccTLD,Europe,23810,58982,2133739,0.011159,1.1159
2026-05-30 03:00:00+00:00,ccTLD/geographic TLD,ru,.ru,ccTLD,Europe,20480,54476,2120890,0.009656,0.9656
2026-05-30 04:00:00+00:00,ccTLD/geographic TLD,ru,.ru,ccTLD,Europe,21461,57604,2156725,0.009951,0.9951
2026-05-30 05:00:00+00:00,ccTLD/geographic TLD,ru,.ru,ccTLD,Europe,20724,57138,2142404,0.009673,0.9673
2026-05-30 06:00:00+00:00,ccTLD/geographic TLD,ru,.ru,ccTLD,Europe,23785,60507,2096051,0.011348,1.1348
2026-05-30 07:00:00+00:00,ccTLD/geographic TLD,ru,.ru,ccTLD,Europe,27650,67417,2140460,0.012918,1.2918
2026-05-30 08:00:00+00:00,ccTLD/geographic TLD,ru,.ru,ccTLD,Europe,26354,61089,2151140,0.012251,1.2251
2026-05-30 09:00:00+00:00,ccTLD/geographic TLD,ru,.ru,ccTLD,Europe,25179,66665,2139154,0.011771,1.1771
2026-05-30 10:00:00+00:00,ccTLD/geographic TLD,ru,.ru,ccTLD,Europe,33915,94401,2176792,0.01558,1.558
2026-05-30 11:00:00+00:00,ccTLD/geographic TLD,ru,.ru,ccTLD,Europe,26492,78208,2108629,0.012564,1.2564
2026-05-30 12:00:00+00:00,ccTLD/geographic TLD,ru,.ru,ccTLD,Europe,25052,64304,2159135,0.011603,1.1603
2026-05-30 13:00:00+00:00,ccTLD/geographic TLD,ru,.ru,ccTLD,Europe,28118,80479,2074045,0.013557,1.3557
2026-05-30 14:00:00+00:00,ccTLD/geographic TLD,ru,.ru,ccTLD,Europe,32586,75974,2117010,0.015392,1.5392
2026-05-30 15:00:00+00:00,ccTLD/geographic TLD,ru,.ru,ccTLD,Europe,33867,108784,2105704,0.016083,1.6083
2026-05-30 16:00:00+00:00,ccTLD/geographic TLD,ru,.ru,ccTLD,Europe,44508,148537,2247521,0.019803,1.9803
2026-05-30 17:00:00+00:00,ccTLD/geographic TLD,ru,.ru,ccTLD,Europe,30507,84246,2262288,0.013485,1.3485
2026-05-30 18:00:00+00:00,ccTLD/geographic TLD,ru,.ru,ccTLD,Europe,21884,52726,2154411,0.010158,1.0158
2026-05-30 19:00:00+00:00,ccTLD/geographic TLD,ru,.ru,ccTLD,Europe,22915,64110,2170138,0.010559,1.0559
2026-05-30 20:00:00+00:00,ccTLD/geographic TLD,ru,.ru,ccTLD,Europe,28278,96293,2112649,0.013385,1.3385
2026-05-30 21:00:00+00:00,ccTLD/geographic TLD,ru,.ru,ccTLD,Europe,22099,64479,2105344,0.010497,1.0497
2026-05-30 22:00:00+00:00,ccTLD/geographic TLD,ru,.ru,ccTLD,Europe,21668,64531,2067390,0.010481,1.0481
2026-05-30 23:00:00+00:00,ccTLD/geographic TLD,ru,.ru,ccTLD,Europe,28746,76625,2047428,0.01404,1.404
2026-05-31 00:00:00+00:00,ccTLD/geographic TLD,ru,.ru,ccTLD,Europe,36520,126764,2154167,0.016953,1.6953
2026-05-31 01:00:00+00:00,ccTLD/geographic TLD,ru,.ru,ccTLD,Europe,24126,62387,2119543,0.011383,1.1383
2026-05-31 02:00:00+00:00,ccTLD/geographic TLD,ru,.ru,ccTLD,Europe,25050,66447,2238146,0.011192,1.1192
2026-05-31 03:00:00+00:00,ccTLD/geographic TLD,ru,.ru,ccTLD,Europe,27144,66282,2175300,0.012478,1.2478
2026-05-31 04:00:00+00:00,ccTLD/geographic TLD,ru,.ru,ccTLD,Europe,26791,69595,2197100,0.012194,1.2194
2026-05-31 05:00:00+00:00,ccTLD/geographic TLD,ru,.ru,ccTLD,Europe,24492,69238,2206624,0.011099,1.1099
2026-05-31 06:00:00+00:00,ccTLD/geographic TLD,ru,.ru,ccTLD,Europe,24519,67288,2207397,0.011108,1.1108
2026-05-31 07:00:00+00:00,ccTLD/geographic TLD,ru,.ru,ccTLD,Europe,30504,77251,2240162,0.013617,1.3617
2026-05-31 08:00:00+00:00,ccTLD/geographic TLD,ru,.ru,ccTLD,Europe,24094,65399,2213538,0.010885,1.0885
2026-05-31 09:00:00+00:00,ccTLD/geographic TLD,ru,.ru,ccTLD,Europe,24485,70296,2188991,0.011186,1.1186
2026-05-31 10:00:00+00:00,ccTLD/geographic TLD,ru,.ru,ccTLD,Europe,36462,86442,2163451,0.016854,1.6854
2026-05-31 11:00:00+00:00,ccTLD/geographic TLD,ru,.ru,ccTLD,Europe,31930,76711,2123605,0.015036,1.5036
2026-05-31 12:00:00+00:00,ccTLD/geographic TLD,ru,.ru,ccTLD,Europe,27388,74534,2113554,0.012958,1.2958
2026-05-31 13:00:00+00:00,ccTLD/geographic TLD,ru,.ru,ccTLD,Europe,21181,55397,2165273,0.009782,0.9782
2026-05-31 14:00:00+00:00,ccTLD/geographic TLD,ru,.ru,ccTLD,Europe,25045,74924,2154309,0.011626,1.1626
2026-05-31 15:00:00+00:00,ccTLD/geographic TLD,ru,.ru,ccTLD,Europe,29963,88578,2168629,0.013817,1.3817
2026-05-31 16:00:00+00:00,ccTLD/geographic TLD,ru,.ru,ccTLD,Europe,24470,64333,2198881,0.011128,1.1128
2026-05-31 17:00:00+00:00,ccTLD/geographic TLD,ru,.ru,ccTLD,Europe,24244,68771,2172192,0.011161,1.1161
2026-05-31 18:00:00+00:00,ccTLD/geographic TLD,ru,.ru,ccTLD,Europe,24794,59482,2149404,0.011535,1.1535
2026-05-31 19:00:00+00:00,ccTLD/geographic TLD,ru,.ru,ccTLD,Europe,25452,61112,2182144,0.011664,1.1664
2026-05-31 20:00:00+00:00,ccTLD/geographic TLD,ru,.ru,ccTLD,Europe,26665,65144,2041152,0.013064,1.3064
2026-05-31 21:00:00+00:00,ccTLD/geographic TLD,ru,.ru,ccTLD,Europe,34037,110994,2030089,0.016766,1.6766
2026-05-31 22:00:00+00:00,ccTLD/geographic TLD,ru,.ru,ccTLD,Europe,21268,63387,2046059,0.010395,1.0395
2026-05-31 23:00:00+00:00,ccTLD/geographic TLD,ru,.ru,ccTLD,Europe,22036,61678,2018518,0.010917,1.0917
2026-06-01 00:00:00+00:00,ccTLD/geographic TLD,ru,.ru,ccTLD,Europe,40612,173861,2148359,0.018904,1.8904
2026-06-01 01:00:00+00:00,ccTLD/geographic TLD,ru,.ru,ccTLD,Europe,20531,67682,2026865,0.010129,1.0129
2026-06-01 02:00:00+00:00,ccTLD/geographic TLD,ru,.ru,ccTLD,Europe,23108,58765,2005488,0.011522,1.1522
2026-06-01 03:00:00+00:00,ccTLD/geographic TLD,ru,.ru,ccTLD,Europe,28378,84292,2099572,0.013516,1.3516
2026-06-01 04:00:00+00:00,ccTLD/geographic TLD,ru,.ru,ccTLD,Europe,20965,61731,2020543,0.010376,1.0376
2026-06-01 05:00:00+00:00,ccTLD/geographic TLD,ru,.ru,ccTLD,Europe,23253,69114,2079677,0.011181,1.1181
2026-06-01 06:00:00+00:00,ccTLD/geographic TLD,ru,.ru,ccTLD,Europe,27608,84856,2137363,0.012917,1.2917
2026-06-01 07:00:00+00:00,ccTLD/geographic TLD,ru,.ru,ccTLD,Europe,23724,76723,2165659,0.010955,1.0955
2026-06-01 08:00:00+00:00,ccTLD/geographic TLD,ru,.ru,ccTLD,Europe,23517,70422,2174019,0.010817,1.0817
2026-06-01 09:00:00+00:00,ccTLD/geographic TLD,ru,.ru,ccTLD,Europe,25232,76917,2187339,0.011535,1.1535
2026-06-01 10:00:00+00:00,ccTLD/geographic TLD,ru,.ru,ccTLD,Europe,26527,69077,2141495,0.012387,1.2387
2026-06-01 11:00:00+00:00,ccTLD/geographic TLD,ru,.ru,ccTLD,Europe,20931,58339,2152631,0.009723,0.9723
2026-06-01 12:00:00+00:00,ccTLD/geographic TLD,ru,.ru,ccTLD,Europe,19090,57781,2081322,0.009172,0.9172
2026-06-01 13:00:00+00:00,ccTLD/geographic TLD,ru,.ru,ccTLD,Europe,20279,57502,2011862,0.01008,1.008
2026-06-01 14:00:00+00:00,ccTLD/geographic TLD,ru,.ru,ccTLD,Europe,18390,52692,2082264,0.008832,0.8832
2026-06-01 15:00:00+00:00,ccTLD/geographic TLD,ru,.ru,ccTLD,Europe,18375,53823,2044469,0.008988,0.8988
2026-06-01 16:00:00+00:00,ccTLD/geographic TLD,ru,.ru,ccTLD,Europe,20498,63592,2084375,0.009834,0.9834
2026-06-01 17:00:00+00:00,ccTLD/geographic TLD,ru,.ru,ccTLD,Europe,19953,58211,2094102,0.009528,0.9528
2026-06-01 18:00:00+00:00,ccTLD/geographic TLD,ru,.ru,ccTLD,Europe,30739,99474,2041265,0.015059,1.5059
2026-06-01 19:00:00+00:00,ccTLD/geographic TLD,ru,.ru,ccTLD,Europe,31641,105974,2089976,0.015139,1.5139
2026-06-01 20:00:00+00:00,ccTLD/geographic TLD,ru,.ru,ccTLD,Europe,25721,77521,2032954,0.012652,1.2652
2026-06-01 21:00:00+00:00,ccTLD/geographic TLD,ru,.ru,ccTLD,Europe,24992,77509,2097478,0.011915,1.1915
2026-06-01 22:00:00+00:00,ccTLD/geographic TLD,ru,.ru,ccTLD,Europe,20384,66435,2094668,0.009731,0.9731
2026-06-01 23:00:00+00:00,ccTLD/geographic TLD,ru,.ru,ccTLD,Europe,18629,54326,2015548,0.009243,0.9243
2026-06-02 00:00:00+00:00,ccTLD/geographic TLD,ru,.ru,ccTLD,Europe,28731,108894,2087394,0.013764,1.3764
2026-06-02 01:00:00+00:00,ccTLD/geographic TLD,ru,.ru,ccTLD,Europe,27165,65485,2196865,0.012365,1.2365
2026-06-02 02:00:00+00:00,ccTLD/geographic TLD,ru,.ru,ccTLD,Europe,22727,54067,2173823,0.010455,1.0455
2026-06-02 03:00:00+00:00,ccTLD/geographic TLD,ru,.ru,ccTLD,Europe,20889,60335,2216079,0.009426,0.9426
2026-06-02 04:00:00+00:00,ccTLD/geographic TLD,ru,.ru,ccTLD,Europe,19898,56540,2296685,0.008664,0.8664
2026-06-02 05:00:00+00:00,ccTLD/geographic TLD,ru,.ru,ccTLD,Europe,21074,58037,2273161,0.009271,0.9271
2026-06-02 06:00:00+00:00,ccTLD/geographic TLD,ru,.ru,ccTLD,Europe,22050,73519,2148978,0.010261,1.0261
2026-06-02 07:00:00+00:00,ccTLD/geographic TLD,ru,.ru,ccTLD,Europe,26566,80784,2088732,0.012719,1.2719
2026-06-02 08:00:00+00:00,ccTLD/geographic TLD,ru,.ru,ccTLD,Europe,27933,75669,2148962,0.012998,1.2998
2026-06-02 09:00:00+00:00,ccTLD/geographic TLD,ru,.ru,ccTLD,Europe,35373,84787,2290072,0.015446,1.5446
2026-06-02 10:00:00+00:00,ccTLD/geographic TLD,ru,.ru,ccTLD,Europe,23096,70046,2153192,0.010726,1.0726
2026-06-02 11:00:00+00:00,ccTLD/geographic TLD,ru,.ru,ccTLD,Europe,19136,64855,2124459,0.009007,0.9007
2026-06-02 12:00:00+00:00,ccTLD/geographic TLD,ru,.ru,ccTLD,Europe,26118,82862,2023353,0.012908,1.2908
2026-06-02 13:00:00+00:00,ccTLD/geographic TLD,ru,.ru,ccTLD,Europe,26331,83503,2060524,0.012779,1.2779
2026-06-02 14:00:00+00:00,ccTLD/geographic TLD,ru,.ru,ccTLD,Europe,20362,59735,2061331,0.009878,0.9878
2026-06-02 15:00:00+00:00,ccTLD/geographic TLD,ru,.ru,ccTLD,Europe,16649,47845,2086290,0.00798,0.798
2026-06-02 16:00:00+00:00,ccTLD/geographic TLD,ru,.ru,ccTLD,Europe,18530,58211,2202717,0.008412,0.8412
2026-06-02 17:00:00+00:00,ccTLD/geographic TLD,ru,.ru,ccTLD,Europe,21476,70332,2424665,0.008857,0.8857
2026-06-02 18:00:00+00:00,ccTLD/geographic TLD,ru,.ru,ccTLD,Europe,20105,63530,2298686,0.008746,0.8746
2026-06-02 19:00:00+00:00,ccTLD/geographic TLD,ru,.ru,ccTLD,Europe,18527,54454,2132312,0.008689,0.8689
2026-06-02 20:00:00+00:00,ccTLD/geographic TLD,ru,.ru,ccTLD,Europe,19837,57441,2161165,0.009179,0.9179
2026-06-02 21:00:00+00:00,ccTLD/geographic TLD,ru,.ru,ccTLD,Europe,19049,57568,2160020,0.008819,0.8819
2026-06-02 22:00:00+00:00,ccTLD/geographic TLD,ru,.ru,ccTLD,Europe,21302,59953,2113116,0.010081,1.0081
2026-06-02 23:00:00+00:00,ccTLD/geographic TLD,ru,.ru,ccTLD,Europe,22140,62514,2020824,0.010956,1.0956
2026-06-03 00:00:00+00:00,ccTLD/geographic TLD,ru,.ru,ccTLD,Europe,30158,117034,2246419,0.013425,1.3425
2026-06-03 01:00:00+00:00,ccTLD/geographic TLD,ru,.ru,ccTLD,Europe,23885,66053,2309096,0.010344,1.0344
2026-06-03 02:00:00+00:00,ccTLD/geographic TLD,ru,.ru,ccTLD,Europe,20061,55692,2250452,0.008914,0.8914
2026-06-03 03:00:00+00:00,ccTLD/geographic TLD,ru,.ru,ccTLD,Europe,19117,54337,2356140,0.008114,0.8114
2026-06-03 04:00:00+00:00,ccTLD/geographic TLD,ru,.ru,ccTLD,Europe,18843,51060,2369542,0.007952,0.7952
2026-06-03 05:00:00+00:00,ccTLD/geographic TLD,ru,.ru,ccTLD,Europe,23475,60304,2217957,0.010584,1.0584
2026-06-03 06:00:00+00:00,ccTLD/geographic TLD,ru,.ru,ccTLD,Europe,20789,49295,2054870,0.010117,1.0117
2026-06-03 07:00:00+00:00,ccTLD/geographic TLD,ru,.ru,ccTLD,Europe,17312,45422,2027905,0.008537,0.8537
2026-06-03 08:00:00+00:00,ccTLD/geographic TLD,ru,.ru,ccTLD,Europe,20880,50241,2049202,0.010189,1.0189
2026-06-03 09:00:00+00:00,ccTLD/geographic TLD,ru,.ru,ccTLD,Europe,20891,51841,2009267,0.010397,1.0397
2026-06-03 10:00:00+00:00,ccTLD/geographic TLD,ru,.ru,ccTLD,Europe,18302,49131,1965246,0.009313,0.9313
2026-06-03 11:00:00+00:00,ccTLD/geographic TLD,ru,.ru,ccTLD,Europe,22789,75121,2318995,0.009827,0.9827
2026-06-03 12:00:00+00:00,ccTLD/geographic TLD,ru,.ru,ccTLD,Europe,22359,66620,2201845,0.010155,1.0155
2026-06-03 13:00:00+00:00,ccTLD/geographic TLD,ru,.ru,ccTLD,Europe,18530,56932,2144200,0.008642,0.8642
2026-06-03 14:00:00+00:00,ccTLD/geographic TLD,ru,.ru,ccTLD,Europe,16734,51742,2128313,0.007863,0.7863
2026-06-03 15:00:00+00:00,ccTLD/geographic TLD,ru,.ru,ccTLD,Europe,20655,55592,2086575,0.009899,0.9899
2026-06-03 16:00:00+00:00,ccTLD/geographic TLD,ru,.ru,ccTLD,Europe,21934,70436,2161287,0.010149,1.0149
2026-06-03 17:00:00+00:00,ccTLD/geographic TLD,ru,.ru,ccTLD,Europe,16508,49972,2106235,0.007838,0.7838
2026-06-03 18:00:00+00:00,ccTLD/geographic TLD,ru,.ru,ccTLD,Europe,17896,53369,2172410,0.008238,0.8238
2026-06-03 19:00:00+00:00,ccTLD/geographic TLD,ru,.ru,ccTLD,Europe,23908,65853,2151258,0.011113,1.1113
2026-06-03 20:00:00+00:00,ccTLD/geographic TLD,ru,.ru,ccTLD,Europe,28844,64981,2141054,0.013472,1.3472
2026-06-03 21:00:00+00:00,ccTLD/geographic TLD,ru,.ru,ccTLD,Europe,33230,82920,2137322,0.015547,1.5547
2026-06-03 22:00:00+00:00,ccTLD/geographic TLD,ru,.ru,ccTLD,Europe,28443,76676,2151290,0.013221,1.3221
2026-06-03 23:00:00+00:00,ccTLD/geographic TLD,ru,.ru,ccTLD,Europe,28268,81176,2163645,0.013065,1.3065
2026-06-04 00:00:00+00:00,ccTLD/geographic TLD,ru,.ru,ccTLD,Europe,30723,115732,2424116,0.012674,1.2674
2026-06-04 01:00:00+00:00,ccTLD/geographic TLD,ru,.ru,ccTLD,Europe,19823,58890,2417692,0.008199,0.8199
2026-06-04 02:00:00+00:00,ccTLD/geographic TLD,ru,.ru,ccTLD,Europe,22327,68847,2412098,0.009256,0.9256
2026-06-04 03:00:00+00:00,ccTLD/geographic TLD,ru,.ru,ccTLD,Europe,20175,61409,2404032,0.008392,0.8392
2026-06-04 04:00:00+00:00,ccTLD/geographic TLD,ru,.ru,ccTLD,Europe,26805,70854,2371524,0.011303,1.1303
2026-06-04 05:00:00+00:00,ccTLD/geographic TLD,ru,.ru,ccTLD,Europe,29567,79593,2320689,0.012741,1.2741
2026-06-04 06:00:00+00:00,ccTLD/geographic TLD,ru,.ru,ccTLD,Europe,22937,72183,2287783,0.010026,1.0026
2026-06-04 07:00:00+00:00,ccTLD/geographic TLD,ru,.ru,ccTLD,Europe,24250,77333,2347648,0.010329,1.0329
2026-06-04 08:00:00+00:00,ccTLD/geographic TLD,ru,.ru,ccTLD,Europe,25150,81361,2340562,0.010745,1.0745
2026-06-04 09:00:00+00:00,ccTLD/geographic TLD,ru,.ru,ccTLD,Europe,24490,83149,2340969,0.010461,1.0461
2026-06-04 10:00:00+00:00,ccTLD/geographic TLD,ru,.ru,ccTLD,Europe,20961,63981,2300655,0.009111,0.9111
2026-06-04 11:00:00+00:00,ccTLD/geographic TLD,ru,.ru,ccTLD,Europe,21177,63120,2205874,0.0096,0.96
2026-06-04 12:00:00+00:00,ccTLD/geographic TLD,ru,.ru,ccTLD,Europe,29611,74031,2375528,0.012465,1.2465
2026-06-04 13:00:00+00:00,ccTLD/geographic TLD,ru,.ru,ccTLD,Europe,27049,72387,2248654,0.012029,1.2029
2026-06-04 14:00:00+00:00,ccTLD/geographic TLD,ru,.ru,ccTLD,Europe,15651,46086,2118548,0.007388,0.7388
2026-06-04 15:00:00+00:00,ccTLD/geographic TLD,ru,.ru,ccTLD,Europe,18106,54303,2271272,0.007972,0.7972
2026-06-04 16:00:00+00:00,ccTLD/geographic TLD,ru,.ru,ccTLD,Europe,16274,46816,2161557,0.007529,0.7529
2026-06-04 17:00:00+00:00,ccTLD/geographic TLD,ru,.ru,ccTLD,Europe,18367,52089,2141359,0.008577,0.8577
2026-06-04 18:00:00+00:00,ccTLD/geographic TLD,ru,.ru,ccTLD,Europe,17082,49656,2178286,0.007842,0.7842
2026-06-04 19:00:00+00:00,ccTLD/geographic TLD,ru,.ru,ccTLD,Europe,22314,63004,2182910,0.010222,1.0222
2026-06-04 20:00:00+00:00,ccTLD/geographic TLD,ru,.ru,ccTLD,Europe,18821,53905,2133405,0.008822,0.8822
2026-06-04 21:00:00+00:00,ccTLD/geographic TLD,ru,.ru,ccTLD,Europe,19278,56414,2164108,0.008908,0.8908
2026-06-04 22:00:00+00:00,ccTLD/geographic TLD,ru,.ru,ccTLD,Europe,18803,65320,2124355,0.008851,0.8851
2026-06-04 23:00:00+00:00,ccTLD/geographic TLD,ru,.ru,ccTLD,Europe,19569,58565,2131995,0.009179,0.9179
2026-06-05 00:00:00+00:00,ccTLD/geographic TLD,ru,.ru,ccTLD,Europe,30386,116023,2339726,0.012987,1.2987
2026-06-05 01:00:00+00:00,ccTLD/geographic TLD,ru,.ru,ccTLD,Europe,21654,65568,2311351,0.009369,0.9369
2026-06-05 02:00:00+00:00,ccTLD/geographic TLD,ru,.ru,ccTLD,Europe,21269,59983,2319839,0.009168,0.9168
2026-06-05 03:00:00+00:00,ccTLD/geographic TLD,ru,.ru,ccTLD,Europe,22713,58470,2494168,0.009106,0.9106
2026-06-05 04:00:00+00:00,ccTLD/geographic TLD,ru,.ru,ccTLD,Europe,25382,62962,2544102,0.009977,0.9977
2026-06-05 05:00:00+00:00,ccTLD/geographic TLD,ru,.ru,ccTLD,Europe,23451,68660,2480128,0.009456,0.9456
2026-06-05 06:00:00+00:00,ccTLD/geographic TLD,ru,.ru,ccTLD,Europe,21236,64674,2374806,0.008942,0.8942
2026-06-05 07:00:00+00:00,ccTLD/geographic TLD,ru,.ru,ccTLD,Europe,22032,64043,2442603,0.00902,0.902
2026-06-05 08:00:00+00:00,ccTLD/geographic TLD,ru,.ru,ccTLD,Europe,26548,75536,2479097,0.010709,1.0709
2026-06-05 09:00:00+00:00,ccTLD/geographic TLD,ru,.ru,ccTLD,Europe,21450,64339,2353082,0.009116,0.9116
2026-06-05 10:00:00+00:00,ccTLD/geographic TLD,ru,.ru,ccTLD,Europe,17481,49087,2208803,0.007914,0.7914
2026-06-05 11:00:00+00:00,ccTLD/geographic TLD,ru,.ru,ccTLD,Europe,20908,58230,2420888,0.008637,0.8637
2026-06-05 12:00:00+00:00,ccTLD/geographic TLD,ru,.ru,ccTLD,Europe,19918,62431,2252768,0.008842,0.8842
2026-06-05 13:00:00+00:00,ccTLD/geographic TLD,ru,.ru,ccTLD,Europe,17830,51805,2265254,0.007871,0.7871
2026-06-05 14:00:00+00:00,ccTLD/geographic TLD,ru,.ru,ccTLD,Europe,16142,48622,2067445,0.007808,0.7808
2026-06-05 15:00:00+00:00,ccTLD/geographic TLD,ru,.ru,ccTLD,Europe,19410,63555,2091141,0.009282,0.9282
2026-06-05 16:00:00+00:00,ccTLD/geographic TLD,ru,.ru,ccTLD,Europe,18912,53939,2197787,0.008605,0.8605
2026-06-05 17:00:00+00:00,ccTLD/geographic TLD,ru,.ru,ccTLD,Europe,16849,53969,2102137,0.008015,0.8015
2026-06-05 18:00:00+00:00,ccTLD/geographic TLD,ru,.ru,ccTLD,Europe,16430,48744,2149997,0.007642,0.7642
2026-06-05 19:00:00+00:00,ccTLD/geographic TLD,ru,.ru,ccTLD,Europe,15623,46939,2138840,0.007304,0.7304
2026-06-05 20:00:00+00:00,ccTLD/geographic TLD,ru,.ru,ccTLD,Europe,14462,41800,2155639,0.006709,0.6709
2026-06-05 21:00:00+00:00,ccTLD/geographic TLD,ru,.ru,ccTLD,Europe,18931,52495,2073218,0.009131,0.9131
2026-05-29 22:00:00+00:00,ccTLD/geographic TLD,uk,.uk,ccTLD,Europe,33536,91019,2332928,0.014375,1.4375
2026-05-29 23:00:00+00:00,ccTLD/geographic TLD,uk,.uk,ccTLD,Europe,34189,99122,2295056,0.014897,1.4897
2026-05-30 00:00:00+00:00,ccTLD/geographic TLD,uk,.uk,ccTLD,Europe,35308,101637,2362696,0.014944,1.4944
2026-05-30 01:00:00+00:00,ccTLD/geographic TLD,uk,.uk,ccTLD,Europe,31463,95261,2242080,0.014033,1.4033
2026-05-30 02:00:00+00:00,ccTLD/geographic TLD,uk,.uk,ccTLD,Europe,29123,88429,2133739,0.013649,1.3649
2026-05-30 03:00:00+00:00,ccTLD/geographic TLD,uk,.uk,ccTLD,Europe,32133,92532,2120890,0.015151,1.5151
2026-05-30 04:00:00+00:00,ccTLD/geographic TLD,uk,.uk,ccTLD,Europe,30421,85661,2156725,0.014105,1.4105
2026-05-30 05:00:00+00:00,ccTLD/geographic TLD,uk,.uk,ccTLD,Europe,30590,85758,2142404,0.014278,1.4278
2026-05-30 06:00:00+00:00,ccTLD/geographic TLD,uk,.uk,ccTLD,Europe,27995,79632,2096051,0.013356,1.3356
2026-05-30 07:00:00+00:00,ccTLD/geographic TLD,uk,.uk,ccTLD,Europe,29629,84734,2140460,0.013842,1.3842
2026-05-30 08:00:00+00:00,ccTLD/geographic TLD,uk,.uk,ccTLD,Europe,30631,86909,2151140,0.014239,1.4239
2026-05-30 09:00:00+00:00,ccTLD/geographic TLD,uk,.uk,ccTLD,Europe,29623,86449,2139154,0.013848,1.3848
2026-05-30 10:00:00+00:00,ccTLD/geographic TLD,uk,.uk,ccTLD,Europe,32560,93980,2176792,0.014958,1.4958
2026-05-30 11:00:00+00:00,ccTLD/geographic TLD,uk,.uk,ccTLD,Europe,31100,97402,2108629,0.014749,1.4749
2026-05-30 12:00:00+00:00,ccTLD/geographic TLD,uk,.uk,ccTLD,Europe,30976,87362,2159135,0.014346,1.4346
2026-05-30 13:00:00+00:00,ccTLD/geographic TLD,uk,.uk,ccTLD,Europe,30965,90615,2074045,0.01493,1.493
2026-05-30 14:00:00+00:00,ccTLD/geographic TLD,uk,.uk,ccTLD,Europe,29650,89069,2117010,0.014006,1.4006
2026-05-30 15:00:00+00:00,ccTLD/geographic TLD,uk,.uk,ccTLD,Europe,30678,87989,2105704,0.014569,1.4569
2026-05-30 16:00:00+00:00,ccTLD/geographic TLD,uk,.uk,ccTLD,Europe,30507,85961,2247521,0.013574,1.3574
2026-05-30 17:00:00+00:00,ccTLD/geographic TLD,uk,.uk,ccTLD,Europe,29401,81561,2262288,0.012996,1.2996
2026-05-30 18:00:00+00:00,ccTLD/geographic TLD,uk,.uk,ccTLD,Europe,28105,73841,2154411,0.013045,1.3045
2026-05-30 19:00:00+00:00,ccTLD/geographic TLD,uk,.uk,ccTLD,Europe,29094,77489,2170138,0.013407,1.3407
2026-05-30 20:00:00+00:00,ccTLD/geographic TLD,uk,.uk,ccTLD,Europe,29540,77210,2112649,0.013982,1.3982
2026-05-30 21:00:00+00:00,ccTLD/geographic TLD,uk,.uk,ccTLD,Europe,28023,75870,2105344,0.01331,1.331
2026-05-30 22:00:00+00:00,ccTLD/geographic TLD,uk,.uk,ccTLD,Europe,27410,75023,2067390,0.013258,1.3258
2026-05-30 23:00:00+00:00,ccTLD/geographic TLD,uk,.uk,ccTLD,Europe,28854,80678,2047428,0.014093,1.4093
2026-05-31 00:00:00+00:00,ccTLD/geographic TLD,uk,.uk,ccTLD,Europe,29985,86949,2154167,0.01392,1.392
2026-05-31 01:00:00+00:00,ccTLD/geographic TLD,uk,.uk,ccTLD,Europe,29888,84008,2119543,0.014101,1.4101
2026-05-31 02:00:00+00:00,ccTLD/geographic TLD,uk,.uk,ccTLD,Europe,30566,85804,2238146,0.013657,1.3657
2026-05-31 03:00:00+00:00,ccTLD/geographic TLD,uk,.uk,ccTLD,Europe,30208,85330,2175300,0.013887,1.3887
2026-05-31 04:00:00+00:00,ccTLD/geographic TLD,uk,.uk,ccTLD,Europe,31638,87526,2197100,0.0144,1.44
2026-05-31 05:00:00+00:00,ccTLD/geographic TLD,uk,.uk,ccTLD,Europe,32984,86543,2206624,0.014948,1.4948
2026-05-31 06:00:00+00:00,ccTLD/geographic TLD,uk,.uk,ccTLD,Europe,30471,81433,2207397,0.013804,1.3804
2026-05-31 07:00:00+00:00,ccTLD/geographic TLD,uk,.uk,ccTLD,Europe,28839,78666,2240162,0.012874,1.2874
2026-05-31 08:00:00+00:00,ccTLD/geographic TLD,uk,.uk,ccTLD,Europe,29225,79368,2213538,0.013203,1.3203
2026-05-31 09:00:00+00:00,ccTLD/geographic TLD,uk,.uk,ccTLD,Europe,29737,83408,2188991,0.013585,1.3585
2026-05-31 10:00:00+00:00,ccTLD/geographic TLD,uk,.uk,ccTLD,Europe,28955,79656,2163451,0.013384,1.3384
2026-05-31 11:00:00+00:00,ccTLD/geographic TLD,uk,.uk,ccTLD,Europe,28032,77567,2123605,0.0132,1.32
2026-05-31 12:00:00+00:00,ccTLD/geographic TLD,uk,.uk,ccTLD,Europe,28438,82675,2113554,0.013455,1.3455
2026-05-31 13:00:00+00:00,ccTLD/geographic TLD,uk,.uk,ccTLD,Europe,29049,82440,2165273,0.013416,1.3416
2026-05-31 14:00:00+00:00,ccTLD/geographic TLD,uk,.uk,ccTLD,Europe,29604,81574,2154309,0.013742,1.3742
2026-05-31 15:00:00+00:00,ccTLD/geographic TLD,uk,.uk,ccTLD,Europe,28400,78405,2168629,0.013096,1.3096
2026-05-31 16:00:00+00:00,ccTLD/geographic TLD,uk,.uk,ccTLD,Europe,28611,78998,2198881,0.013012,1.3012
2026-05-31 17:00:00+00:00,ccTLD/geographic TLD,uk,.uk,ccTLD,Europe,28940,78295,2172192,0.013323,1.3323
2026-05-31 18:00:00+00:00,ccTLD/geographic TLD,uk,.uk,ccTLD,Europe,27978,74994,2149404,0.013017,1.3017
2026-05-31 19:00:00+00:00,ccTLD/geographic TLD,uk,.uk,ccTLD,Europe,29852,80513,2182144,0.01368,1.368
2026-05-31 20:00:00+00:00,ccTLD/geographic TLD,uk,.uk,ccTLD,Europe,28941,79261,2041152,0.014179,1.4179
2026-05-31 21:00:00+00:00,ccTLD/geographic TLD,uk,.uk,ccTLD,Europe,27067,77793,2030089,0.013333,1.3333
2026-05-31 22:00:00+00:00,ccTLD/geographic TLD,uk,.uk,ccTLD,Europe,27492,78151,2046059,0.013437,1.3437
2026-05-31 23:00:00+00:00,ccTLD/geographic TLD,uk,.uk,ccTLD,Europe,28427,84010,2018518,0.014083,1.4083
2026-06-01 00:00:00+00:00,ccTLD/geographic TLD,uk,.uk,ccTLD,Europe,29286,85718,2148359,0.013632,1.3632
2026-06-01 01:00:00+00:00,ccTLD/geographic TLD,uk,.uk,ccTLD,Europe,26787,76806,2026865,0.013216,1.3216
2026-06-01 02:00:00+00:00,ccTLD/geographic TLD,uk,.uk,ccTLD,Europe,26568,73919,2005488,0.013248,1.3248
2026-06-01 03:00:00+00:00,ccTLD/geographic TLD,uk,.uk,ccTLD,Europe,27772,81216,2099572,0.013227,1.3227
2026-06-01 04:00:00+00:00,ccTLD/geographic TLD,uk,.uk,ccTLD,Europe,27411,78155,2020543,0.013566,1.3566
2026-06-01 05:00:00+00:00,ccTLD/geographic TLD,uk,.uk,ccTLD,Europe,28747,84721,2079677,0.013823,1.3823
2026-06-01 06:00:00+00:00,ccTLD/geographic TLD,uk,.uk,ccTLD,Europe,28523,79806,2137363,0.013345,1.3345
2026-06-01 07:00:00+00:00,ccTLD/geographic TLD,uk,.uk,ccTLD,Europe,29480,82488,2165659,0.013612,1.3612
2026-06-01 08:00:00+00:00,ccTLD/geographic TLD,uk,.uk,ccTLD,Europe,30334,86637,2174019,0.013953,1.3953
2026-06-01 09:00:00+00:00,ccTLD/geographic TLD,uk,.uk,ccTLD,Europe,31326,96825,2187339,0.014322,1.4322
2026-06-01 10:00:00+00:00,ccTLD/geographic TLD,uk,.uk,ccTLD,Europe,30340,91381,2141495,0.014168,1.4168
2026-06-01 11:00:00+00:00,ccTLD/geographic TLD,uk,.uk,ccTLD,Europe,32031,98455,2152631,0.01488,1.488
2026-06-01 12:00:00+00:00,ccTLD/geographic TLD,uk,.uk,ccTLD,Europe,30936,90156,2081322,0.014864,1.4864
2026-06-01 13:00:00+00:00,ccTLD/geographic TLD,uk,.uk,ccTLD,Europe,31613,87260,2011862,0.015713,1.5713
2026-06-01 14:00:00+00:00,ccTLD/geographic TLD,uk,.uk,ccTLD,Europe,29372,85671,2082264,0.014106,1.4106
2026-06-01 15:00:00+00:00,ccTLD/geographic TLD,uk,.uk,ccTLD,Europe,29796,87326,2044469,0.014574,1.4574
2026-06-01 16:00:00+00:00,ccTLD/geographic TLD,uk,.uk,ccTLD,Europe,28942,86107,2084375,0.013885,1.3885
2026-06-01 17:00:00+00:00,ccTLD/geographic TLD,uk,.uk,ccTLD,Europe,28767,88582,2094102,0.013737,1.3737
2026-06-01 18:00:00+00:00,ccTLD/geographic TLD,uk,.uk,ccTLD,Europe,27574,77183,2041265,0.013508,1.3508
2026-06-01 19:00:00+00:00,ccTLD/geographic TLD,uk,.uk,ccTLD,Europe,28768,81265,2089976,0.013765,1.3765
2026-06-01 20:00:00+00:00,ccTLD/geographic TLD,uk,.uk,ccTLD,Europe,28414,81645,2032954,0.013977,1.3977
2026-06-01 21:00:00+00:00,ccTLD/geographic TLD,uk,.uk,ccTLD,Europe,28316,82110,2097478,0.0135,1.35
2026-06-01 22:00:00+00:00,ccTLD/geographic TLD,uk,.uk,ccTLD,Europe,28285,82861,2094668,0.013503,1.3503
2026-06-01 23:00:00+00:00,ccTLD/geographic TLD,uk,.uk,ccTLD,Europe,28632,84902,2015548,0.014206,1.4206
2026-06-02 00:00:00+00:00,ccTLD/geographic TLD,uk,.uk,ccTLD,Europe,27279,88206,2087394,0.013068,1.3068
2026-06-02 01:00:00+00:00,ccTLD/geographic TLD,uk,.uk,ccTLD,Europe,28462,88852,2196865,0.012956,1.2956
2026-06-02 02:00:00+00:00,ccTLD/geographic TLD,uk,.uk,ccTLD,Europe,28570,89873,2173823,0.013143,1.3143
2026-06-02 03:00:00+00:00,ccTLD/geographic TLD,uk,.uk,ccTLD,Europe,29808,91225,2216079,0.013451,1.3451
2026-06-02 04:00:00+00:00,ccTLD/geographic TLD,uk,.uk,ccTLD,Europe,31155,96493,2296685,0.013565,1.3565
2026-06-02 05:00:00+00:00,ccTLD/geographic TLD,uk,.uk,ccTLD,Europe,32479,98791,2273161,0.014288,1.4288
2026-06-02 06:00:00+00:00,ccTLD/geographic TLD,uk,.uk,ccTLD,Europe,30105,84593,2148978,0.014009,1.4009
2026-06-02 07:00:00+00:00,ccTLD/geographic TLD,uk,.uk,ccTLD,Europe,30049,87911,2088732,0.014386,1.4386
2026-06-02 08:00:00+00:00,ccTLD/geographic TLD,uk,.uk,ccTLD,Europe,31048,100832,2148962,0.014448,1.4448
2026-06-02 09:00:00+00:00,ccTLD/geographic TLD,uk,.uk,ccTLD,Europe,33702,106931,2290072,0.014717,1.4717
2026-06-02 10:00:00+00:00,ccTLD/geographic TLD,uk,.uk,ccTLD,Europe,31471,98200,2153192,0.014616,1.4616
2026-06-02 11:00:00+00:00,ccTLD/geographic TLD,uk,.uk,ccTLD,Europe,32089,99517,2124459,0.015105,1.5105
2026-06-02 12:00:00+00:00,ccTLD/geographic TLD,uk,.uk,ccTLD,Europe,28633,92681,2023353,0.014151,1.4151
2026-06-02 13:00:00+00:00,ccTLD/geographic TLD,uk,.uk,ccTLD,Europe,28046,90527,2060524,0.013611,1.3611
2026-06-02 14:00:00+00:00,ccTLD/geographic TLD,uk,.uk,ccTLD,Europe,28411,92068,2061331,0.013783,1.3783
2026-06-02 15:00:00+00:00,ccTLD/geographic TLD,uk,.uk,ccTLD,Europe,28364,92073,2086290,0.013595,1.3595
2026-06-02 16:00:00+00:00,ccTLD/geographic TLD,uk,.uk,ccTLD,Europe,31054,116336,2202717,0.014098,1.4098
2026-06-02 17:00:00+00:00,ccTLD/geographic TLD,uk,.uk,ccTLD,Europe,34868,142483,2424665,0.014381,1.4381
2026-06-02 18:00:00+00:00,ccTLD/geographic TLD,uk,.uk,ccTLD,Europe,32115,132103,2298686,0.013971,1.3971
2026-06-02 19:00:00+00:00,ccTLD/geographic TLD,uk,.uk,ccTLD,Europe,30462,117730,2132312,0.014286,1.4286
2026-06-02 20:00:00+00:00,ccTLD/geographic TLD,uk,.uk,ccTLD,Europe,30853,115770,2161165,0.014276,1.4276
2026-06-02 21:00:00+00:00,ccTLD/geographic TLD,uk,.uk,ccTLD,Europe,30343,109984,2160020,0.014048,1.4048
2026-06-02 22:00:00+00:00,ccTLD/geographic TLD,uk,.uk,ccTLD,Europe,29423,101594,2113116,0.013924,1.3924
2026-06-02 23:00:00+00:00,ccTLD/geographic TLD,uk,.uk,ccTLD,Europe,28566,101433,2020824,0.014136,1.4136
2026-06-03 00:00:00+00:00,ccTLD/geographic TLD,uk,.uk,ccTLD,Europe,29581,109230,2246419,0.013168,1.3168
2026-06-03 01:00:00+00:00,ccTLD/geographic TLD,uk,.uk,ccTLD,Europe,30587,110587,2309096,0.013246,1.3246
2026-06-03 02:00:00+00:00,ccTLD/geographic TLD,uk,.uk,ccTLD,Europe,29955,105982,2250452,0.013311,1.3311
2026-06-03 03:00:00+00:00,ccTLD/geographic TLD,uk,.uk,ccTLD,Europe,31491,110589,2356140,0.013366,1.3366
2026-06-03 04:00:00+00:00,ccTLD/geographic TLD,uk,.uk,ccTLD,Europe,33346,114042,2369542,0.014073,1.4073
2026-06-03 05:00:00+00:00,ccTLD/geographic TLD,uk,.uk,ccTLD,Europe,30908,105377,2217957,0.013935,1.3935
2026-06-03 06:00:00+00:00,ccTLD/geographic TLD,uk,.uk,ccTLD,Europe,27746,84623,2054870,0.013503,1.3503
2026-06-03 07:00:00+00:00,ccTLD/geographic TLD,uk,.uk,ccTLD,Europe,31832,101868,2027905,0.015697,1.5697
2026-06-03 08:00:00+00:00,ccTLD/geographic TLD,uk,.uk,ccTLD,Europe,30038,91586,2049202,0.014658,1.4658
2026-06-03 09:00:00+00:00,ccTLD/geographic TLD,uk,.uk,ccTLD,Europe,31377,93481,2009267,0.015616,1.5616
2026-06-03 10:00:00+00:00,ccTLD/geographic TLD,uk,.uk,ccTLD,Europe,28699,85303,1965246,0.014603,1.4603
2026-06-03 11:00:00+00:00,ccTLD/geographic TLD,uk,.uk,ccTLD,Europe,33887,117039,2318995,0.014613,1.4613
2026-06-03 12:00:00+00:00,ccTLD/geographic TLD,uk,.uk,ccTLD,Europe,31627,107439,2201845,0.014364,1.4364
2026-06-03 13:00:00+00:00,ccTLD/geographic TLD,uk,.uk,ccTLD,Europe,32995,110695,2144200,0.015388,1.5388
2026-06-03 14:00:00+00:00,ccTLD/geographic TLD,uk,.uk,ccTLD,Europe,33312,118429,2128313,0.015652,1.5652
2026-06-03 15:00:00+00:00,ccTLD/geographic TLD,uk,.uk,ccTLD,Europe,30443,103036,2086575,0.01459,1.459
2026-06-03 16:00:00+00:00,ccTLD/geographic TLD,uk,.uk,ccTLD,Europe,30804,99110,2161287,0.014253,1.4253
2026-06-03 17:00:00+00:00,ccTLD/geographic TLD,uk,.uk,ccTLD,Europe,29330,98933,2106235,0.013925,1.3925
2026-06-03 18:00:00+00:00,ccTLD/geographic TLD,uk,.uk,ccTLD,Europe,29109,93758,2172410,0.013399,1.3399
2026-06-03 19:00:00+00:00,ccTLD/geographic TLD,uk,.uk,ccTLD,Europe,30822,102782,2151258,0.014327,1.4327
2026-06-03 20:00:00+00:00,ccTLD/geographic TLD,uk,.uk,ccTLD,Europe,27679,88065,2141054,0.012928,1.2928
2026-06-03 21:00:00+00:00,ccTLD/geographic TLD,uk,.uk,ccTLD,Europe,26645,82408,2137322,0.012467,1.2467
2026-06-03 22:00:00+00:00,ccTLD/geographic TLD,uk,.uk,ccTLD,Europe,27412,83349,2151290,0.012742,1.2742
2026-06-03 23:00:00+00:00,ccTLD/geographic TLD,uk,.uk,ccTLD,Europe,31000,97698,2163645,0.014328,1.4328
2026-06-04 00:00:00+00:00,ccTLD/geographic TLD,uk,.uk,ccTLD,Europe,30023,105365,2424116,0.012385,1.2385
2026-06-04 01:00:00+00:00,ccTLD/geographic TLD,uk,.uk,ccTLD,Europe,29404,98002,2417692,0.012162,1.2162
2026-06-04 02:00:00+00:00,ccTLD/geographic TLD,uk,.uk,ccTLD,Europe,29580,101545,2412098,0.012263,1.2263
2026-06-04 03:00:00+00:00,ccTLD/geographic TLD,uk,.uk,ccTLD,Europe,29877,97418,2404032,0.012428,1.2428
2026-06-04 04:00:00+00:00,ccTLD/geographic TLD,uk,.uk,ccTLD,Europe,29014,92024,2371524,0.012234,1.2234
2026-06-04 05:00:00+00:00,ccTLD/geographic TLD,uk,.uk,ccTLD,Europe,29943,96871,2320689,0.012903,1.2903
2026-06-04 06:00:00+00:00,ccTLD/geographic TLD,uk,.uk,ccTLD,Europe,29570,93280,2287783,0.012925,1.2925
2026-06-04 07:00:00+00:00,ccTLD/geographic TLD,uk,.uk,ccTLD,Europe,32270,109812,2347648,0.013746,1.3746
2026-06-04 08:00:00+00:00,ccTLD/geographic TLD,uk,.uk,ccTLD,Europe,30637,106262,2340562,0.01309,1.309
2026-06-04 09:00:00+00:00,ccTLD/geographic TLD,uk,.uk,ccTLD,Europe,31705,124722,2340969,0.013544,1.3544
2026-06-04 10:00:00+00:00,ccTLD/geographic TLD,uk,.uk,ccTLD,Europe,33017,119502,2300655,0.014351,1.4351
2026-06-04 11:00:00+00:00,ccTLD/geographic TLD,uk,.uk,ccTLD,Europe,35371,120682,2205874,0.016035,1.6035
2026-06-04 12:00:00+00:00,ccTLD/geographic TLD,uk,.uk,ccTLD,Europe,32582,106811,2375528,0.013716,1.3716
2026-06-04 13:00:00+00:00,ccTLD/geographic TLD,uk,.uk,ccTLD,Europe,29870,98429,2248654,0.013284,1.3284
2026-06-04 14:00:00+00:00,ccTLD/geographic TLD,uk,.uk,ccTLD,Europe,28890,97342,2118548,0.013637,1.3637
2026-06-04 15:00:00+00:00,ccTLD/geographic TLD,uk,.uk,ccTLD,Europe,31511,101744,2271272,0.013874,1.3874
2026-06-04 16:00:00+00:00,ccTLD/geographic TLD,uk,.uk,ccTLD,Europe,29015,101785,2161557,0.013423,1.3423
2026-06-04 17:00:00+00:00,ccTLD/geographic TLD,uk,.uk,ccTLD,Europe,28522,100895,2141359,0.01332,1.332
2026-06-04 18:00:00+00:00,ccTLD/geographic TLD,uk,.uk,ccTLD,Europe,28258,90807,2178286,0.012973,1.2973
2026-06-04 19:00:00+00:00,ccTLD/geographic TLD,uk,.uk,ccTLD,Europe,30035,97881,2182910,0.013759,1.3759
2026-06-04 20:00:00+00:00,ccTLD/geographic TLD,uk,.uk,ccTLD,Europe,28590,89245,2133405,0.013401,1.3401
2026-06-04 21:00:00+00:00,ccTLD/geographic TLD,uk,.uk,ccTLD,Europe,28854,89300,2164108,0.013333,1.3333
2026-06-04 22:00:00+00:00,ccTLD/geographic TLD,uk,.uk,ccTLD,Europe,29126,90993,2124355,0.013711,1.3711
2026-06-04 23:00:00+00:00,ccTLD/geographic TLD,uk,.uk,ccTLD,Europe,30465,92317,2131995,0.014289,1.4289
2026-06-05 00:00:00+00:00,ccTLD/geographic TLD,uk,.uk,ccTLD,Europe,31715,95815,2339726,0.013555,1.3555
2026-06-05 01:00:00+00:00,ccTLD/geographic TLD,uk,.uk,ccTLD,Europe,29401,90041,2311351,0.01272,1.272
2026-06-05 02:00:00+00:00,ccTLD/geographic TLD,uk,.uk,ccTLD,Europe,28051,86781,2319839,0.012092,1.2092
2026-06-05 03:00:00+00:00,ccTLD/geographic TLD,uk,.uk,ccTLD,Europe,29866,88871,2494168,0.011974,1.1974
2026-06-05 04:00:00+00:00,ccTLD/geographic TLD,uk,.uk,ccTLD,Europe,31027,87625,2544102,0.012196,1.2196
2026-06-05 05:00:00+00:00,ccTLD/geographic TLD,uk,.uk,ccTLD,Europe,32230,96789,2480128,0.012995,1.2995
2026-06-05 06:00:00+00:00,ccTLD/geographic TLD,uk,.uk,ccTLD,Europe,29686,91519,2374806,0.0125,1.25
2026-06-05 07:00:00+00:00,ccTLD/geographic TLD,uk,.uk,ccTLD,Europe,31102,92116,2442603,0.012733,1.2733
2026-06-05 08:00:00+00:00,ccTLD/geographic TLD,uk,.uk,ccTLD,Europe,34749,106740,2479097,0.014017,1.4017
2026-06-05 09:00:00+00:00,ccTLD/geographic TLD,uk,.uk,ccTLD,Europe,34767,107989,2353082,0.014775,1.4775
2026-06-05 10:00:00+00:00,ccTLD/geographic TLD,uk,.uk,ccTLD,Europe,32507,98232,2208803,0.014717,1.4717
2026-06-05 11:00:00+00:00,ccTLD/geographic TLD,uk,.uk,ccTLD,Europe,34441,105150,2420888,0.014227,1.4227
2026-06-05 12:00:00+00:00,ccTLD/geographic TLD,uk,.uk,ccTLD,Europe,31052,97624,2252768,0.013784,1.3784
2026-06-05 13:00:00+00:00,ccTLD/geographic TLD,uk,.uk,ccTLD,Europe,30557,95051,2265254,0.013489,1.3489
2026-06-05 14:00:00+00:00,ccTLD/geographic TLD,uk,.uk,ccTLD,Europe,28403,96584,2067445,0.013738,1.3738
2026-06-05 15:00:00+00:00,ccTLD/geographic TLD,uk,.uk,ccTLD,Europe,28877,95888,2091141,0.013809,1.3809
2026-06-05 16:00:00+00:00,ccTLD/geographic TLD,uk,.uk,ccTLD,Europe,29889,97525,2197787,0.0136,1.36
2026-06-05 17:00:00+00:00,ccTLD/geographic TLD,uk,.uk,ccTLD,Europe,31612,107364,2102137,0.015038,1.5038
2026-06-05 18:00:00+00:00,ccTLD/geographic TLD,uk,.uk,ccTLD,Europe,28886,92772,2149997,0.013435,1.3435
2026-06-05 19:00:00+00:00,ccTLD/geographic TLD,uk,.uk,ccTLD,Europe,29839,98884,2138840,0.013951,1.3951
2026-06-05 20:00:00+00:00,ccTLD/geographic TLD,uk,.uk,ccTLD,Europe,30403,99979,2155639,0.014104,1.4104
2026-06-05 21:00:00+00:00,ccTLD/geographic TLD,uk,.uk,ccTLD,Europe,28802,97324,2073218,0.013892,1.3892
